key	SLR_power	ENRICH2_power	LIMMA_power	EDGER_power	ROSACE_power	SLR_fdr	ENRICH2_fdr	LIMMA_fdr	EDGER_fdr	ROSACE_fdr	fdr
test1	0	0.5	0.5	0.5	0.7	0	0.15581854043392504	0.0038535645472061657	0.0019267822736030828	0.005791505791505791	0.001
test1	0	0.5	0.5	0.5	0.7	0	0.16568047337278108	0.0038535645472061657	0.0019267822736030828	0.007722007722007722	0.002
test1	0	0.6	0.5	0.5	0.7	0	0.1755424063116371	0.011560693641618497	0.0019267822736030828	0.009652509652509652	0.003
test1	0	0.6	0.5	0.5	0.7	0	0.1854043392504931	0.011560693641618497	0.0019267822736030828	0.009652509652509652	0.004
test1	0	0.6	0.5	0.5	0.7	0	0.1893491124260355	0.01348747591522158	0.0019267822736030828	0.013513513513513514	0.005
test1	0	0.6	0.5	0.5	0.7	0	0.1913214990138067	0.01348747591522158	0.0038535645472061657	0.015444015444015444	0.006
test1	0	0.6	0.5	0.5	0.7	0	0.1932938856015779	0.017341040462427744	0.007707129094412331	0.015444015444015444	0.007
test1	0	0.6	0.5	0.5	0.7	0	0.1952662721893491	0.02119460500963391	0.007707129094412331	0.017374517374517374	0.008
test1	0	0.6	0.5	0.6	0.7	0	0.20512820512820512	0.025048169556840076	0.007707129094412331	0.019305019305019305	0.009000000000000001
test1	0	0.6	0.5	0.6	0.7	0	0.21104536489151873	0.025048169556840076	0.009633911368015413	0.019305019305019305	0.010000000000000002
test1	0	0.6	0.5	0.6	0.7	0	0.21499013806706113	0.025048169556840076	0.009633911368015413	0.019305019305019305	0.011
test1	0	0.6	0.5	0.6	0.8	0	0.21696252465483234	0.028901734104046242	0.011560693641618497	0.019305019305019305	0.012
test1	0	0.6	0.7	0.6	0.8	0	0.21893491124260356	0.030828516377649325	0.01348747591522158	0.021235521235521235	0.013000000000000001
test1	0	0.6	0.7	0.6	0.8	0	0.21893491124260356	0.03275529865125241	0.015414258188824663	0.023166023166023165	0.014000000000000002
test1	0	0.6	0.7	0.6	0.8	0	0.22682445759368836	0.03468208092485549	0.017341040462427744	0.025096525096525095	0.015
test1	0	0.6	0.7	0.6	0.8	0	0.22879684418145957	0.03468208092485549	0.017341040462427744	0.02895752895752896	0.016
test1	0	0.6	0.7	0.6	0.8	0	0.23076923076923078	0.03468208092485549	0.02119460500963391	0.03088803088803089	0.017
test1	0	0.6	0.7	0.6	0.8	0	0.23274161735700197	0.038535645472061654	0.02119460500963391	0.03088803088803089	0.018000000000000002
test1	0	0.6	0.7	0.6	0.8	0	0.23668639053254437	0.038535645472061654	0.025048169556840076	0.032818532818532815	0.019000000000000003
test1	0	0.6	0.7	0.6	0.8	0	0.24260355029585798	0.038535645472061654	0.025048169556840076	0.032818532818532815	0.02
test1	0	0.6	0.7	0.6	0.8	0	0.24260355029585798	0.038535645472061654	0.028901734104046242	0.03667953667953668	0.021
test1	0	0.6	0.7	0.6	0.8	0	0.2445759368836292	0.04238921001926782	0.028901734104046242	0.04054054054054054	0.022000000000000002
test1	0	0.6	0.7	0.6	0.8	0	0.2465483234714004	0.04238921001926782	0.030828516377649325	0.04054054054054054	0.023
test1	0	0.6	0.7	0.6	0.8	0	0.2485207100591716	0.04431599229287091	0.03275529865125241	0.0444015444015444	0.024
test1	0	0.6	0.7	0.6	0.8	0	0.2504930966469428	0.046242774566473986	0.03275529865125241	0.0444015444015444	0.025
test1	0	0.6	0.7	0.6	0.8	0	0.2504930966469428	0.046242774566473986	0.036608863198458574	0.04826254826254826	0.026000000000000002
test1	0	0.6	0.7	0.6	0.8	0	0.2504930966469428	0.04816955684007707	0.038535645472061654	0.052123552123552123	0.027000000000000003
test1	0	0.6	0.7	0.6	0.8	0	0.2504930966469428	0.04816955684007707	0.04046242774566474	0.05405405405405406	0.028
test1	0	0.6	0.8	0.6	0.8	0	0.25443786982248523	0.05009633911368015	0.04046242774566474	0.05791505791505792	0.029
test1	0	0.6	0.8	0.6	0.8	0	0.2583826429980276	0.05009633911368015	0.04046242774566474	0.059845559845559844	0.030000000000000002
test1	0	0.6	0.8	0.6	0.8	0	0.2583826429980276	0.05009633911368015	0.04046242774566474	0.059845559845559844	0.031
test1	0	0.6	0.8	0.6	0.8	0	0.2583826429980276	0.05202312138728324	0.04238921001926782	0.06177606177606178	0.032
test1	0	0.6	0.8	0.6	0.8	0	0.2583826429980276	0.05202312138728324	0.04431599229287091	0.06177606177606178	0.033
test1	0	0.6	0.8	0.6	0.8	0	0.2603550295857988	0.05394990366088632	0.04431599229287091	0.06563706563706563	0.034
test1	0	0.6	0.8	0.6	0.8	0	0.2603550295857988	0.057803468208092484	0.046242774566473986	0.06563706563706563	0.035
test1	0	0.6	0.8	0.6	0.8	0	0.2603550295857988	0.057803468208092484	0.04816955684007707	0.06563706563706563	0.036000000000000004
test1	0	0.6	0.8	0.6	0.8	0	0.2603550295857988	0.05973025048169557	0.04816955684007707	0.06563706563706563	0.037000000000000005
test1	0	0.6	0.8	0.6	0.8	0	0.26232741617357	0.05973025048169557	0.04816955684007707	0.06756756756756757	0.038
test1	0	0.6	0.8	0.6	0.8	0	0.26232741617357	0.06165703275529865	0.05394990366088632	0.0694980694980695	0.039
test1	0	0.6	0.8	0.6	0.8	0	0.26429980276134124	0.06165703275529865	0.05394990366088632	0.0694980694980695	0.04
test1	0	0.6	0.8	0.6	0.8	0	0.26627218934911245	0.0674373795761079	0.05394990366088632	0.07142857142857142	0.041
test1	0	0.6	0.8	0.6	0.8	0	0.2682445759368836	0.06936416184971098	0.05394990366088632	0.07335907335907337	0.042
test1	0	0.6	0.8	0.6	0.8	0	0.2682445759368836	0.06936416184971098	0.05394990366088632	0.07335907335907337	0.043000000000000003
test1	0	0.6	0.8	0.6	0.8	0	0.2702169625246548	0.06936416184971098	0.05394990366088632	0.07335907335907337	0.044000000000000004
test1	0	0.7	0.8	0.6	0.8	0	0.27218934911242604	0.06936416184971098	0.05394990366088632	0.07335907335907337	0.045
test1	0	0.7	0.8	0.7	0.8	0	0.27218934911242604	0.07129094412331406	0.05394990366088632	0.07528957528957529	0.046
test1	0	0.7	0.9	0.7	0.8	0	0.2781065088757396	0.07129094412331406	0.057803468208092484	0.07722007722007722	0.047
test1	0	0.7	0.9	0.7	0.8	0	0.2781065088757396	0.07129094412331406	0.05973025048169557	0.08108108108108109	0.048
test1	0	0.8	0.9	0.7	0.8	0	0.2781065088757396	0.07129094412331406	0.06551059730250482	0.08301158301158301	0.049
test1	0	0.8	0.9	0.7	0.8	0	0.2781065088757396	0.07321772639691715	0.06551059730250482	0.08301158301158301	0.05
test1	0	0.8	0.9	0.7	0.8	0	0.2781065088757396	0.07514450867052024	0.06936416184971098	0.08301158301158301	0.051000000000000004
test1	0	0.8	0.9	0.7	0.8	0	0.2781065088757396	0.07514450867052024	0.07129094412331406	0.08687258687258688	0.052000000000000005
test1	0	0.8	0.9	0.7	0.8	0	0.2781065088757396	0.07514450867052024	0.07129094412331406	0.08687258687258688	0.053000000000000005
test1	0	0.8	0.9	0.7	0.8	0	0.28205128205128205	0.07514450867052024	0.07129094412331406	0.08687258687258688	0.054
test1	0	0.8	0.9	0.7	0.8	0	0.2879684418145957	0.07514450867052024	0.07129094412331406	0.0888030888030888	0.055
test1	0	0.8	0.9	0.7	0.8	0	0.2879684418145957	0.07514450867052024	0.07129094412331406	0.0888030888030888	0.056
test1	0	0.9	0.9	0.8	0.8	0	0.28994082840236685	0.07514450867052024	0.07129094412331406	0.0888030888030888	0.057
test1	0	0.9	0.9	0.8	0.8	0	0.28994082840236685	0.07514450867052024	0.07707129094412331	0.09073359073359073	0.058
test1	0	0.9	0.9	0.8	0.8	0	0.28994082840236685	0.07514450867052024	0.07707129094412331	0.09266409266409266	0.059000000000000004
test1	0	0.9	0.9	0.8	0.8	0	0.28994082840236685	0.07514450867052024	0.08092485549132948	0.09652509652509653	0.060000000000000005
test1	0	0.9	0.9	0.8	0.8	0	0.28994082840236685	0.0789980732177264	0.08092485549132948	0.09845559845559845	0.061
test1	0	0.9	0.9	0.8	0.8	0	0.2938856015779093	0.08285163776493257	0.08092485549132948	0.10038610038610038	0.062
test1	0	0.9	0.9	0.8	0.8	0	0.2958579881656805	0.08285163776493257	0.08092485549132948	0.10231660231660232	0.063
test1	0	0.9	0.9	0.8	0.8	0	0.2978303747534517	0.0905587668593449	0.08092485549132948	0.10617760617760617	0.064
test1	0	0.9	0.9	0.8	0.8	0	0.2978303747534517	0.09441233140655106	0.08092485549132948	0.10810810810810811	0.065
test1	0	0.9	0.9	0.8	0.8	0	0.29980276134122286	0.09633911368015415	0.08092485549132948	0.10810810810810811	0.066
test1	0	0.9	0.9	0.8	0.8	0	0.3037475345167653	0.09633911368015415	0.08092485549132948	0.1138996138996139	0.067
test1	0	0.9	0.9	0.8	0.8	0	0.3037475345167653	0.09826589595375723	0.08670520231213873	0.11583011583011583	0.068
test1	0	0.9	0.9	0.8	0.9	0	0.3037475345167653	0.09826589595375723	0.08670520231213873	0.11776061776061776	0.069
test1	0	0.9	0.9	0.8	0.9	0	0.3057199211045365	0.1001926782273603	0.08863198458574181	0.12355212355212356	0.07
test1	0	0.9	0.9	0.8	0.9	0	0.3057199211045365	0.10211946050096339	0.08863198458574181	0.12355212355212356	0.07100000000000001
test1	0	0.9	0.9	0.8	0.9	0	0.3076923076923077	0.10211946050096339	0.0905587668593449	0.12548262548262548	0.07200000000000001
test1	0	0.9	0.9	0.8	0.9	0	0.3076923076923077	0.10211946050096339	0.09248554913294797	0.1274131274131274	0.07300000000000001
test1	0	0.9	0.9	0.8	0.9	0	0.3076923076923077	0.10404624277456648	0.09441233140655106	0.1274131274131274	0.074
test1	0	0.9	0.9	0.8	0.9	0	0.3116370808678501	0.10404624277456648	0.09633911368015415	0.13127413127413126	0.075
test1	0	0.9	0.9	0.9	0.9	0	0.3136094674556213	0.10789980732177264	0.09633911368015415	0.13320463320463322	0.076
test1	0	0.9	0.9	0.9	0.9	0	0.3136094674556213	0.10789980732177264	0.09633911368015415	0.13706563706563707	0.077
test1	0	0.9	0.9	0.9	0.9	0	0.3155818540433925	0.10982658959537572	0.09633911368015415	0.138996138996139	0.078
test1	0	0.9	0.9	0.9	0.9	0	0.3155818540433925	0.11368015414258188	0.09826589595375723	0.14478764478764478	0.079
test1	0	0.9	0.9	0.9	0.9	0.0019305019305019305	0.3175542406311637	0.11368015414258188	0.10211946050096339	0.14864864864864866	0.08
test1	0	0.9	0.9	0.9	0.9	0.0019305019305019305	0.3175542406311637	0.11368015414258188	0.10404624277456648	0.14864864864864866	0.081
test1	0	0.9	0.9	0.9	0.9	0.0019305019305019305	0.31952662721893493	0.11368015414258188	0.10597302504816955	0.14864864864864866	0.082
test1	0	0.9	0.9	0.9	0.9	0.0019305019305019305	0.3214990138067061	0.11560693641618497	0.10789980732177264	0.14864864864864866	0.083
test1	0	0.9	0.9	0.9	0.9	0.0019305019305019305	0.3214990138067061	0.11753371868978806	0.10789980732177264	0.14864864864864866	0.084
test1	0	0.9	0.9	0.9	0.9	0.0019305019305019305	0.3234714003944773	0.11946050096339114	0.10789980732177264	0.15057915057915058	0.085
test1	0	0.9	0.9	0.9	0.9	0.0019305019305019305	0.3254437869822485	0.12138728323699421	0.11175337186897881	0.1525096525096525	0.08600000000000001
test1	0	0.9	0.9	0.9	0.9	0.003861003861003861	0.32938856015779094	0.12138728323699421	0.11175337186897881	0.1525096525096525	0.08700000000000001
test1	0	0.9	0.9	0.9	0.9	0.003861003861003861	0.32938856015779094	0.1233140655105973	0.11368015414258188	0.15444015444015444	0.08800000000000001
test1	0	0.9	0.9	0.9	0.9	0.003861003861003861	0.33136094674556216	0.1233140655105973	0.11560693641618497	0.15444015444015444	0.089
test1	0	0.9	0.9	0.9	0.9	0.005791505791505791	0.3333333333333333	0.1252408477842004	0.11560693641618497	0.15444015444015444	0.09
test1	0	0.9	0.9	0.9	0.9	0.005791505791505791	0.3333333333333333	0.1252408477842004	0.12138728323699421	0.15444015444015444	0.091
test1	0	0.9	0.9	0.9	0.9	0.009652509652509652	0.3333333333333333	0.1252408477842004	0.1233140655105973	0.15444015444015444	0.092
test1	0	0.9	0.9	0.9	0.9	0.009652509652509652	0.33530571992110453	0.12716763005780346	0.1252408477842004	0.15637065637065636	0.093
test1	0.1	0.9	0.9	0.9	0.9	0.009652509652509652	0.33530571992110453	0.12909441233140656	0.12716763005780346	0.15637065637065636	0.094
test1	0.2	0.9	0.9	0.9	0.9	0.011583011583011582	0.33530571992110453	0.12909441233140656	0.12716763005780346	0.1583011583011583	0.095
test1	0.2	0.9	0.9	0.9	0.9	0.015444015444015444	0.33727810650887574	0.12909441233140656	0.12909441233140656	0.16023166023166024	0.096
test1	0.2	0.9	0.9	0.9	0.9	0.015444015444015444	0.33925049309664695	0.13102119460500963	0.12909441233140656	0.16216216216216217	0.097
test1	0.2	0.9	0.9	0.9	0.9	0.015444015444015444	0.33925049309664695	0.1348747591522158	0.13102119460500963	0.16216216216216217	0.098
test1	0.2	0.9	0.9	0.9	0.9	0.015444015444015444	0.34122287968441817	0.13680154142581888	0.13102119460500963	0.16216216216216217	0.099
test1	0.2	0.9	0.9	0.9	0.9	0.015444015444015444	0.34122287968441817	0.13680154142581888	0.13102119460500963	0.1640926640926641	0.1
test2	0	0.9	0.6	0.5	0.6	0	0.15009746588693956	0.005780346820809248	0	0	0.001
test2	0	0.9	0.6	0.5	0.6	0	0.1539961013645224	0.007707129094412331	0.0038535645472061657	0.0019267822736030828	0.002
test2	0	0.9	0.6	0.6	0.6	0	0.16374269005847952	0.009633911368015413	0.005780346820809248	0.005780346820809248	0.003
test2	0	0.9	0.6	0.6	0.6	0	0.16569200779727095	0.011560693641618497	0.005780346820809248	0.005780346820809248	0.004
test2	0	0.9	0.6	0.6	0.6	0	0.17153996101364521	0.01348747591522158	0.007707129094412331	0.007707129094412331	0.005
test2	0	0.9	0.6	0.6	0.6	0	0.17543859649122806	0.015414258188824663	0.007707129094412331	0.007707129094412331	0.006
test2	0	0.9	0.6	0.6	0.6	0	0.17738791423001948	0.017341040462427744	0.009633911368015413	0.009633911368015413	0.007
test2	0	0.9	0.6	0.6	0.6	0	0.1793372319688109	0.019267822736030827	0.011560693641618497	0.01348747591522158	0.008
test2	0	0.9	0.6	0.6	0.6	0	0.1871345029239766	0.02119460500963391	0.011560693641618497	0.017341040462427744	0.009000000000000001
test2	0	0.9	0.6	0.6	0.6	0	0.18908382066276802	0.023121387283236993	0.01348747591522158	0.017341040462427744	0.010000000000000002
test2	0	0.9	0.6	0.6	0.6	0	0.1949317738791423	0.025048169556840076	0.01348747591522158	0.017341040462427744	0.011
test2	0	0.9	0.6	0.6	0.6	0	0.19883040935672514	0.025048169556840076	0.01348747591522158	0.017341040462427744	0.012
test2	0	0.9	0.6	0.6	0.7	0	0.19883040935672514	0.025048169556840076	0.015414258188824663	0.02119460500963391	0.013000000000000001
test2	0	0.9	0.6	0.6	0.7	0	0.20077972709551656	0.028901734104046242	0.017341040462427744	0.02119460500963391	0.014000000000000002
test2	0	0.9	0.6	0.6	0.7	0	0.20272904483430798	0.030828516377649325	0.017341040462427744	0.02119460500963391	0.015
test2	0	0.9	0.6	0.6	0.7	0	0.2046783625730994	0.030828516377649325	0.017341040462427744	0.023121387283236993	0.016
test2	0	0.9	0.6	0.6	0.8	0	0.20662768031189083	0.03275529865125241	0.017341040462427744	0.023121387283236993	0.017
test2	0	0.9	0.6	0.6	0.8	0	0.2124756335282651	0.03275529865125241	0.017341040462427744	0.023121387283236993	0.018000000000000002
test2	0	0.9	0.6	0.6	0.8	0	0.21637426900584794	0.03275529865125241	0.017341040462427744	0.025048169556840076	0.019000000000000003
test2	0	0.9	0.6	0.6	0.8	0	0.21637426900584794	0.03275529865125241	0.017341040462427744	0.02697495183044316	0.02
test2	0	0.9	0.6	0.6	0.8	0	0.21637426900584794	0.03275529865125241	0.017341040462427744	0.02697495183044316	0.021
test2	0	0.9	0.6	0.6	0.8	0	0.2222222222222222	0.038535645472061654	0.019267822736030827	0.028901734104046242	0.022000000000000002
test2	0	0.9	0.6	0.6	0.8	0	0.22612085769980506	0.04238921001926782	0.019267822736030827	0.028901734104046242	0.023
test2	0	0.9	0.6	0.6	0.8	0	0.23391812865497075	0.04238921001926782	0.019267822736030827	0.028901734104046242	0.024
test2	0	0.9	0.6	0.6	0.8	0	0.23391812865497075	0.04431599229287091	0.02119460500963391	0.028901734104046242	0.025
test2	0	0.9	0.6	0.6	0.8	0	0.23391812865497075	0.04816955684007707	0.023121387283236993	0.030828516377649325	0.026000000000000002
test2	0	0.9	0.6	0.6	0.8	0	0.23586744639376217	0.04816955684007707	0.02697495183044316	0.03468208092485549	0.027000000000000003
test2	0	0.9	0.6	0.6	0.8	0	0.2378167641325536	0.05009633911368015	0.02697495183044316	0.03468208092485549	0.028
test2	0	0.9	0.6	0.6	0.8	0	0.23976608187134502	0.055876685934489405	0.02697495183044316	0.03468208092485549	0.029
test2	0	0.9	0.6	0.6	0.8	0	0.23976608187134502	0.05973025048169557	0.03275529865125241	0.03468208092485549	0.030000000000000002
test2	0	0.9	0.6	0.6	0.8	0	0.23976608187134502	0.06165703275529865	0.03275529865125241	0.03468208092485549	0.031
test2	0	0.9	0.6	0.6	0.8	0	0.23976608187134502	0.06358381502890173	0.03468208092485549	0.038535645472061654	0.032
test2	0	0.9	0.6	0.6	0.8	0	0.24366471734892786	0.06358381502890173	0.03468208092485549	0.038535645472061654	0.033
test2	0	0.9	0.6	0.6	0.8	0	0.24561403508771928	0.06551059730250482	0.036608863198458574	0.04046242774566474	0.034
test2	0	0.9	0.6	0.6	0.8	0	0.25146198830409355	0.0674373795761079	0.04046242774566474	0.04238921001926782	0.035
test2	0	0.9	0.6	0.6	0.8	0	0.25146198830409355	0.06936416184971098	0.04046242774566474	0.04238921001926782	0.036000000000000004
test2	0	0.9	0.6	0.6	0.8	0	0.25146198830409355	0.06936416184971098	0.046242774566473986	0.04431599229287091	0.037000000000000005
test2	0	0.9	0.6	0.6	0.8	0	0.253411306042885	0.07129094412331406	0.046242774566473986	0.04431599229287091	0.038
test2	0	0.9	0.6	0.6	0.8	0	0.253411306042885	0.07129094412331406	0.04816955684007707	0.04816955684007707	0.039
test2	0	0.9	0.6	0.6	0.8	0	0.2553606237816764	0.07707129094412331	0.04816955684007707	0.04816955684007707	0.04
test2	0	0.9	0.6	0.6	0.8	0	0.2553606237816764	0.07707129094412331	0.05202312138728324	0.04816955684007707	0.041
test2	0	0.9	0.6	0.6	0.8	0	0.2573099415204678	0.07707129094412331	0.05202312138728324	0.04816955684007707	0.042
test2	0	0.9	0.6	0.6	0.9	0	0.2573099415204678	0.07707129094412331	0.05202312138728324	0.05009633911368015	0.043000000000000003
test2	0	0.9	0.6	0.6	0.9	0	0.26120857699805067	0.07707129094412331	0.05202312138728324	0.05009633911368015	0.044000000000000004
test2	0	0.9	0.6	0.6	0.9	0	0.26120857699805067	0.0789980732177264	0.05202312138728324	0.055876685934489405	0.045
test2	0	0.9	0.6	0.6	0.9	0	0.26120857699805067	0.0789980732177264	0.05202312138728324	0.057803468208092484	0.046
test2	0	0.9	0.6	0.6	0.9	0	0.2631578947368421	0.08092485549132948	0.055876685934489405	0.057803468208092484	0.047
test2	0	0.9	0.6	0.6	0.9	0	0.2631578947368421	0.08092485549132948	0.055876685934489405	0.05973025048169557	0.048
test2	0	0.9	0.6	0.6	0.9	0	0.2651072124756335	0.08092485549132948	0.057803468208092484	0.06165703275529865	0.049
test2	0	0.9	0.6	0.6	0.9	0	0.2651072124756335	0.08285163776493257	0.05973025048169557	0.06165703275529865	0.05
test2	0	0.9	0.6	0.6	0.9	0	0.2651072124756335	0.08285163776493257	0.06165703275529865	0.06358381502890173	0.051000000000000004
test2	0	0.9	0.6	0.6	0.9	0	0.26900584795321636	0.08285163776493257	0.06936416184971098	0.06551059730250482	0.052000000000000005
test2	0	0.9	0.6	0.6	0.9	0	0.2709551656920078	0.08285163776493257	0.06936416184971098	0.06551059730250482	0.053000000000000005
test2	0	0.9	0.6	0.6	0.9	0	0.2787524366471735	0.08285163776493257	0.07129094412331406	0.0674373795761079	0.054
test2	0	0.9	0.6	0.6	0.9	0	0.2884990253411306	0.08477842003853564	0.07321772639691715	0.0674373795761079	0.055
test2	0	0.9	0.7	0.6	0.9	0	0.2884990253411306	0.08477842003853564	0.07707129094412331	0.0674373795761079	0.056
test2	0	0.9	0.7	0.6	0.9	0	0.290448343079922	0.08863198458574181	0.07707129094412331	0.0674373795761079	0.057
test2	0	0.9	0.7	0.7	0.9	0	0.29239766081871343	0.09248554913294797	0.07707129094412331	0.06936416184971098	0.058
test2	0	0.9	0.7	0.7	0.9	0	0.29434697855750486	0.09441233140655106	0.0789980732177264	0.06936416184971098	0.059000000000000004
test2	0	0.9	0.7	0.7	0.9	0	0.2982456140350877	0.1001926782273603	0.0789980732177264	0.06936416184971098	0.060000000000000005
test2	0	0.9	0.7	0.7	0.9	0	0.3060428849902534	0.10211946050096339	0.08092485549132948	0.06936416184971098	0.061
test2	0	0.9	0.7	0.7	0.9	0	0.3060428849902534	0.10211946050096339	0.08092485549132948	0.06936416184971098	0.062
test2	0	0.9	0.7	0.7	0.9	0	0.3079922027290448	0.10597302504816955	0.08092485549132948	0.07129094412331406	0.063
test2	0	0.9	0.7	0.7	0.9	0	0.3079922027290448	0.10597302504816955	0.08092485549132948	0.07129094412331406	0.064
test2	0	0.9	0.7	0.7	0.9	0	0.3079922027290448	0.10597302504816955	0.08477842003853564	0.07321772639691715	0.065
test2	0	0.9	0.7	0.7	0.9	0	0.30994152046783624	0.10789980732177264	0.08477842003853564	0.07321772639691715	0.066
test2	0	0.9	0.7	0.7	0.9	0	0.30994152046783624	0.10789980732177264	0.08477842003853564	0.07321772639691715	0.067
test2	0	0.9	0.7	0.7	0.9	0	0.30994152046783624	0.10982658959537572	0.08670520231213873	0.07321772639691715	0.068
test2	0	0.9	0.7	0.7	0.9	0	0.30994152046783624	0.11175337186897881	0.08670520231213873	0.07321772639691715	0.069
test2	0	0.9	0.8	0.7	0.9	0	0.31189083820662766	0.11175337186897881	0.08863198458574181	0.07707129094412331	0.07
test2	0	0.9	0.8	0.7	0.9	0	0.3138401559454191	0.11175337186897881	0.08863198458574181	0.07707129094412331	0.07100000000000001
test2	0	0.9	0.8	0.7	0.9	0	0.3138401559454191	0.11175337186897881	0.09248554913294797	0.07707129094412331	0.07200000000000001
test2	0	0.9	0.8	0.7	0.9	0	0.3138401559454191	0.11560693641618497	0.09441233140655106	0.08092485549132948	0.07300000000000001
test2	0	0.9	0.8	0.7	0.9	0	0.3157894736842105	0.11560693641618497	0.09633911368015415	0.08092485549132948	0.074
test2	0	0.9	0.8	0.7	0.9	0	0.31968810916179335	0.11560693641618497	0.09826589595375723	0.08092485549132948	0.075
test2	0	0.9	0.8	0.7	0.9	0	0.31968810916179335	0.11560693641618497	0.09826589595375723	0.08092485549132948	0.076
test2	0	0.9	0.8	0.7	0.9	0	0.31968810916179335	0.11753371868978806	0.09826589595375723	0.08092485549132948	0.077
test2	0	0.9	0.8	0.7	0.9	0	0.3216374269005848	0.11946050096339114	0.09826589595375723	0.08092485549132948	0.078
test2	0	0.9	0.8	0.7	0.9	0	0.3216374269005848	0.1233140655105973	0.10211946050096339	0.08092485549132948	0.079
test2	0	0.9	0.8	0.7	0.9	0	0.3216374269005848	0.1252408477842004	0.10211946050096339	0.08092485549132948	0.08
test2	0	0.9	0.8	0.7	0.9	0	0.3216374269005848	0.1252408477842004	0.10211946050096339	0.08477842003853564	0.081
test2	0	0.9	0.8	0.7	0.9	0	0.3255360623781676	0.12716763005780346	0.10211946050096339	0.08477842003853564	0.082
test2	0	0.9	0.8	0.7	0.9	0.011560693641618497	0.3255360623781676	0.12716763005780346	0.10597302504816955	0.08670520231213873	0.083
test2	0	0.9	0.8	0.7	0.9	0.011560693641618497	0.3255360623781676	0.12909441233140656	0.10597302504816955	0.08670520231213873	0.084
test2	0	0.9	0.8	0.7	0.9	0.011560693641618497	0.32748538011695905	0.13102119460500963	0.10597302504816955	0.0905587668593449	0.085
test2	0	0.9	0.8	0.7	0.9	0.011560693641618497	0.32748538011695905	0.13102119460500963	0.10789980732177264	0.0905587668593449	0.08600000000000001
test2	0	0.9	0.8	0.7	0.9	0.011560693641618497	0.3313840155945419	0.13102119460500963	0.10789980732177264	0.0905587668593449	0.08700000000000001
test2	0	0.9	0.8	0.7	0.9	0.011560693641618497	0.3313840155945419	0.13102119460500963	0.10982658959537572	0.09248554913294797	0.08800000000000001
test2	0	0.9	0.8	0.7	0.9	0.01348747591522158	0.3313840155945419	0.13102119460500963	0.10982658959537572	0.09441233140655106	0.089
test2	0	0.9	0.8	0.7	0.9	0.01348747591522158	0.3313840155945419	0.13102119460500963	0.10982658959537572	0.09441233140655106	0.09
test2	0	0.9	0.8	0.7	0.9	0.01348747591522158	0.3313840155945419	0.1329479768786127	0.11175337186897881	0.09441233140655106	0.091
test2	0	0.9	0.8	0.7	0.9	0.017341040462427744	0.3333333333333333	0.1348747591522158	0.11368015414258188	0.09441233140655106	0.092
test2	0	0.9	0.8	0.7	0.9	0.019267822736030827	0.3333333333333333	0.1348747591522158	0.11560693641618497	0.09633911368015415	0.093
test2	0	0.9	0.8	0.7	0.9	0.019267822736030827	0.3333333333333333	0.1348747591522158	0.11753371868978806	0.09633911368015415	0.094
test2	0	0.9	0.8	0.7	0.9	0.019267822736030827	0.33528265107212474	0.1348747591522158	0.11753371868978806	0.09826589595375723	0.095
test2	0	0.9	0.8	0.7	0.9	0.019267822736030827	0.33528265107212474	0.1348747591522158	0.11946050096339114	0.1001926782273603	0.096
test2	0	0.9	0.8	0.7	0.9	0.019267822736030827	0.33528265107212474	0.1348747591522158	0.11946050096339114	0.10211946050096339	0.097
test2	0	0.9	0.8	0.7	0.9	0.019267822736030827	0.33528265107212474	0.13680154142581888	0.12138728323699421	0.10597302504816955	0.098
test2	0	0.9	0.8	0.7	0.9	0.019267822736030827	0.33723196881091616	0.13680154142581888	0.12138728323699421	0.10789980732177264	0.099
test2	0	0.9	0.8	0.7	0.9	0.019267822736030827	0.33723196881091616	0.13680154142581888	0.12138728323699421	0.10789980732177264	0.1
test3	0	0.6	0.4	0.3	0.6	0	0.21912350597609562	0	0	0.003898635477582846	0.001
test3	0	0.7	0.4	0.4	0.6	0	0.22310756972111553	0	0	0.003898635477582846	0.002
test3	0	0.7	0.4	0.4	0.6	0	0.22709163346613545	0	0	0.003898635477582846	0.003
test3	0	0.7	0.4	0.4	0.6	0	0.23107569721115537	0	0.0019267822736030828	0.003898635477582846	0.004
test3	0	0.7	0.4	0.4	0.6	0	0.23107569721115537	0	0.0038535645472061657	0.005847953216374269	0.005
test3	0	0.7	0.4	0.4	0.6	0	0.2350597609561753	0	0.0038535645472061657	0.005847953216374269	0.006
test3	0	0.7	0.4	0.4	0.6	0	0.23904382470119523	0	0.0038535645472061657	0.009746588693957114	0.007
test3	0	0.7	0.5	0.4	0.6	0	0.2450199203187251	0.0019267822736030828	0.0038535645472061657	0.011695906432748537	0.008
test3	0	0.7	0.5	0.4	0.6	0	0.24900398406374502	0.0019267822736030828	0.005780346820809248	0.01364522417153996	0.009000000000000001
test3	0	0.7	0.5	0.4	0.6	0	0.2549800796812749	0.0019267822736030828	0.005780346820809248	0.01364522417153996	0.010000000000000002
test3	0	0.7	0.5	0.4	0.6	0	0.2549800796812749	0.0019267822736030828	0.005780346820809248	0.01364522417153996	0.011
test3	0	0.7	0.5	0.4	0.6	0	0.2589641434262948	0.0019267822736030828	0.005780346820809248	0.017543859649122806	0.012
test3	0	0.7	0.5	0.5	0.6	0	0.2589641434262948	0.0019267822736030828	0.007707129094412331	0.017543859649122806	0.013000000000000001
test3	0	0.7	0.5	0.5	0.6	0	0.26095617529880477	0.007707129094412331	0.007707129094412331	0.017543859649122806	0.014000000000000002
test3	0	0.7	0.5	0.5	0.6	0	0.26693227091633465	0.007707129094412331	0.009633911368015413	0.01949317738791423	0.015
test3	0	0.7	0.5	0.5	0.6	0	0.26693227091633465	0.007707129094412331	0.009633911368015413	0.023391812865497075	0.016
test3	0	0.7	0.5	0.5	0.6	0	0.2689243027888446	0.007707129094412331	0.009633911368015413	0.023391812865497075	0.017
test3	0	0.7	0.5	0.5	0.6	0	0.2689243027888446	0.007707129094412331	0.009633911368015413	0.023391812865497075	0.018000000000000002
test3	0	0.7	0.5	0.5	0.6	0	0.27091633466135456	0.007707129094412331	0.011560693641618497	0.025341130604288498	0.019000000000000003
test3	0	0.7	0.5	0.5	0.6	0	0.2729083665338645	0.007707129094412331	0.011560693641618497	0.025341130604288498	0.02
test3	0	0.7	0.5	0.5	0.6	0	0.27689243027888444	0.007707129094412331	0.01348747591522158	0.02729044834307992	0.021
test3	0	0.7	0.5	0.5	0.6	0	0.2788844621513944	0.007707129094412331	0.01348747591522158	0.029239766081871343	0.022000000000000002
test3	0	0.7	0.5	0.5	0.6	0	0.28087649402390436	0.007707129094412331	0.01348747591522158	0.029239766081871343	0.023
test3	0	0.7	0.5	0.5	0.6	0	0.2848605577689243	0.007707129094412331	0.01348747591522158	0.029239766081871343	0.024
test3	0	0.7	0.5	0.5	0.6	0	0.2868525896414343	0.007707129094412331	0.015414258188824663	0.029239766081871343	0.025
test3	0	0.7	0.5	0.5	0.6	0	0.28884462151394424	0.007707129094412331	0.019267822736030827	0.031189083820662766	0.026000000000000002
test3	0	0.7	0.6	0.5	0.6	0	0.28884462151394424	0.007707129094412331	0.019267822736030827	0.03508771929824561	0.027000000000000003
test3	0	0.7	0.6	0.5	0.6	0	0.28884462151394424	0.007707129094412331	0.02119460500963391	0.03508771929824561	0.028
test3	0	0.7	0.6	0.5	0.6	0	0.29282868525896416	0.007707129094412331	0.02119460500963391	0.03508771929824561	0.029
test3	0	0.7	0.6	0.5	0.6	0	0.2968127490039841	0.007707129094412331	0.025048169556840076	0.03898635477582846	0.030000000000000002
test3	0	0.7	0.6	0.5	0.6	0	0.300796812749004	0.007707129094412331	0.025048169556840076	0.04093567251461988	0.031
test3	0	0.7	0.6	0.5	0.6	0	0.30278884462151395	0.007707129094412331	0.025048169556840076	0.04093567251461988	0.032
test3	0	0.7	0.6	0.5	0.6	0	0.3047808764940239	0.007707129094412331	0.025048169556840076	0.042884990253411304	0.033
test3	0	0.7	0.6	0.5	0.6	0	0.3047808764940239	0.007707129094412331	0.025048169556840076	0.04483430799220273	0.034
test3	0	0.7	0.6	0.5	0.6	0	0.30677290836653387	0.009633911368015413	0.025048169556840076	0.04483430799220273	0.035
test3	0	0.7	0.6	0.5	0.6	0	0.30876494023904383	0.009633911368015413	0.025048169556840076	0.04483430799220273	0.036000000000000004
test3	0	0.7	0.6	0.5	0.6	0	0.30876494023904383	0.009633911368015413	0.025048169556840076	0.04678362573099415	0.037000000000000005
test3	0	0.7	0.6	0.5	0.6	0	0.3107569721115538	0.011560693641618497	0.025048169556840076	0.04678362573099415	0.038
test3	0	0.7	0.6	0.5	0.6	0	0.3107569721115538	0.011560693641618497	0.025048169556840076	0.04678362573099415	0.039
test3	0	0.7	0.6	0.5	0.6	0	0.3107569721115538	0.011560693641618497	0.025048169556840076	0.04873294346978557	0.04
test3	0	0.7	0.6	0.5	0.6	0	0.31274900398406374	0.01348747591522158	0.02697495183044316	0.04873294346978557	0.041
test3	0	0.7	0.6	0.5	0.6	0	0.31274900398406374	0.01348747591522158	0.02697495183044316	0.050682261208576995	0.042
test3	0	0.7	0.6	0.5	0.6	0	0.31274900398406374	0.015414258188824663	0.02697495183044316	0.050682261208576995	0.043000000000000003
test3	0	0.7	0.6	0.5	0.6	0	0.31274900398406374	0.015414258188824663	0.02697495183044316	0.05263157894736842	0.044000000000000004
test3	0	0.7	0.6	0.5	0.6	0	0.31274900398406374	0.015414258188824663	0.02697495183044316	0.05263157894736842	0.045
test3	0	0.7	0.6	0.5	0.6	0	0.3187250996015936	0.015414258188824663	0.028901734104046242	0.05263157894736842	0.046
test3	0	0.7	0.6	0.5	0.6	0	0.3187250996015936	0.015414258188824663	0.030828516377649325	0.05263157894736842	0.047
test3	0	0.7	0.6	0.5	0.6	0	0.3187250996015936	0.017341040462427744	0.030828516377649325	0.05263157894736842	0.048
test3	0	0.7	0.6	0.5	0.6	0	0.3247011952191235	0.017341040462427744	0.030828516377649325	0.05458089668615984	0.049
test3	0	0.7	0.6	0.5	0.6	0	0.3247011952191235	0.017341040462427744	0.030828516377649325	0.05458089668615984	0.05
test3	0	0.7	0.6	0.5	0.6	0	0.3247011952191235	0.017341040462427744	0.030828516377649325	0.05458089668615984	0.051000000000000004
test3	0	0.7	0.6	0.5	0.6	0	0.33067729083665337	0.017341040462427744	0.03275529865125241	0.05458089668615984	0.052000000000000005
test3	0	0.7	0.6	0.5	0.6	0	0.33067729083665337	0.017341040462427744	0.03275529865125241	0.05458089668615984	0.053000000000000005
test3	0	0.7	0.6	0.5	0.6	0	0.33067729083665337	0.017341040462427744	0.03275529865125241	0.05458089668615984	0.054
test3	0	0.7	0.6	0.5	0.6	0	0.33067729083665337	0.017341040462427744	0.03275529865125241	0.05458089668615984	0.055
test3	0	0.7	0.6	0.5	0.6	0	0.33067729083665337	0.017341040462427744	0.03275529865125241	0.05847953216374269	0.056
test3	0	0.7	0.6	0.5	0.6	0	0.33266932270916333	0.017341040462427744	0.03275529865125241	0.05847953216374269	0.057
test3	0	0.7	0.6	0.5	0.6	0	0.33665338645418325	0.017341040462427744	0.03468208092485549	0.06042884990253411	0.058
test3	0	0.7	0.6	0.5	0.6	0	0.33665338645418325	0.017341040462427744	0.03468208092485549	0.06042884990253411	0.059000000000000004
test3	0	0.7	0.6	0.5	0.6	0	0.33665338645418325	0.017341040462427744	0.03468208092485549	0.06042884990253411	0.060000000000000005
test3	0	0.7	0.6	0.5	0.6	0	0.33665338645418325	0.017341040462427744	0.03468208092485549	0.06042884990253411	0.061
test3	0	0.7	0.6	0.5	0.6	0	0.33665338645418325	0.017341040462427744	0.03468208092485549	0.06237816764132553	0.062
test3	0	0.7	0.6	0.5	0.6	0	0.33665338645418325	0.017341040462427744	0.03468208092485549	0.06432748538011696	0.063
test3	0	0.8	0.6	0.5	0.6	0	0.33665338645418325	0.017341040462427744	0.03468208092485549	0.06432748538011696	0.064
test3	0	0.8	0.6	0.6	0.6	0	0.33665338645418325	0.017341040462427744	0.036608863198458574	0.0682261208576998	0.065
test3	0	0.8	0.6	0.6	0.6	0	0.33665338645418325	0.017341040462427744	0.036608863198458574	0.07017543859649122	0.066
test3	0	0.8	0.6	0.6	0.6	0	0.33665338645418325	0.017341040462427744	0.036608863198458574	0.07017543859649122	0.067
test3	0	0.8	0.6	0.6	0.6	0	0.33665338645418325	0.017341040462427744	0.038535645472061654	0.07212475633528265	0.068
test3	0	0.8	0.6	0.6	0.6	0	0.33665338645418325	0.017341040462427744	0.038535645472061654	0.07407407407407407	0.069
test3	0	0.8	0.6	0.6	0.6	0	0.3386454183266932	0.017341040462427744	0.04046242774566474	0.07797270955165692	0.07
test3	0	0.8	0.6	0.6	0.6	0	0.3386454183266932	0.019267822736030827	0.04238921001926782	0.07797270955165692	0.07100000000000001
test3	0	0.8	0.6	0.7	0.6	0	0.3386454183266932	0.019267822736030827	0.04238921001926782	0.07992202729044834	0.07200000000000001
test3	0	0.8	0.6	0.7	0.6	0	0.3386454183266932	0.019267822736030827	0.04238921001926782	0.07992202729044834	0.07300000000000001
test3	0	0.8	0.6	0.7	0.6	0	0.34063745019920316	0.019267822736030827	0.04238921001926782	0.07992202729044834	0.074
test3	0	0.8	0.6	0.7	0.6	0	0.3426294820717131	0.019267822736030827	0.04238921001926782	0.07992202729044834	0.075
test3	0	0.8	0.6	0.7	0.6	0	0.34462151394422313	0.02119460500963391	0.046242774566473986	0.08187134502923976	0.076
test3	0	0.8	0.6	0.7	0.6	0	0.3466135458167331	0.023121387283236993	0.046242774566473986	0.08576998050682261	0.077
test3	0	0.8	0.6	0.7	0.6	0	0.3466135458167331	0.023121387283236993	0.046242774566473986	0.08576998050682261	0.078
test3	0	0.8	0.6	0.7	0.6	0	0.350597609561753	0.025048169556840076	0.04816955684007707	0.08576998050682261	0.079
test3	0	0.8	0.6	0.7	0.7	0	0.350597609561753	0.025048169556840076	0.04816955684007707	0.08576998050682261	0.08
test3	0	0.8	0.6	0.7	0.7	0	0.350597609561753	0.025048169556840076	0.05009633911368015	0.08771929824561403	0.081
test3	0	0.8	0.6	0.7	0.7	0	0.35258964143426297	0.02697495183044316	0.05202312138728324	0.08966861598440545	0.082
test3	0	0.8	0.6	0.7	0.7	0	0.35258964143426297	0.028901734104046242	0.05202312138728324	0.08966861598440545	0.083
test3	0	0.8	0.6	0.7	0.7	0	0.35258964143426297	0.028901734104046242	0.05202312138728324	0.09161793372319688	0.084
test3	0	0.8	0.6	0.7	0.7	0	0.35258964143426297	0.028901734104046242	0.05202312138728324	0.09551656920077972	0.085
test3	0	0.8	0.6	0.7	0.7	0	0.35258964143426297	0.028901734104046242	0.05202312138728324	0.09551656920077972	0.08600000000000001
test3	0	0.8	0.6	0.7	0.7	0	0.3545816733067729	0.030828516377649325	0.05202312138728324	0.09551656920077972	0.08700000000000001
test3	0	0.8	0.6	0.7	0.7	0	0.3545816733067729	0.030828516377649325	0.05202312138728324	0.09551656920077972	0.08800000000000001
test3	0	0.8	0.6	0.7	0.7	0	0.3545816733067729	0.03275529865125241	0.05202312138728324	0.09551656920077972	0.089
test3	0	0.8	0.6	0.7	0.7	0	0.3545816733067729	0.03468208092485549	0.05394990366088632	0.09551656920077972	0.09
test3	0	0.8	0.6	0.7	0.7	0	0.3545816733067729	0.03468208092485549	0.05394990366088632	0.09551656920077972	0.091
test3	0	0.8	0.6	0.7	0.7	0	0.3545816733067729	0.03468208092485549	0.055876685934489405	0.09746588693957114	0.092
test3	0	0.8	0.6	0.7	0.7	0	0.3545816733067729	0.03468208092485549	0.055876685934489405	0.09746588693957114	0.093
test3	0	0.8	0.6	0.7	0.7	0	0.3565737051792829	0.03468208092485549	0.05973025048169557	0.09941520467836257	0.094
test3	0	0.8	0.6	0.7	0.7	0	0.3565737051792829	0.03468208092485549	0.05973025048169557	0.10331384015594541	0.095
test3	0	0.8	0.6	0.7	0.7	0	0.3565737051792829	0.03468208092485549	0.06165703275529865	0.10331384015594541	0.096
test3	0	0.8	0.6	0.7	0.7	0	0.3565737051792829	0.03468208092485549	0.06165703275529865	0.10331384015594541	0.097
test3	0	0.8	0.6	0.7	0.8	0	0.3565737051792829	0.036608863198458574	0.06165703275529865	0.10331384015594541	0.098
test3	0	0.8	0.6	0.7	0.8	0	0.35856573705179284	0.036608863198458574	0.06165703275529865	0.10526315789473684	0.099
test3	0	0.8	0.6	0.7	0.8	0	0.35856573705179284	0.038535645472061654	0.06358381502890173	0.10721247563352826	0.1
test12	0.3	0.9	0.6	0.6	0.7	0.0019267822736030828	0.18774703557312253	0.009633911368015413	0.007707129094412331	0.02697495183044316	0.001
test12	0.3	0.9	0.7	0.7	0.7	0.0019267822736030828	0.20948616600790515	0.015414258188824663	0.015414258188824663	0.036608863198458574	0.002
test12	0.4	0.9	0.7	0.7	0.7	0.0019267822736030828	0.21739130434782608	0.030828516377649325	0.02697495183044316	0.04046242774566474	0.003
test12	0.5	0.9	0.7	0.7	0.7	0.005780346820809248	0.22529644268774704	0.038535645472061654	0.03275529865125241	0.046242774566473986	0.004
test12	0.5	0.9	0.8	0.7	0.7	0.009633911368015413	0.22727272727272727	0.04816955684007707	0.04046242774566474	0.04816955684007707	0.005
test12	0.5	0.9	0.8	0.7	0.7	0.011560693641618497	0.23517786561264822	0.055876685934489405	0.046242774566473986	0.05202312138728324	0.006
test12	0.5	0.9	0.8	0.8	0.8	0.015414258188824663	0.2391304347826087	0.06551059730250482	0.05973025048169557	0.057803468208092484	0.007
test12	0.7	0.9	0.8	0.8	0.8	0.02119460500963391	0.2509881422924901	0.0674373795761079	0.06936416184971098	0.05973025048169557	0.008
test12	0.7	0.9	0.8	0.8	0.8	0.028901734104046242	0.2549407114624506	0.07514450867052024	0.06936416184971098	0.06358381502890173	0.009000000000000001
test12	0.7	0.9	0.8	0.8	0.8	0.036608863198458574	0.25889328063241107	0.08092485549132948	0.08092485549132948	0.07129094412331406	0.010000000000000002
test12	0.7	0.9	0.8	0.8	0.8	0.04238921001926782	0.25889328063241107	0.08092485549132948	0.08285163776493257	0.07707129094412331	0.011
test12	0.7	0.9	0.8	0.8	0.8	0.046242774566473986	0.25889328063241107	0.0905587668593449	0.08863198458574181	0.07707129094412331	0.012
test12	0.7	0.9	0.8	0.8	0.8	0.05009633911368015	0.2628458498023715	0.09441233140655106	0.09248554913294797	0.08863198458574181	0.013000000000000001
test12	0.7	0.9	0.8	0.8	0.8	0.05394990366088632	0.2648221343873518	0.09826589595375723	0.09441233140655106	0.08863198458574181	0.014000000000000002
test12	0.8	0.9	0.8	0.8	0.8	0.05394990366088632	0.2707509881422925	0.10404624277456648	0.09826589595375723	0.09441233140655106	0.015
test12	0.8	0.9	0.8	0.8	0.8	0.057803468208092484	0.2707509881422925	0.10404624277456648	0.10404624277456648	0.09633911368015415	0.016
test12	0.8	0.9	0.8	0.8	0.8	0.06358381502890173	0.2727272727272727	0.10789980732177264	0.11175337186897881	0.1001926782273603	0.017
test12	0.8	0.9	0.8	0.8	0.8	0.06551059730250482	0.2766798418972332	0.10982658959537572	0.11560693641618497	0.10597302504816955	0.018000000000000002
test12	0.8	0.9	0.8	0.8	0.8	0.0674373795761079	0.28063241106719367	0.11175337186897881	0.11946050096339114	0.10982658959537572	0.019000000000000003
test12	0.8	0.9	0.9	0.8	0.8	0.07514450867052024	0.28063241106719367	0.11368015414258188	0.12138728323699421	0.11368015414258188	0.02
test12	0.8	0.9	0.9	0.8	0.8	0.0789980732177264	0.2845849802371542	0.11753371868978806	0.12138728323699421	0.11560693641618497	0.021
test12	0.8	0.9	0.9	0.8	0.9	0.08285163776493257	0.2865612648221344	0.12138728323699421	0.1233140655105973	0.11560693641618497	0.022000000000000002
test12	0.8	0.9	0.9	0.8	0.9	0.08863198458574181	0.2865612648221344	0.1233140655105973	0.1252408477842004	0.11753371868978806	0.023
test12	0.8	0.9	0.9	0.8	0.9	0.08863198458574181	0.2924901185770751	0.13102119460500963	0.12716763005780346	0.11753371868978806	0.024
test12	0.8	0.9	0.9	0.8	0.9	0.09248554913294797	0.2924901185770751	0.1348747591522158	0.12909441233140656	0.11946050096339114	0.025
test12	0.8	0.9	0.9	0.8	0.9	0.09826589595375723	0.29446640316205536	0.13680154142581888	0.1329479768786127	0.11946050096339114	0.026000000000000002
test12	0.8	0.9	0.9	0.8	0.9	0.10404624277456648	0.2964426877470356	0.13872832369942195	0.1329479768786127	0.1233140655105973	0.027000000000000003
test12	0.8	0.9	0.9	0.8	0.9	0.11175337186897881	0.30039525691699603	0.14065510597302505	0.13680154142581888	0.12716763005780346	0.028
test12	0.8	0.9	0.9	0.8	0.9	0.11946050096339114	0.30237154150197626	0.14065510597302505	0.13872832369942195	0.13102119460500963	0.029
test12	0.8	0.9	0.9	0.9	0.9	0.12138728323699421	0.30632411067193677	0.14258188824662812	0.14065510597302505	0.1348747591522158	0.030000000000000002
test12	0.8	0.9	0.9	0.9	0.9	0.1233140655105973	0.3102766798418972	0.14258188824662812	0.14836223506743737	0.1348747591522158	0.031
test12	0.8	0.9	0.9	0.9	0.9	0.12716763005780346	0.3142292490118577	0.14450867052023122	0.14836223506743737	0.1348747591522158	0.032
test12	0.8	0.9	0.9	0.9	0.9	0.12716763005780346	0.3201581027667984	0.1464354527938343	0.15028901734104047	0.13872832369942195	0.033
test12	0.8	0.9	0.9	0.9	0.9	0.1329479768786127	0.3241106719367589	0.14836223506743737	0.15414258188824662	0.14065510597302505	0.034
test12	0.8	0.9	0.9	0.9	0.9	0.1329479768786127	0.32806324110671936	0.14836223506743737	0.1579961464354528	0.14258188824662812	0.035
test12	0.8	0.9	0.9	0.9	0.9	0.1348747591522158	0.33201581027667987	0.15221579961464354	0.1599229287090559	0.14258188824662812	0.036000000000000004
test12	0.8	0.9	0.9	0.9	0.9	0.1348747591522158	0.3339920948616601	0.15606936416184972	0.1599229287090559	0.14450867052023122	0.037000000000000005
test12	0.8	0.9	0.9	0.9	0.9	0.13872832369942195	0.3359683794466403	0.1579961464354528	0.1599229287090559	0.15028901734104047	0.038
test12	0.8	0.9	0.9	0.9	0.9	0.14065510597302505	0.33794466403162055	0.1579961464354528	0.16377649325626203	0.15414258188824662	0.039
test12	0.8	0.9	0.9	0.9	0.9	0.14258188824662812	0.33794466403162055	0.16184971098265896	0.16570327552986513	0.15606936416184972	0.04
test12	0.8	0.9	0.9	0.9	0.9	0.14258188824662812	0.33992094861660077	0.1676300578034682	0.16570327552986513	0.1599229287090559	0.041
test12	0.8	0.9	0.9	0.9	0.9	0.15221579961464354	0.3438735177865613	0.1676300578034682	0.16570327552986513	0.16184971098265896	0.042
test12	0.8	0.9	0.9	0.9	0.9	0.1599229287090559	0.34782608695652173	0.17148362235067438	0.17148362235067438	0.16377649325626203	0.043000000000000003
test12	0.8	0.9	0.9	0.9	0.9	0.16184971098265896	0.34980237154150196	0.17533718689788053	0.17341040462427745	0.16570327552986513	0.044000000000000004
test12	0.8	0.9	0.9	0.9	0.9	0.16184971098265896	0.35177865612648224	0.18304431599229287	0.17533718689788053	0.16570327552986513	0.045
test12	0.8	0.9	0.9	0.9	0.9	0.16955684007707128	0.35177865612648224	0.18882466281310212	0.1811175337186898	0.16570327552986513	0.046
test12	0.8	0.9	0.9	0.9	0.9	0.17148362235067438	0.35968379446640314	0.1926782273603083	0.18304431599229287	0.1676300578034682	0.047
test12	0.8	0.9	0.9	0.9	0.9	0.17148362235067438	0.36363636363636365	0.19653179190751446	0.18689788053949905	0.17148362235067438	0.048
test12	0.8	0.9	0.9	0.9	0.9	0.17148362235067438	0.36561264822134387	0.19845857418111754	0.18689788053949905	0.17533718689788053	0.049
test12	0.8	0.9	0.9	0.9	0.9	0.17341040462427745	0.3715415019762846	0.2003853564547206	0.18882466281310212	0.17726396917148363	0.05
test12	0.8	0.9	0.9	0.9	0.9	0.17341040462427745	0.37351778656126483	0.2003853564547206	0.19653179190751446	0.1811175337186898	0.051000000000000004
test12	0.8	0.9	0.9	0.9	0.9	0.17533718689788053	0.37549407114624506	0.20423892100192678	0.19845857418111754	0.18689788053949905	0.052000000000000005
test12	0.8	0.9	0.9	0.9	0.9	0.1791907514450867	0.3774703557312253	0.20616570327552985	0.19845857418111754	0.18689788053949905	0.053000000000000005
test12	0.8	0.9	0.9	0.9	0.9	0.18497109826589594	0.3814229249011858	0.20809248554913296	0.20423892100192678	0.18882466281310212	0.054
test12	0.8	0.9	0.9	0.9	0.9	0.18497109826589594	0.383399209486166	0.2119460500963391	0.20616570327552985	0.1907514450867052	0.055
test12	0.8	0.9	0.9	0.9	0.9	0.1926782273603083	0.383399209486166	0.21579961464354527	0.20809248554913296	0.1907514450867052	0.056
test12	0.8	0.9	0.9	0.9	0.9	0.1926782273603083	0.383399209486166	0.21772639691714837	0.20809248554913296	0.1926782273603083	0.057
test12	0.8	0.9	0.9	0.9	0.9	0.1926782273603083	0.38537549407114624	0.22157996146435452	0.20809248554913296	0.1926782273603083	0.058
test12	0.8	0.9	0.9	0.9	0.9	0.19460500963391136	0.38537549407114624	0.22350674373795762	0.20809248554913296	0.19460500963391136	0.059000000000000004
test12	0.8	0.9	0.9	0.9	0.9	0.19845857418111754	0.38537549407114624	0.23121387283236994	0.2119460500963391	0.19653179190751446	0.060000000000000005
test12	0.8	0.9	0.9	0.9	0.9	0.2003853564547206	0.38735177865612647	0.23121387283236994	0.21579961464354527	0.19845857418111754	0.061
test12	0.8	0.9	0.9	0.9	0.9	0.2003853564547206	0.38735177865612647	0.23121387283236994	0.21579961464354527	0.2003853564547206	0.062
test12	0.8	0.9	0.9	0.9	0.9	0.20423892100192678	0.38735177865612647	0.23314065510597304	0.21965317919075145	0.21001926782273603	0.063
test12	0.8	0.9	0.9	0.9	0.9	0.21579961464354527	0.38735177865612647	0.2350674373795761	0.21965317919075145	0.21001926782273603	0.064
test12	0.9	0.9	0.9	0.9	0.9	0.21772639691714837	0.38735177865612647	0.24277456647398843	0.22157996146435452	0.2138728323699422	0.065
test12	0.9	0.9	0.9	0.9	0.9	0.21965317919075145	0.3932806324110672	0.24277456647398843	0.2254335260115607	0.2138728323699422	0.066
test12	0.9	0.9	0.9	0.9	0.9	0.21965317919075145	0.39723320158102765	0.24470134874759153	0.22928709055876687	0.2138728323699422	0.067
test12	0.9	0.9	0.9	0.9	0.9	0.22350674373795762	0.39920948616600793	0.24470134874759153	0.23121387283236994	0.2138728323699422	0.068
test12	0.9	0.9	0.9	0.9	0.9	0.22928709055876687	0.39920948616600793	0.24470134874759153	0.23314065510597304	0.2138728323699422	0.069
test12	0.9	0.9	0.9	0.9	0.9	0.23314065510597304	0.40118577075098816	0.2466281310211946	0.23314065510597304	0.2138728323699422	0.07
test12	0.9	0.9	0.9	0.9	0.9	0.23699421965317918	0.4031620553359684	0.2466281310211946	0.2350674373795761	0.2138728323699422	0.07100000000000001
test12	0.9	0.9	0.9	0.9	0.9	0.23892100192678228	0.4031620553359684	0.2466281310211946	0.23892100192678228	0.21579961464354527	0.07200000000000001
test12	0.9	0.9	0.9	0.9	0.9	0.23892100192678228	0.4031620553359684	0.2524084778420039	0.24277456647398843	0.21579961464354527	0.07300000000000001
test12	0.9	0.9	0.9	0.9	0.9	0.23892100192678228	0.4031620553359684	0.2524084778420039	0.24855491329479767	0.21579961464354527	0.074
test12	0.9	0.9	0.9	0.9	0.9	0.24084778420038536	0.4031620553359684	0.25626204238921	0.24855491329479767	0.21579961464354527	0.075
test12	0.9	0.9	0.9	0.9	0.9	0.24470134874759153	0.4031620553359684	0.2581888246628131	0.2504816955684008	0.21579961464354527	0.076
test12	0.9	0.9	0.9	0.9	0.9	0.2466281310211946	0.4051383399209486	0.26204238921001927	0.2504816955684008	0.21772639691714837	0.077
test12	0.9	0.9	0.9	0.9	0.9	0.24855491329479767	0.4051383399209486	0.2658959537572254	0.2524084778420039	0.21772639691714837	0.078
test12	0.9	0.9	0.9	0.9	0.9	0.2524084778420039	0.4051383399209486	0.2697495183044316	0.26011560693641617	0.21772639691714837	0.079
test12	0.9	0.9	0.9	0.9	0.9	0.2543352601156069	0.40711462450592883	0.2697495183044316	0.26011560693641617	0.21772639691714837	0.08
test12	0.9	0.9	0.9	0.9	0.9	0.2543352601156069	0.40711462450592883	0.27167630057803466	0.26011560693641617	0.22157996146435452	0.081
test12	0.9	0.9	0.9	0.9	0.9	0.25626204238921	0.41106719367588934	0.27360308285163776	0.26204238921001927	0.22157996146435452	0.082
test12	0.9	0.9	0.9	0.9	0.9	0.2581888246628131	0.41106719367588934	0.27552986512524086	0.26204238921001927	0.22157996146435452	0.083
test12	0.9	0.9	0.9	0.9	0.9	0.2581888246628131	0.41106719367588934	0.2774566473988439	0.2658959537572254	0.22157996146435452	0.084
test12	0.9	0.9	0.9	0.9	0.9	0.26011560693641617	0.4150197628458498	0.279383429672447	0.2678227360308285	0.22157996146435452	0.085
test12	0.9	0.9	0.9	0.9	0.9	0.26204238921001927	0.4150197628458498	0.279383429672447	0.2774566473988439	0.22350674373795762	0.08600000000000001
test12	0.9	0.9	0.9	0.9	0.9	0.2697495183044316	0.41699604743083	0.2832369942196532	0.279383429672447	0.22736030828516376	0.08700000000000001
test12	0.9	0.9	0.9	0.9	0.9	0.2697495183044316	0.41699604743083	0.28516377649325625	0.2832369942196532	0.22736030828516376	0.08800000000000001
test12	0.9	0.9	0.9	0.9	0.9	0.2697495183044316	0.41699604743083	0.28516377649325625	0.2832369942196532	0.22928709055876687	0.089
test12	0.9	0.9	0.9	0.9	0.9	0.27167630057803466	0.4189723320158103	0.28709055876685935	0.28516377649325625	0.22928709055876687	0.09
test12	0.9	0.9	0.9	1	0.9	0.2774566473988439	0.4189723320158103	0.2928709055876686	0.28516377649325625	0.23121387283236994	0.091
test12	0.9	0.9	0.9	1	0.9	0.2774566473988439	0.4209486166007905	0.2947976878612717	0.28901734104046245	0.23121387283236994	0.092
test12	0.9	0.9	0.9	1	0.9	0.2813102119460501	0.42292490118577075	0.2947976878612717	0.28901734104046245	0.23121387283236994	0.093
test12	0.9	0.9	0.9	1	0.9	0.2832369942196532	0.424901185770751	0.29672447013487474	0.28901734104046245	0.2350674373795761	0.094
test12	0.9	0.9	0.9	1	0.9	0.2832369942196532	0.424901185770751	0.29672447013487474	0.2909441233140655	0.23699421965317918	0.095
test12	0.9	0.9	0.9	1	0.9	0.28516377649325625	0.424901185770751	0.29672447013487474	0.2947976878612717	0.23892100192678228	0.096
test12	0.9	0.9	0.9	1	0.9	0.28516377649325625	0.424901185770751	0.29672447013487474	0.2947976878612717	0.24084778420038536	0.097
test12	0.9	0.9	0.9	1	0.9	0.28709055876685935	0.4288537549407115	0.302504816955684	0.29672447013487474	0.24084778420038536	0.098
test12	0.9	0.9	0.9	1	0.9	0.28901734104046245	0.43280632411067194	0.3063583815028902	0.30057803468208094	0.24084778420038536	0.099
test12	0.9	0.9	0.9	1	0.9	0.28901734104046245	0.43478260869565216	0.3063583815028902	0.30057803468208094	0.24277456647398843	0.1
test23	0	0.8	0.6	0.6	0.7	0	0.166	0.005780346820809248	0.0019267822736030828	0.0038535645472061657	0.001
test23	0.1	0.8	0.6	0.6	0.7	0	0.186	0.009633911368015413	0.005780346820809248	0.005780346820809248	0.002
test23	0.1	0.8	0.6	0.6	0.7	0.0019267822736030828	0.192	0.009633911368015413	0.005780346820809248	0.007707129094412331	0.003
test23	0.1	0.8	0.6	0.6	0.7	0.0019267822736030828	0.194	0.01348747591522158	0.005780346820809248	0.007707129094412331	0.004
test23	0.1	0.8	0.6	0.6	0.7	0.0019267822736030828	0.198	0.017341040462427744	0.007707129094412331	0.011560693641618497	0.005
test23	0.2	0.8	0.6	0.6	0.8	0.007707129094412331	0.21	0.017341040462427744	0.011560693641618497	0.011560693641618497	0.006
test23	0.2	0.8	0.6	0.6	0.8	0.009633911368015413	0.216	0.019267822736030827	0.01348747591522158	0.011560693641618497	0.007
test23	0.3	0.8	0.6	0.6	0.8	0.011560693641618497	0.22	0.023121387283236993	0.01348747591522158	0.01348747591522158	0.008
test23	0.3	0.8	0.7	0.6	0.8	0.015414258188824663	0.22	0.025048169556840076	0.01348747591522158	0.01348747591522158	0.009000000000000001
test23	0.3	0.8	0.7	0.6	0.8	0.017341040462427744	0.226	0.025048169556840076	0.015414258188824663	0.015414258188824663	0.010000000000000002
test23	0.4	0.8	0.7	0.6	0.8	0.017341040462427744	0.23	0.02697495183044316	0.017341040462427744	0.015414258188824663	0.011
test23	0.4	0.8	0.7	0.6	0.8	0.019267822736030827	0.232	0.03275529865125241	0.017341040462427744	0.015414258188824663	0.012
test23	0.4	0.8	0.7	0.6	0.9	0.028901734104046242	0.238	0.036608863198458574	0.02119460500963391	0.017341040462427744	0.013000000000000001
test23	0.4	0.8	0.7	0.6	0.9	0.030828516377649325	0.24	0.04046242774566474	0.023121387283236993	0.017341040462427744	0.014000000000000002
test23	0.4	0.8	0.7	0.6	0.9	0.030828516377649325	0.24	0.046242774566473986	0.025048169556840076	0.017341040462427744	0.015
test23	0.4	0.8	0.7	0.6	0.9	0.030828516377649325	0.24	0.046242774566473986	0.025048169556840076	0.017341040462427744	0.016
test23	0.4	0.8	0.8	0.7	0.9	0.03275529865125241	0.244	0.05009633911368015	0.028901734104046242	0.017341040462427744	0.017
test23	0.4	0.8	0.8	0.7	0.9	0.03468208092485549	0.244	0.055876685934489405	0.03275529865125241	0.017341040462427744	0.018000000000000002
test23	0.5	0.8	0.8	0.7	0.9	0.036608863198458574	0.248	0.055876685934489405	0.036608863198458574	0.017341040462427744	0.019000000000000003
test23	0.5	0.8	0.8	0.7	0.9	0.036608863198458574	0.25	0.057803468208092484	0.038535645472061654	0.017341040462427744	0.02
test23	0.6	0.8	0.8	0.7	0.9	0.036608863198458574	0.252	0.06165703275529865	0.04046242774566474	0.019267822736030827	0.021
test23	0.6	0.8	0.8	0.8	0.9	0.038535645472061654	0.252	0.06165703275529865	0.04046242774566474	0.023121387283236993	0.022000000000000002
test23	0.6	0.8	0.8	0.8	0.9	0.04046242774566474	0.254	0.06551059730250482	0.04816955684007707	0.023121387283236993	0.023
test23	0.6	0.8	0.8	0.8	0.9	0.04431599229287091	0.258	0.06936416184971098	0.04816955684007707	0.023121387283236993	0.024
test23	0.6	0.9	0.8	0.8	0.9	0.04431599229287091	0.264	0.07514450867052024	0.05202312138728324	0.023121387283236993	0.025
test23	0.6	0.9	0.8	0.8	0.9	0.046242774566473986	0.264	0.07707129094412331	0.055876685934489405	0.025048169556840076	0.026000000000000002
test23	0.6	0.9	0.8	0.8	0.9	0.046242774566473986	0.264	0.0789980732177264	0.06165703275529865	0.02697495183044316	0.027000000000000003
test23	0.7	0.9	0.8	0.8	0.9	0.046242774566473986	0.264	0.08285163776493257	0.06165703275529865	0.028901734104046242	0.028
test23	0.7	0.9	0.8	0.8	0.9	0.046242774566473986	0.264	0.08670520231213873	0.06358381502890173	0.030828516377649325	0.029
test23	0.7	0.9	0.8	0.8	0.9	0.04816955684007707	0.268	0.08670520231213873	0.06358381502890173	0.03275529865125241	0.030000000000000002
test23	0.7	0.9	0.8	0.8	0.9	0.04816955684007707	0.268	0.08670520231213873	0.07129094412331406	0.03275529865125241	0.031
test23	0.7	0.9	0.8	0.8	0.9	0.05009633911368015	0.27	0.09441233140655106	0.07129094412331406	0.03275529865125241	0.032
test23	0.7	0.9	0.8	0.8	0.9	0.05009633911368015	0.27	0.1001926782273603	0.07321772639691715	0.036608863198458574	0.033
test23	0.7	0.9	0.8	0.8	0.9	0.05202312138728324	0.272	0.10404624277456648	0.07321772639691715	0.038535645472061654	0.034
test23	0.7	0.9	0.8	0.8	0.9	0.05394990366088632	0.276	0.10404624277456648	0.07321772639691715	0.038535645472061654	0.035
test23	0.7	0.9	0.8	0.8	0.9	0.05394990366088632	0.278	0.10597302504816955	0.0789980732177264	0.04046242774566474	0.036000000000000004
test23	0.7	0.9	0.8	0.8	0.9	0.05394990366088632	0.278	0.10597302504816955	0.08285163776493257	0.04046242774566474	0.037000000000000005
test23	0.7	0.9	0.8	0.8	0.9	0.05394990366088632	0.278	0.10982658959537572	0.08863198458574181	0.04431599229287091	0.038
test23	0.7	0.9	0.8	0.8	0.9	0.055876685934489405	0.282	0.11175337186897881	0.0905587668593449	0.04431599229287091	0.039
test23	0.7	0.9	0.8	0.8	0.9	0.055876685934489405	0.284	0.11368015414258188	0.0905587668593449	0.046242774566473986	0.04
test23	0.7	0.9	0.8	0.8	0.9	0.055876685934489405	0.286	0.11560693641618497	0.0905587668593449	0.046242774566473986	0.041
test23	0.7	0.9	0.8	0.8	0.9	0.05973025048169557	0.288	0.11753371868978806	0.0905587668593449	0.046242774566473986	0.042
test23	0.7	0.9	0.8	0.8	0.9	0.05973025048169557	0.29	0.12138728323699421	0.0905587668593449	0.04816955684007707	0.043000000000000003
test23	0.7	0.9	0.8	0.8	0.9	0.05973025048169557	0.29	0.1252408477842004	0.0905587668593449	0.04816955684007707	0.044000000000000004
test23	0.8	0.9	0.8	0.8	0.9	0.06165703275529865	0.29	0.1252408477842004	0.09633911368015415	0.04816955684007707	0.045
test23	0.8	0.9	0.8	0.8	0.9	0.06165703275529865	0.29	0.1252408477842004	0.09633911368015415	0.05394990366088632	0.046
test23	0.8	0.9	0.8	0.8	0.9	0.06165703275529865	0.292	0.1252408477842004	0.09633911368015415	0.05394990366088632	0.047
test23	0.8	0.9	0.8	0.8	0.9	0.06551059730250482	0.292	0.12909441233140656	0.09633911368015415	0.055876685934489405	0.048
test23	0.8	0.9	0.8	0.8	0.9	0.0674373795761079	0.292	0.12909441233140656	0.1001926782273603	0.057803468208092484	0.049
test23	0.8	0.9	0.8	0.8	0.9	0.0674373795761079	0.292	0.1348747591522158	0.10211946050096339	0.057803468208092484	0.05
test23	0.8	0.9	0.8	0.8	0.9	0.06936416184971098	0.292	0.13680154142581888	0.10211946050096339	0.06165703275529865	0.051000000000000004
test23	0.8	0.9	0.8	0.8	0.9	0.06936416184971098	0.292	0.13680154142581888	0.10211946050096339	0.06165703275529865	0.052000000000000005
test23	0.8	0.9	0.8	0.8	0.9	0.06936416184971098	0.292	0.13872832369942195	0.10789980732177264	0.06165703275529865	0.053000000000000005
test23	0.8	0.9	0.8	0.8	0.9	0.06936416184971098	0.296	0.13872832369942195	0.11175337186897881	0.06165703275529865	0.054
test23	0.8	0.9	0.8	0.8	0.9	0.07321772639691715	0.296	0.14450867052023122	0.11368015414258188	0.06165703275529865	0.055
test23	0.8	0.9	0.8	0.8	0.9	0.07321772639691715	0.298	0.14450867052023122	0.11753371868978806	0.06358381502890173	0.056
test23	0.8	0.9	0.8	0.8	0.9	0.0789980732177264	0.302	0.15028901734104047	0.11753371868978806	0.06551059730250482	0.057
test23	0.8	0.9	0.8	0.8	0.9	0.0789980732177264	0.306	0.15028901734104047	0.11753371868978806	0.06551059730250482	0.058
test23	0.8	0.9	0.8	0.8	0.9	0.08092485549132948	0.306	0.15414258188824662	0.11946050096339114	0.06551059730250482	0.059000000000000004
test23	0.8	0.9	0.8	0.8	0.9	0.08092485549132948	0.306	0.15414258188824662	0.1233140655105973	0.06551059730250482	0.060000000000000005
test23	0.8	0.9	0.8	0.8	0.9	0.08477842003853564	0.306	0.15414258188824662	0.1252408477842004	0.06551059730250482	0.061
test23	0.8	0.9	0.8	0.8	0.9	0.08477842003853564	0.306	0.15606936416184972	0.12909441233140656	0.06551059730250482	0.062
test23	0.8	0.9	0.8	0.8	0.9	0.08670520231213873	0.306	0.1599229287090559	0.12909441233140656	0.06936416184971098	0.063
test23	0.8	0.9	0.8	0.8	0.9	0.09248554913294797	0.306	0.16184971098265896	0.12909441233140656	0.07129094412331406	0.064
test23	0.8	0.9	0.8	0.8	0.9	0.09441233140655106	0.308	0.16184971098265896	0.1348747591522158	0.07129094412331406	0.065
test23	0.8	0.9	0.8	0.8	0.9	0.09441233140655106	0.308	0.16184971098265896	0.14065510597302505	0.07321772639691715	0.066
test23	0.8	0.9	0.8	0.8	0.9	0.1001926782273603	0.308	0.16184971098265896	0.14065510597302505	0.07321772639691715	0.067
test23	0.8	0.9	0.8	0.8	0.9	0.10211946050096339	0.31	0.16184971098265896	0.14065510597302505	0.07514450867052024	0.068
test23	0.8	0.9	0.8	0.8	0.9	0.10597302504816955	0.312	0.16570327552986513	0.1464354527938343	0.0789980732177264	0.069
test23	0.8	0.9	0.8	0.8	0.9	0.10597302504816955	0.312	0.1676300578034682	0.15221579961464354	0.0789980732177264	0.07
test23	0.8	0.9	0.8	0.8	0.9	0.10982658959537572	0.312	0.16955684007707128	0.15221579961464354	0.08285163776493257	0.07100000000000001
test23	0.8	0.9	0.8	0.8	0.9	0.11368015414258188	0.312	0.16955684007707128	0.15221579961464354	0.08285163776493257	0.07200000000000001
test23	0.8	0.9	0.8	0.8	0.9	0.11368015414258188	0.312	0.17341040462427745	0.15414258188824662	0.08477842003853564	0.07300000000000001
test23	0.8	0.9	0.8	0.8	0.9	0.11560693641618497	0.312	0.17533718689788053	0.1579961464354528	0.08477842003853564	0.074
test23	0.8	0.9	0.8	0.8	0.9	0.11946050096339114	0.314	0.1791907514450867	0.1599229287090559	0.0905587668593449	0.075
test23	0.8	0.9	0.8	0.8	0.9	0.12138728323699421	0.316	0.1791907514450867	0.1676300578034682	0.0905587668593449	0.076
test23	0.8	0.9	0.8	0.8	0.9	0.1252408477842004	0.316	0.1791907514450867	0.16955684007707128	0.09441233140655106	0.077
test23	0.8	0.9	0.8	0.8	0.9	0.1252408477842004	0.316	0.1791907514450867	0.17341040462427745	0.09441233140655106	0.078
test23	0.8	0.9	0.8	0.8	0.9	0.1252408477842004	0.316	0.1791907514450867	0.17533718689788053	0.09441233140655106	0.079
test23	0.8	0.9	0.8	0.8	0.9	0.12716763005780346	0.318	0.1791907514450867	0.17726396917148363	0.09633911368015415	0.08
test23	0.8	0.9	0.8	0.8	0.9	0.12909441233140656	0.318	0.1811175337186898	0.1791907514450867	0.09633911368015415	0.081
test23	0.8	0.9	0.8	0.8	0.9	0.12909441233140656	0.32	0.18304431599229287	0.1791907514450867	0.09826589595375723	0.082
test23	0.8	0.9	0.8	0.8	0.9	0.12909441233140656	0.322	0.18497109826589594	0.1811175337186898	0.09826589595375723	0.083
test23	0.8	0.9	0.8	0.8	0.9	0.13102119460500963	0.324	0.18497109826589594	0.1811175337186898	0.09826589595375723	0.084
test23	0.8	0.9	0.8	0.8	0.9	0.1329479768786127	0.324	0.18882466281310212	0.1811175337186898	0.10404624277456648	0.085
test23	0.8	0.9	0.8	0.8	0.9	0.1348747591522158	0.326	0.1907514450867052	0.1811175337186898	0.10404624277456648	0.08600000000000001
test23	0.8	0.9	0.8	0.8	0.9	0.13680154142581888	0.326	0.1907514450867052	0.1811175337186898	0.10404624277456648	0.08700000000000001
test23	0.8	0.9	0.8	0.8	0.9	0.14258188824662812	0.326	0.19653179190751446	0.1811175337186898	0.10404624277456648	0.08800000000000001
test23	0.8	0.9	0.8	0.8	0.9	0.14258188824662812	0.326	0.19845857418111754	0.18304431599229287	0.10404624277456648	0.089
test23	0.8	0.9	0.8	0.8	0.9	0.14450867052023122	0.328	0.19845857418111754	0.18304431599229287	0.10597302504816955	0.09
test23	0.8	0.9	0.8	0.8	0.9	0.14450867052023122	0.33	0.2003853564547206	0.18304431599229287	0.10982658959537572	0.091
test23	0.8	0.9	0.8	0.8	0.9	0.14836223506743737	0.332	0.2023121387283237	0.18497109826589594	0.11368015414258188	0.092
test23	0.8	0.9	0.8	0.8	0.9	0.15028901734104047	0.332	0.2023121387283237	0.18882466281310212	0.11368015414258188	0.093
test23	0.8	0.9	0.8	0.8	0.9	0.15221579961464354	0.338	0.2023121387283237	0.18882466281310212	0.11753371868978806	0.094
test23	0.8	0.9	0.8	0.8	0.9	0.15606936416184972	0.34	0.2023121387283237	0.18882466281310212	0.11946050096339114	0.095
test23	0.8	0.9	0.8	0.8	0.9	0.15606936416184972	0.342	0.2023121387283237	0.1907514450867052	0.11946050096339114	0.096
test23	0.8	0.9	0.8	0.8	0.9	0.1579961464354528	0.342	0.20423892100192678	0.1926782273603083	0.12138728323699421	0.097
test23	0.8	0.9	0.8	0.8	0.9	0.1599229287090559	0.344	0.20423892100192678	0.19460500963391136	0.12138728323699421	0.098
test23	0.8	0.9	0.8	0.8	0.9	0.16184971098265896	0.344	0.20423892100192678	0.19460500963391136	0.12138728323699421	0.099
test23	0.8	0.9	0.8	0.8	0.9	0.16184971098265896	0.352	0.20616570327552985	0.19460500963391136	0.1252408477842004	0.1
test31	0	0.6	0.5	0.5	0.7	0	0.17611336032388664	0.007707129094412331	0.0038535645472061657	0.015414258188824663	0.001
test31	0.1	0.7	0.6	0.5	0.7	0.007707129094412331	0.1862348178137652	0.017341040462427744	0.007707129094412331	0.023121387283236993	0.002
test31	0.1	0.7	0.7	0.6	0.7	0.009633911368015413	0.19838056680161945	0.023121387283236993	0.011560693641618497	0.025048169556840076	0.003
test31	0.2	0.7	0.7	0.7	0.7	0.009633911368015413	0.20040485829959515	0.03275529865125241	0.015414258188824663	0.028901734104046242	0.004
test31	0.3	0.8	0.7	0.7	0.7	0.015414258188824663	0.20647773279352227	0.038535645472061654	0.025048169556840076	0.030828516377649325	0.005
test31	0.4	0.8	0.8	0.7	0.7	0.019267822736030827	0.20850202429149797	0.04046242774566474	0.02697495183044316	0.03275529865125241	0.006
test31	0.4	0.8	0.8	0.7	0.8	0.02119460500963391	0.2125506072874494	0.046242774566473986	0.028901734104046242	0.03468208092485549	0.007
test31	0.5	0.8	0.8	0.7	0.8	0.02119460500963391	0.2165991902834008	0.05009633911368015	0.03468208092485549	0.038535645472061654	0.008
test31	0.5	0.8	0.8	0.8	0.8	0.02697495183044316	0.22267206477732793	0.05009633911368015	0.04238921001926782	0.038535645472061654	0.009000000000000001
test31	0.5	0.8	0.8	0.8	0.8	0.02697495183044316	0.22874493927125505	0.05394990366088632	0.04816955684007707	0.038535645472061654	0.010000000000000002
test31	0.5	0.8	0.8	0.8	0.8	0.02697495183044316	0.23076923076923078	0.055876685934489405	0.05394990366088632	0.04238921001926782	0.011
test31	0.6	0.8	0.8	0.8	0.8	0.028901734104046242	0.23684210526315788	0.06165703275529865	0.05394990366088632	0.046242774566473986	0.012
test31	0.6	0.8	0.8	0.8	0.8	0.036608863198458574	0.2388663967611336	0.0674373795761079	0.05394990366088632	0.046242774566473986	0.013000000000000001
test31	0.6	0.8	0.8	0.8	0.8	0.04046242774566474	0.2388663967611336	0.0674373795761079	0.055876685934489405	0.046242774566473986	0.014000000000000002
test31	0.6	0.8	0.8	0.8	0.8	0.04046242774566474	0.2408906882591093	0.06936416184971098	0.055876685934489405	0.05202312138728324	0.015
test31	0.6	0.8	0.8	0.8	0.8	0.04238921001926782	0.242914979757085	0.07514450867052024	0.057803468208092484	0.05394990366088632	0.016
test31	0.7	0.8	0.8	0.8	0.8	0.046242774566473986	0.24696356275303644	0.0789980732177264	0.05973025048169557	0.055876685934489405	0.017
test31	0.7	0.8	0.8	0.8	0.8	0.05009633911368015	0.24898785425101214	0.08285163776493257	0.06165703275529865	0.057803468208092484	0.018000000000000002
test31	0.7	0.8	0.8	0.8	0.8	0.05202312138728324	0.25101214574898784	0.08477842003853564	0.06551059730250482	0.05973025048169557	0.019000000000000003
test31	0.7	0.8	0.8	0.8	0.8	0.05202312138728324	0.25303643724696356	0.08863198458574181	0.0674373795761079	0.05973025048169557	0.02
test31	0.7	0.8	0.8	0.8	0.8	0.05202312138728324	0.2550607287449393	0.08863198458574181	0.06936416184971098	0.05973025048169557	0.021
test31	0.7	0.8	0.8	0.8	0.8	0.05202312138728324	0.2550607287449393	0.08863198458574181	0.07707129094412331	0.06358381502890173	0.022000000000000002
test31	0.7	0.8	0.8	0.8	0.8	0.05202312138728324	0.2591093117408907	0.0905587668593449	0.0789980732177264	0.06358381502890173	0.023
test31	0.7	0.8	0.8	0.8	0.8	0.055876685934489405	0.26720647773279355	0.09248554913294797	0.08092485549132948	0.06358381502890173	0.024
test31	0.7	0.8	0.9	0.8	0.8	0.057803468208092484	0.2732793522267207	0.1001926782273603	0.08092485549132948	0.06551059730250482	0.025
test31	0.8	0.8	0.9	0.8	0.8	0.05973025048169557	0.2732793522267207	0.10211946050096339	0.08477842003853564	0.07129094412331406	0.026000000000000002
test31	0.8	0.8	0.9	0.8	0.8	0.05973025048169557	0.27530364372469635	0.10404624277456648	0.08477842003853564	0.07129094412331406	0.027000000000000003
test31	0.8	0.8	0.9	0.9	0.8	0.06165703275529865	0.27530364372469635	0.11175337186897881	0.08477842003853564	0.07129094412331406	0.028
test31	0.8	0.8	0.9	0.9	0.8	0.06165703275529865	0.27530364372469635	0.11560693641618497	0.08863198458574181	0.07707129094412331	0.029
test31	0.8	0.8	0.9	0.9	0.8	0.06551059730250482	0.27530364372469635	0.11560693641618497	0.08863198458574181	0.0789980732177264	0.030000000000000002
test31	0.8	0.8	0.9	0.9	0.8	0.06551059730250482	0.2773279352226721	0.11753371868978806	0.09441233140655106	0.08092485549132948	0.031
test31	0.8	0.8	0.9	0.9	0.8	0.0674373795761079	0.2773279352226721	0.11753371868978806	0.09441233140655106	0.08285163776493257	0.032
test31	0.8	0.8	0.9	0.9	0.8	0.06936416184971098	0.2813765182186235	0.11753371868978806	0.09441233140655106	0.08863198458574181	0.033
test31	0.8	0.8	0.9	0.9	0.8	0.06936416184971098	0.2813765182186235	0.11753371868978806	0.09633911368015415	0.08863198458574181	0.034
test31	0.8	0.8	0.9	0.9	0.8	0.06936416184971098	0.2834008097165992	0.11946050096339114	0.09826589595375723	0.09248554913294797	0.035
test31	0.8	0.8	0.9	0.9	0.8	0.07129094412331406	0.2834008097165992	0.11946050096339114	0.10404624277456648	0.09826589595375723	0.036000000000000004
test31	0.8	0.8	0.9	0.9	0.8	0.08092485549132948	0.2874493927125506	0.12138728323699421	0.10597302504816955	0.10404624277456648	0.037000000000000005
test31	0.8	0.8	0.9	0.9	0.8	0.08477842003853564	0.2894736842105263	0.1252408477842004	0.10789980732177264	0.10789980732177264	0.038
test31	0.8	0.8	0.9	0.9	0.8	0.08477842003853564	0.2935222672064777	0.12716763005780346	0.11368015414258188	0.11175337186897881	0.039
test31	0.8	0.8	0.9	0.9	0.8	0.08670520231213873	0.29554655870445345	0.12909441233140656	0.11753371868978806	0.11368015414258188	0.04
test31	0.8	0.8	0.9	0.9	0.8	0.08863198458574181	0.29554655870445345	0.12909441233140656	0.12138728323699421	0.11560693641618497	0.041
test31	0.8	0.8	0.9	0.9	0.8	0.08863198458574181	0.29554655870445345	0.13102119460500963	0.12138728323699421	0.11946050096339114	0.042
test31	0.8	0.8	0.9	0.9	0.8	0.08863198458574181	0.29554655870445345	0.13102119460500963	0.12138728323699421	0.12138728323699421	0.043000000000000003
test31	0.8	0.8	0.9	0.9	0.9	0.08863198458574181	0.29554655870445345	0.1348747591522158	0.1233140655105973	0.12138728323699421	0.044000000000000004
test31	0.8	0.8	0.9	0.9	0.9	0.09248554913294797	0.29554655870445345	0.1348747591522158	0.1233140655105973	0.12138728323699421	0.045
test31	0.8	0.8	0.9	0.9	0.9	0.09441233140655106	0.29554655870445345	0.1348747591522158	0.1252408477842004	0.1252408477842004	0.046
test31	0.8	0.8	0.9	0.9	0.9	0.09441233140655106	0.29959514170040485	0.13680154142581888	0.1252408477842004	0.1252408477842004	0.047
test31	0.8	0.8	0.9	0.9	0.9	0.09633911368015415	0.3016194331983806	0.13680154142581888	0.12909441233140656	0.12716763005780346	0.048
test31	0.8	0.8	0.9	0.9	0.9	0.09826589595375723	0.30364372469635625	0.13872832369942195	0.12909441233140656	0.12909441233140656	0.049
test31	0.8	0.8	0.9	0.9	0.9	0.09826589595375723	0.305668016194332	0.14065510597302505	0.13102119460500963	0.13102119460500963	0.05
test31	0.8	0.9	0.9	0.9	0.9	0.09826589595375723	0.3097165991902834	0.14258188824662812	0.13102119460500963	0.1348747591522158	0.051000000000000004
test31	0.8	0.9	0.9	0.9	0.9	0.1001926782273603	0.3117408906882591	0.14258188824662812	0.1329479768786127	0.1348747591522158	0.052000000000000005
test31	0.8	0.9	0.9	0.9	0.9	0.10597302504816955	0.3117408906882591	0.14450867052023122	0.1329479768786127	0.1348747591522158	0.053000000000000005
test31	0.8	0.9	0.9	0.9	0.9	0.10789980732177264	0.3117408906882591	0.14450867052023122	0.1329479768786127	0.1348747591522158	0.054
test31	0.9	0.9	0.9	0.9	0.9	0.10789980732177264	0.3117408906882591	0.1464354527938343	0.13680154142581888	0.13680154142581888	0.055
test31	0.9	0.9	0.9	0.9	0.9	0.10789980732177264	0.3117408906882591	0.15028901734104047	0.13872832369942195	0.13680154142581888	0.056
test31	0.9	0.9	0.9	0.9	0.9	0.10789980732177264	0.31376518218623484	0.15028901734104047	0.1464354527938343	0.13680154142581888	0.057
test31	0.9	0.9	0.9	0.9	0.9	0.10789980732177264	0.31376518218623484	0.15414258188824662	0.15028901734104047	0.13680154142581888	0.058
test31	0.9	0.9	0.9	0.9	0.9	0.11175337186897881	0.3157894736842105	0.15414258188824662	0.15028901734104047	0.13872832369942195	0.059000000000000004
test31	0.9	0.9	0.9	0.9	0.9	0.11560693641618497	0.31983805668016196	0.15606936416184972	0.15028901734104047	0.14065510597302505	0.060000000000000005
test31	0.9	0.9	0.9	0.9	0.9	0.11560693641618497	0.31983805668016196	0.16184971098265896	0.15028901734104047	0.14065510597302505	0.061
test31	0.9	0.9	0.9	0.9	0.9	0.11753371868978806	0.31983805668016196	0.16377649325626203	0.15028901734104047	0.14065510597302505	0.062
test31	0.9	0.9	0.9	0.9	0.9	0.11946050096339114	0.31983805668016196	0.16570327552986513	0.15028901734104047	0.14065510597302505	0.063
test31	0.9	0.9	0.9	0.9	0.9	0.12138728323699421	0.32186234817813764	0.16570327552986513	0.15414258188824662	0.14258188824662812	0.064
test31	0.9	0.9	0.9	0.9	0.9	0.1233140655105973	0.32186234817813764	0.16570327552986513	0.15414258188824662	0.14258188824662812	0.065
test31	0.9	0.9	0.9	0.9	0.9	0.12716763005780346	0.32388663967611336	0.1676300578034682	0.1579961464354528	0.14258188824662812	0.066
test31	0.9	0.9	0.9	0.9	0.9	0.13102119460500963	0.32388663967611336	0.17341040462427745	0.1579961464354528	0.1464354527938343	0.067
test31	0.9	0.9	0.9	0.9	0.9	0.1329479768786127	0.3259109311740891	0.17341040462427745	0.16377649325626203	0.14836223506743737	0.068
test31	0.9	0.9	0.9	0.9	0.9	0.1329479768786127	0.32793522267206476	0.17726396917148363	0.16570327552986513	0.15221579961464354	0.069
test31	0.9	0.9	0.9	0.9	0.9	0.13680154142581888	0.32793522267206476	0.1791907514450867	0.1676300578034682	0.15414258188824662	0.07
test31	0.9	0.9	0.9	0.9	0.9	0.13872832369942195	0.32793522267206476	0.18882466281310212	0.16955684007707128	0.15414258188824662	0.07100000000000001
test31	0.9	0.9	0.9	0.9	0.9	0.14258188824662812	0.32793522267206476	0.18882466281310212	0.16955684007707128	0.15414258188824662	0.07200000000000001
test31	0.9	0.9	0.9	0.9	0.9	0.14258188824662812	0.32793522267206476	0.19653179190751446	0.17148362235067438	0.15414258188824662	0.07300000000000001
test31	0.9	0.9	0.9	0.9	0.9	0.14836223506743737	0.3299595141700405	0.19653179190751446	0.17341040462427745	0.15414258188824662	0.074
test31	0.9	0.9	0.9	0.9	0.9	0.15028901734104047	0.3319838056680162	0.19845857418111754	0.1791907514450867	0.15606936416184972	0.075
test31	0.9	0.9	0.9	0.9	0.9	0.15028901734104047	0.3340080971659919	0.2003853564547206	0.1791907514450867	0.1579961464354528	0.076
test31	0.9	0.9	0.9	0.9	0.9	0.15028901734104047	0.3340080971659919	0.20423892100192678	0.1791907514450867	0.1579961464354528	0.077
test31	0.9	0.9	0.9	0.9	0.9	0.15606936416184972	0.3340080971659919	0.20616570327552985	0.1811175337186898	0.16184971098265896	0.078
test31	0.9	0.9	0.9	0.9	0.9	0.1579961464354528	0.3340080971659919	0.20616570327552985	0.18304431599229287	0.16184971098265896	0.079
test31	0.9	0.9	0.9	0.9	0.9	0.16184971098265896	0.3340080971659919	0.20616570327552985	0.18304431599229287	0.16570327552986513	0.08
test31	0.9	0.9	0.9	0.9	0.9	0.16570327552986513	0.3340080971659919	0.20809248554913296	0.18304431599229287	0.16570327552986513	0.081
test31	0.9	0.9	0.9	0.9	0.9	0.16570327552986513	0.3340080971659919	0.20809248554913296	0.18304431599229287	0.16955684007707128	0.082
test31	0.9	0.9	0.9	0.9	0.9	0.16955684007707128	0.3340080971659919	0.21001926782273603	0.18497109826589594	0.16955684007707128	0.083
test31	0.9	0.9	0.9	0.9	0.9	0.17148362235067438	0.33805668016194335	0.21001926782273603	0.1907514450867052	0.17148362235067438	0.084
test31	0.9	0.9	0.9	0.9	0.9	0.17341040462427745	0.33805668016194335	0.21001926782273603	0.1926782273603083	0.17148362235067438	0.085
test31	0.9	0.9	0.9	0.9	0.9	0.17341040462427745	0.34210526315789475	0.2138728323699422	0.1926782273603083	0.17341040462427745	0.08600000000000001
test31	0.9	0.9	0.9	0.9	0.9	0.17341040462427745	0.34210526315789475	0.2138728323699422	0.1926782273603083	0.17341040462427745	0.08700000000000001
test31	0.9	0.9	0.9	0.9	0.9	0.17533718689788053	0.3441295546558704	0.21579961464354527	0.19460500963391136	0.17533718689788053	0.08800000000000001
test31	0.9	0.9	0.9	0.9	0.9	0.1791907514450867	0.3441295546558704	0.22350674373795762	0.19845857418111754	0.17533718689788053	0.089
test31	0.9	0.9	0.9	0.9	0.9	0.1791907514450867	0.3441295546558704	0.22350674373795762	0.2023121387283237	0.17533718689788053	0.09
test31	0.9	0.9	0.9	0.9	0.9	0.1791907514450867	0.3441295546558704	0.22350674373795762	0.2023121387283237	0.17533718689788053	0.091
test31	0.9	0.9	0.9	0.9	0.9	0.1811175337186898	0.3441295546558704	0.22928709055876687	0.2023121387283237	0.17533718689788053	0.092
test31	0.9	0.9	0.9	0.9	0.9	0.1811175337186898	0.3441295546558704	0.22928709055876687	0.2023121387283237	0.17726396917148363	0.093
test31	0.9	0.9	0.9	0.9	0.9	0.18689788053949905	0.34615384615384615	0.23121387283236994	0.20423892100192678	0.17726396917148363	0.094
test31	0.9	0.9	0.9	0.9	0.9	0.18882466281310212	0.34615384615384615	0.23121387283236994	0.20423892100192678	0.1791907514450867	0.095
test31	0.9	0.9	0.9	0.9	0.9	0.1907514450867052	0.34615384615384615	0.23121387283236994	0.20616570327552985	0.1791907514450867	0.096
test31	0.9	0.9	0.9	0.9	0.9	0.1926782273603083	0.34615384615384615	0.23314065510597304	0.20616570327552985	0.1811175337186898	0.097
test31	0.9	0.9	0.9	0.9	0.9	0.1926782273603083	0.34615384615384615	0.2350674373795761	0.20809248554913296	0.18497109826589594	0.098
test31	0.9	0.9	0.9	0.9	0.9	0.19460500963391136	0.34615384615384615	0.2350674373795761	0.20809248554913296	0.18497109826589594	0.099
test31	0.9	0.9	0.9	0.9	0.9	0.19460500963391136	0.34615384615384615	0.23699421965317918	0.21001926782273603	0.18497109826589594	0.1
test123	0.7	0.8	0.8	0.8	0.7	0.007707129094412331	0.19838056680161945	0.04046242774566474	0.025048169556840076	0.03275529865125241	0.001
test123	0.8	0.9	0.8	0.8	0.7	0.023121387283236993	0.21862348178137653	0.055876685934489405	0.04238921001926782	0.04238921001926782	0.002
test123	0.8	0.9	0.8	0.8	0.7	0.028901734104046242	0.2388663967611336	0.06551059730250482	0.05973025048169557	0.04816955684007707	0.003
test123	0.8	0.9	0.8	0.8	0.8	0.036608863198458574	0.24493927125506074	0.0789980732177264	0.07321772639691715	0.05394990366088632	0.004
test123	0.8	0.9	0.8	0.8	0.8	0.038535645472061654	0.24696356275303644	0.08670520231213873	0.08670520231213873	0.0674373795761079	0.005
test123	0.8	0.9	0.8	0.8	0.8	0.046242774566473986	0.25303643724696356	0.09441233140655106	0.0905587668593449	0.07514450867052024	0.006
test123	0.8	0.9	0.8	0.8	0.9	0.05394990366088632	0.2550607287449393	0.1001926782273603	0.09248554913294797	0.08477842003853564	0.007
test123	0.8	0.9	0.8	0.8	0.9	0.0674373795761079	0.2651821862348178	0.10789980732177264	0.1001926782273603	0.08670520231213873	0.008
test123	0.8	0.9	0.8	0.8	0.9	0.0789980732177264	0.26720647773279355	0.11368015414258188	0.10597302504816955	0.09441233140655106	0.009000000000000001
test123	0.8	0.9	0.8	0.8	0.9	0.08285163776493257	0.27530364372469635	0.12138728323699421	0.11946050096339114	0.09826589595375723	0.010000000000000002
test123	0.8	0.9	0.8	0.8	0.9	0.09441233140655106	0.2773279352226721	0.1252408477842004	0.12716763005780346	0.11175337186897881	0.011
test123	0.8	0.9	0.8	0.8	0.9	0.1001926782273603	0.2813765182186235	0.1329479768786127	0.1329479768786127	0.11560693641618497	0.012
test123	0.8	0.9	0.9	0.8	0.9	0.10404624277456648	0.2834008097165992	0.14450867052023122	0.13872832369942195	0.11946050096339114	0.013000000000000001
test123	0.8	0.9	0.9	0.8	0.9	0.10982658959537572	0.2894736842105263	0.14836223506743737	0.14065510597302505	0.1252408477842004	0.014000000000000002
test123	0.8	0.9	0.9	0.8	0.9	0.11560693641618497	0.2894736842105263	0.1579961464354528	0.14450867052023122	0.13102119460500963	0.015
test123	0.8	0.9	0.9	0.8	0.9	0.1233140655105973	0.2935222672064777	0.16377649325626203	0.1464354527938343	0.1329479768786127	0.016
test123	0.8	0.9	0.9	0.8	0.9	0.1329479768786127	0.2975708502024291	0.16377649325626203	0.15028901734104047	0.1329479768786127	0.017
test123	0.8	0.9	0.9	0.8	0.9	0.13680154142581888	0.2975708502024291	0.16377649325626203	0.15414258188824662	0.1348747591522158	0.018000000000000002
test123	0.8	0.9	0.9	0.8	0.9	0.14258188824662812	0.2975708502024291	0.1676300578034682	0.1599229287090559	0.13680154142581888	0.019000000000000003
test123	0.8	0.9	0.9	0.8	0.9	0.15028901734104047	0.29959514170040485	0.17148362235067438	0.1676300578034682	0.14065510597302505	0.02
test123	0.8	0.9	0.9	0.9	0.9	0.15606936416184972	0.3016194331983806	0.17533718689788053	0.1676300578034682	0.14258188824662812	0.021
test123	0.9	0.9	0.9	0.9	0.9	0.1579961464354528	0.3117408906882591	0.1811175337186898	0.17148362235067438	0.14450867052023122	0.022000000000000002
test123	0.9	0.9	0.9	0.9	0.9	0.1579961464354528	0.31376518218623484	0.1811175337186898	0.17341040462427745	0.15028901734104047	0.023
test123	0.9	0.9	0.9	0.9	0.9	0.1579961464354528	0.3157894736842105	0.18689788053949905	0.17726396917148363	0.15606936416184972	0.024
test123	0.9	0.9	0.9	0.9	0.9	0.16377649325626203	0.3157894736842105	0.1926782273603083	0.17726396917148363	0.1579961464354528	0.025
test123	0.9	0.9	0.9	0.9	0.9	0.1676300578034682	0.31781376518218624	0.2003853564547206	0.1811175337186898	0.1599229287090559	0.026000000000000002
test123	0.9	0.9	0.9	0.9	0.9	0.16955684007707128	0.31983805668016196	0.20423892100192678	0.18689788053949905	0.16570327552986513	0.027000000000000003
test123	0.9	0.9	0.9	0.9	0.9	0.17726396917148363	0.3259109311740891	0.20809248554913296	0.18689788053949905	0.16955684007707128	0.028
test123	0.9	0.9	0.9	0.9	0.9	0.1811175337186898	0.32793522267206476	0.21001926782273603	0.1926782273603083	0.16955684007707128	0.029
test123	0.9	0.9	0.9	0.9	0.9	0.18497109826589594	0.3299595141700405	0.2138728323699422	0.19460500963391136	0.16955684007707128	0.030000000000000002
test123	0.9	0.9	0.9	0.9	0.9	0.18689788053949905	0.3360323886639676	0.21579961464354527	0.19653179190751446	0.17148362235067438	0.031
test123	0.9	0.9	0.9	0.9	0.9	0.1907514450867052	0.33805668016194335	0.21772639691714837	0.19653179190751446	0.17148362235067438	0.032
test123	0.9	0.9	0.9	0.9	0.9	0.19653179190751446	0.340080971659919	0.22350674373795762	0.2023121387283237	0.17341040462427745	0.033
test123	0.9	0.9	0.9	0.9	0.9	0.2023121387283237	0.34210526315789475	0.22928709055876687	0.20423892100192678	0.17726396917148363	0.034
test123	0.9	0.9	0.9	0.9	0.9	0.20616570327552985	0.3441295546558704	0.2350674373795761	0.20616570327552985	0.17726396917148363	0.035
test123	0.9	0.9	0.9	0.9	0.9	0.20809248554913296	0.34615384615384615	0.2350674373795761	0.20809248554913296	0.1791907514450867	0.036000000000000004
test123	0.9	0.9	0.9	0.9	0.9	0.21579961464354527	0.3481781376518219	0.2350674373795761	0.2138728323699422	0.18497109826589594	0.037000000000000005
test123	0.9	0.9	0.9	0.9	0.9	0.21965317919075145	0.3481781376518219	0.23699421965317918	0.2138728323699422	0.18497109826589594	0.038
test123	0.9	0.9	0.9	0.9	0.9	0.22157996146435452	0.3481781376518219	0.23892100192678228	0.21772639691714837	0.18689788053949905	0.039
test123	0.9	0.9	0.9	0.9	0.9	0.2254335260115607	0.35020242914979755	0.24084778420038536	0.21772639691714837	0.18689788053949905	0.04
test123	0.9	0.9	0.9	0.9	0.9	0.22736030828516376	0.35020242914979755	0.24470134874759153	0.21772639691714837	0.18689788053949905	0.041
test123	0.9	0.9	0.9	0.9	0.9	0.23121387283236994	0.3522267206477733	0.2504816955684008	0.21965317919075145	0.1926782273603083	0.042
test123	0.9	0.9	0.9	1	0.9	0.23314065510597304	0.354251012145749	0.2504816955684008	0.22157996146435452	0.1926782273603083	0.043000000000000003
test123	0.9	0.9	0.9	1	0.9	0.2350674373795761	0.354251012145749	0.2504816955684008	0.22350674373795762	0.19460500963391136	0.044000000000000004
test123	0.9	0.9	0.9	1	0.9	0.2350674373795761	0.354251012145749	0.2524084778420039	0.22928709055876687	0.19460500963391136	0.045
test123	0.9	0.9	0.9	1	0.9	0.23699421965317918	0.3582995951417004	0.2524084778420039	0.23314065510597304	0.19653179190751446	0.046
test123	0.9	0.9	0.9	1	0.9	0.23892100192678228	0.3603238866396761	0.2581888246628131	0.23699421965317918	0.2003853564547206	0.047
test123	0.9	0.9	0.9	1	0.9	0.24084778420038536	0.3603238866396761	0.26011560693641617	0.23892100192678228	0.2003853564547206	0.048
test123	0.9	0.9	0.9	1	0.9	0.2466281310211946	0.3603238866396761	0.26396917148362237	0.2466281310211946	0.20423892100192678	0.049
test123	0.9	0.9	0.9	1	0.9	0.24855491329479767	0.3603238866396761	0.26396917148362237	0.2504816955684008	0.20616570327552985	0.05
test123	0.9	0.9	0.9	1	0.9	0.2524084778420039	0.3623481781376518	0.2658959537572254	0.2524084778420039	0.20616570327552985	0.051000000000000004
test123	0.9	0.9	0.9	1	0.9	0.25626204238921	0.3684210526315789	0.2678227360308285	0.2543352601156069	0.20809248554913296	0.052000000000000005
test123	0.9	0.9	0.9	1	0.9	0.2581888246628131	0.37044534412955465	0.2678227360308285	0.25626204238921	0.2119460500963391	0.053000000000000005
test123	0.9	0.9	0.9	1	0.9	0.26011560693641617	0.37044534412955465	0.2697495183044316	0.25626204238921	0.2138728323699422	0.054
test123	0.9	0.9	0.9	1	0.9	0.26204238921001927	0.37044534412955465	0.27552986512524086	0.2581888246628131	0.21579961464354527	0.055
test123	0.9	0.9	0.9	1	0.9	0.26204238921001927	0.37449392712550605	0.2774566473988439	0.26011560693641617	0.21772639691714837	0.056
test123	0.9	0.9	0.9	1	0.9	0.2678227360308285	0.37449392712550605	0.2813102119460501	0.26011560693641617	0.2254335260115607	0.057
test123	0.9	0.9	0.9	1	0.9	0.2697495183044316	0.37449392712550605	0.2813102119460501	0.26011560693641617	0.2254335260115607	0.058
test123	0.9	0.9	0.9	1	0.9	0.27552986512524086	0.3805668016194332	0.2832369942196532	0.26204238921001927	0.2254335260115607	0.059000000000000004
test123	0.9	0.9	0.9	1	0.9	0.279383429672447	0.3805668016194332	0.2909441233140655	0.26204238921001927	0.2254335260115607	0.060000000000000005
test123	0.9	0.9	0.9	1	0.9	0.2832369942196532	0.3805668016194332	0.2909441233140655	0.26204238921001927	0.23121387283236994	0.061
test123	0.9	0.9	0.9	1	0.9	0.2832369942196532	0.3805668016194332	0.2947976878612717	0.2678227360308285	0.23121387283236994	0.062
test123	0.9	0.9	0.9	1	0.9	0.28516377649325625	0.3866396761133603	0.29865125240847784	0.2697495183044316	0.23314065510597304	0.063
test123	0.9	0.9	0.9	1	0.9	0.28516377649325625	0.3866396761133603	0.30057803468208094	0.27360308285163776	0.23314065510597304	0.064
test123	0.9	0.9	0.9	1	0.9	0.28516377649325625	0.3866396761133603	0.302504816955684	0.27552986512524086	0.23314065510597304	0.065
test123	0.9	0.9	0.9	1	0.9	0.28709055876685935	0.3866396761133603	0.3044315992292871	0.279383429672447	0.23314065510597304	0.066
test123	0.9	0.9	0.9	1	0.9	0.2928709055876686	0.39068825910931176	0.3063583815028902	0.28516377649325625	0.23314065510597304	0.067
test123	0.9	0.9	0.9	1	0.9	0.29672447013487474	0.39271255060728744	0.30828516377649323	0.28516377649325625	0.2350674373795761	0.068
test123	0.9	0.9	0.9	1	0.9	0.29865125240847784	0.39473684210526316	0.31021194605009633	0.28516377649325625	0.24084778420038536	0.069
test123	0.9	0.9	0.9	1	0.9	0.30057803468208094	0.39473684210526316	0.31021194605009633	0.2909441233140655	0.24084778420038536	0.07
test123	0.9	0.9	0.9	1	0.9	0.3044315992292871	0.3967611336032389	0.31213872832369943	0.29672447013487474	0.24277456647398843	0.07100000000000001
test123	0.9	0.9	0.9	1	0.9	0.3044315992292871	0.39878542510121456	0.3140655105973025	0.30057803468208094	0.24277456647398843	0.07200000000000001
test123	0.9	0.9	0.9	1	0.9	0.30828516377649323	0.4008097165991903	0.3179190751445087	0.302504816955684	0.24470134874759153	0.07300000000000001
test123	0.9	0.9	0.9	1	0.9	0.30828516377649323	0.4008097165991903	0.3198458574181118	0.3044315992292871	0.2466281310211946	0.074
test123	0.9	0.9	0.9	1	0.9	0.31021194605009633	0.4008097165991903	0.3217726396917148	0.3063583815028902	0.2466281310211946	0.075
test123	1	0.9	0.9	1	0.9	0.31021194605009633	0.402834008097166	0.325626204238921	0.3063583815028902	0.2466281310211946	0.076
test123	1	0.9	0.9	1	0.9	0.31213872832369943	0.402834008097166	0.325626204238921	0.3063583815028902	0.2466281310211946	0.077
test123	1	0.9	0.9	1	0.9	0.3159922928709056	0.4048582995951417	0.325626204238921	0.31021194605009633	0.2466281310211946	0.078
test123	1	0.9	0.9	1	0.9	0.3159922928709056	0.4048582995951417	0.325626204238921	0.31021194605009633	0.24855491329479767	0.079
test123	1	0.9	0.9	1	0.9	0.3159922928709056	0.4068825910931174	0.32947976878612717	0.31021194605009633	0.24855491329479767	0.08
test123	1	0.9	0.9	1	0.9	0.3159922928709056	0.4068825910931174	0.32947976878612717	0.31021194605009633	0.2543352601156069	0.081
test123	1	0.9	0.9	1	0.9	0.3198458574181118	0.4068825910931174	0.3333333333333333	0.31021194605009633	0.2581888246628131	0.082
test123	1	0.9	0.9	1	0.9	0.3198458574181118	0.4109311740890688	0.3333333333333333	0.31213872832369943	0.26011560693641617	0.083
test123	1	0.9	0.9	1	0.9	0.3217726396917148	0.4109311740890688	0.3352601156069364	0.3140655105973025	0.26011560693641617	0.084
test123	1	0.9	0.9	1	0.9	0.3236994219653179	0.4109311740890688	0.3352601156069364	0.3140655105973025	0.26011560693641617	0.085
test123	1	0.9	0.9	1	0.9	0.325626204238921	0.4109311740890688	0.3371868978805395	0.3140655105973025	0.26396917148362237	0.08600000000000001
test123	1	0.9	0.9	1	0.9	0.32947976878612717	0.41295546558704455	0.33911368015414256	0.3140655105973025	0.26396917148362237	0.08700000000000001
test123	1	0.9	0.9	1	0.9	0.3333333333333333	0.41295546558704455	0.34296724470134876	0.3140655105973025	0.26396917148362237	0.08800000000000001
test123	1	0.9	0.9	1	0.9	0.3352601156069364	0.4149797570850202	0.34296724470134876	0.3140655105973025	0.26396917148362237	0.089
test123	1	0.9	0.9	1	1	0.3352601156069364	0.4149797570850202	0.3468208092485549	0.3140655105973025	0.2697495183044316	0.09
test123	1	0.9	0.9	1	1	0.3352601156069364	0.4149797570850202	0.348747591522158	0.3159922928709056	0.2697495183044316	0.091
test123	1	0.9	0.9	1	1	0.3352601156069364	0.4149797570850202	0.35260115606936415	0.3159922928709056	0.2697495183044316	0.092
test123	1	0.9	0.9	1	1	0.3371868978805395	0.41700404858299595	0.35452793834296725	0.3179190751445087	0.27167630057803466	0.093
test123	1	0.9	0.9	1	1	0.34296724470134876	0.41700404858299595	0.35645472061657035	0.3217726396917148	0.27167630057803466	0.094
test123	1	0.9	0.9	1	1	0.34296724470134876	0.4190283400809717	0.35645472061657035	0.3217726396917148	0.27167630057803466	0.095
test123	1	0.9	0.9	1	1	0.3468208092485549	0.4190283400809717	0.3583815028901734	0.3236994219653179	0.27167630057803466	0.096
test123	1	0.9	0.9	1	1	0.348747591522158	0.42105263157894735	0.3603082851637765	0.3236994219653179	0.27167630057803466	0.097
test123	1	0.9	0.9	1	1	0.35260115606936415	0.4230769230769231	0.3603082851637765	0.32947976878612717	0.27167630057803466	0.098
test123	1	0.9	0.9	1	1	0.3583815028901734	0.4271255060728745	0.3603082851637765	0.33140655105973027	0.27167630057803466	0.099
test123	1	0.9	0.9	1	1	0.3603082851637765	0.4291497975708502	0.3603082851637765	0.33140655105973027	0.27360308285163776	0.1
