test	TP	FN	FP	TN	NAR	FDR	POWER	fdr	sim	rep	rd
ROSACE_tests	0	0.22896963663514183	0	0.7710303633648581	0	NA	0	0	sim1	rep1	rd1
SLR_tests	0	0	0	0	1	NA	NA	0	sim1	rep1	rd1
ENRICH2_tests	0	0.22896963663514183	0	0.7710303633648581	0	NA	0	0	sim1	rep1	rd1
DIMSUM_tests	0	0.18632818981251037	0	0.720590675294508	0.0930811348929816	NA	0	0	sim1	rep1	rd1
ROSACE_tests	0.14567778330844533	0.08329185332669653	0.30180852828936455	0.4692218350754936	0	0.6744530960326288	0.636231884057971	0.005	sim1	rep1	rd1
SLR_tests	0	0	0	0	1	NA	NA	0.005	sim1	rep1	rd1
ENRICH2_tests	0.15413970466235274	0.07482993197278912	0.4961008793761407	0.2749294839887174	0	0.7629497320745088	0.6731884057971015	0.005	sim1	rep1	rd1
DIMSUM_tests	0.13539074166251866	0.0509374481499917	0.484154637464742	0.23643603782976605	0.0930811348929816	0.7814675950723085	0.7266251113089938	0.005	sim1	rep1	rd1
ROSACE_tests	0.15314418450306952	0.07582545213207234	0.3268624522979924	0.44416791106686576	0	0.6809540269616315	0.6688405797101449	0.01	sim1	rep1	rd1
SLR_tests	0	0	0	0	1	NA	NA	0.01	sim1	rep1	rd1
ENRICH2_tests	0.16226978596316574	0.0666998506719761	0.5165090426414468	0.2545213207234113	0	0.760938645807871	0.708695652173913	0.01	sim1	rep1	rd1
DIMSUM_tests	0.1408661025385764	0.04546208727393396	0.5024058403849344	0.2181848349095736	0.0930811348929816	0.7810162496775859	0.7560106856634016	0.01	sim1	rep1	rd1
ROSACE_tests	0.171395387423262	0.05757424921187987	0.4103202256512361	0.3607101377136221	0	0.7053622361665717	0.7485507246376811	0.05	sim1	rep1	rd1
SLR_tests	0	0	0	0	1	NA	NA	0.05	sim1	rep1	rd1
ENRICH2_tests	0.18218018914883027	0.0467894474863116	0.5788949726231957	0.19213539074166253	0	0.7606278613472858	0.7956521739130435	0.05	sim1	rep1	rd1
DIMSUM_tests	0.15397378463580555	0.03235440517670483	0.5525136884021902	0.1680769868923179	0.0930811348929816	0.7820573038985439	0.8263579697239537	0.05	sim1	rep1	rd1
ROSACE_tests	0	0.2588352414136386	0	0.7411647585863613	0	NA	0	0	sim10	rep1	rd1
SLR_tests	0	0	0	0	1	NA	NA	0	sim10	rep1	rd1
ENRICH2_tests	0	0.2588352414136386	0	0.7411647585863613	0	NA	0	0	sim10	rep1	rd1
DIMSUM_tests	0	0.2145345943255351	0	0.6898954703832753	0.09556993529118964	NA	0	0	sim10	rep1	rd1
ROSACE_tests	0.1645926663348266	0.094242575078812	0.28787124605939934	0.453293512526962	0	0.6362302896956362	0.6358974358974359	0.005	sim10	rep1	rd1
SLR_tests	0	0	0	0	1	NA	NA	0.005	sim10	rep1	rd1
ENRICH2_tests	0.17803218848515015	0.08080305292848847	0.48149991703998674	0.25966484154637465	0	0.7300628930817611	0.6878205128205128	0.005	sim10	rep1	rd1
DIMSUM_tests	0.15762402521984403	0.05691056910569105	0.4662352745976439	0.22366019578563132	0.09556993529118964	0.7473404255319149	0.7347254447022429	0.005	sim10	rep1	rd1
ROSACE_tests	0.17305458768873402	0.085780653724904593	0.3084453293512527	0.4327194292351087	0	0.6405926946933149	0.6685897435897435	0.01	sim10	rep1	rd1
SLR_tests	0	0	0	0	1	NA	NA	0.01	sim10	rep1	rd1
ENRICH2_tests	0.18500082960013273	0.07383441181350589	0.5002488800398208	0.24091587854654056	0	0.7300242130750605	0.7147435897435898	0.01	sim10	rep1	rd1
DIMSUM_tests	0.16193794591007135	0.05259664841546375	0.4839887174381948	0.20590675294508048	0.09556993529118964	0.7492936039044439	0.7548337200309359	0.01	sim10	rep1	rd1
ROSACE_tests	0.1911398705823793	0.06769537083125933	0.3882528621204579	0.35291189646590343	0	0.6701030927835052	0.7384615384615385	0.05	sim10	rep1	rd1
SLR_tests	0	0	0	0	1	NA	NA	0.05	sim10	rep1	rd1
ENRICH2_tests	0.2042475526796084	0.0545876887340302	0.5564957690393231	0.1846689895470383	0	0.731515812431843	0.7891025641025641	0.05	sim10	rep1	rd1
DIMSUM_tests	0.17438194790111167	0.04015264642442343	0.5317736850837896	0.15812178529948565	0.09556993529118964	0.7530545112781956	0.8128383604021655	0.05	sim10	rep1	rd1
ROSACE_tests	0	0.2654720424755268	0	0.7345279575244732	0	NA	0	0	sim2	rep1	rd1
SLR_tests	0	0	0	0	1	NA	NA	0	sim2	rep1	rd1
ENRICH2_tests	0	0.2654720424755268	0	0.7345279575244732	0	NA	0	0	sim2	rep1	rd1
DIMSUM_tests	0	0.22216691554670648	0	0.6884021901443504	0.08943089430894309	NA	0	0	sim2	rep1	rd1
ROSACE_tests	0.16094242575078813	0.10452961672473868	0.27559316409490625	0.45893479342956695	0	0.6313188901558342	0.60625	0.005	sim2	rep1	rd1
SLR_tests	0	0	0	0	1	NA	NA	0.005	sim2	rep1	rd1
ENRICH2_tests	0.17687074829931973	0.08860129417620707	0.47602455616392897	0.2585034013605442	0	0.7290978398983481	0.66625	0.005	sim2	rep1	rd1
DIMSUM_tests	0.1601128256180521	0.06205408992865439	0.46324871411979424	0.22515347602455615	0.08943089430894309	0.7431461272291722	0.720687079910381	0.005	sim2	rep1	rd1
ROSACE_tests	0.16923842707814837	0.09623361539737846	0.30247220839555333	0.43205574912891986	0	0.6412240590925079	0.6375000000000001	0.01	sim2	rep1	rd1
SLR_tests	0	0	0	0	1	NA	NA	0.01	sim2	rep1	rd1
ENRICH2_tests	0.1854985896797743	0.07997345279575245	0.501244400199104	0.2332835573253692	0	0.7298864460014496	0.69875	0.01	sim2	rep1	rd1
DIMSUM_tests	0.16608594657375145	0.05608096897295504	0.4826613572258171	0.2057408329185333	0.08943089430894309	0.7439897698209719	0.7475728155339806	0.01	sim2	rep1	rd1
ROSACE_tests	0.18865107018417124	0.07682097229135557	0.3822797411647586	0.3522482163597146	0	0.6695727986050566	0.7106250000000001	0.05	sim2	rep1	rd1
SLR_tests	0	0	0	0	1	NA	NA	0.05	sim2	rep1	rd1
ENRICH2_tests	0.20540899286543887	0.06006304961008794	0.5538410486145677	0.18068690890990544	0	0.7294580419580419	0.77375	0.05	sim2	rep1	rd1
DIMSUM_tests	0.17852994856479176	0.04363696698191471	0.5291189646590343	0.1592832254853161	0.08943089430894309	0.7477139507620164	0.8035847647498133	0.05	sim2	rep1	rd1
ROSACE_tests	0	0.25551684088269455	0	0.7444831591173054	0	NA	0	0	sim3	rep1	rd1
SLR_tests	0	0	0	0	1	NA	NA	0	sim3	rep1	rd1
ENRICH2_tests	0	0.25551684088269455	0	0.7444831591173054	0	NA	0	0	sim3	rep1	rd1
DIMSUM_tests	0	0.2105525136884022	0	0.6907250705160113	0.09872241579558652	NA	0	0	sim3	rep1	rd1
ROSACE_tests	0.1606105856976937	0.09490625518500084	0.29019412643106024	0.4542890326862452	0	0.6437246963562753	0.6285714285714286	0.005	sim3	rep1	rd1
SLR_tests	0	0	0	0	1	NA	NA	0.005	sim3	rep1	rd1
ENRICH2_tests	0.17305458768873402	0.08246225319396051	0.48797079807532767	0.2565123610419778	0	0.73820281124498	0.6772727272727272	0.005	sim3	rep1	rd1
DIMSUM_tests	0.15530114484818316	0.05525136884021901	0.4728720756595321	0.2178529948564792	0.09872241579558652	0.7527733755942948	0.7375886524822696	0.005	sim3	rep1	rd1
ROSACE_tests	0.1674133067861291	0.08810353409656546	0.3172390907582545	0.42724406835905093	0	0.6545703526189661	0.6551948051948052	0.01	sim3	rep1	rd1
SLR_tests	0	0	0	0	1	NA	NA	0.01	sim3	rep1	rd1
ENRICH2_tests	0.1805209888833582	0.07499585199933632	0.5111996017919362	0.2332835573253692	0	0.7390261453585992	0.7064935064935064	0.01	sim3	rep1	rd1
DIMSUM_tests	0.16110834577733532	0.04944416791106686	0.49079143852663015	0.1999336319893811	0.09872241579558652	0.7528633240010181	0.7651694247438928	0.01	sim3	rep1	rd1
ROSACE_tests	0.18566450970632156	0.06985233117637299	0.39671478347436534	0.3477683756429401	0	0.6811965811965811	0.7266233766233766	0.05	sim3	rep1	rd1
SLR_tests	0	0	0	0	1	NA	NA	0.05	sim3	rep1	rd1
ENRICH2_tests	0.1992699518831923	0.05624688899950224	0.5661191305790609	0.17836402853824457	0	0.7396488185562541	0.7798701298701298	0.05	sim3	rep1	rd1
DIMSUM_tests	0.17338642774182844	0.03716608594657375	0.5347602455616393	0.155964824954372	0.09872241579558652	0.7551546391752577	0.8234830575256107	0.05	sim3	rep1	rd1
ROSACE_tests	0	0.2389248382279741	0	0.7610751617720258	0	NA	0	0	sim4	rep1	rd1
SLR_tests	0	0	0	0	1	NA	NA	0	sim4	rep1	rd1
ENRICH2_tests	0	0.2389248382279741	0	0.7610751617720258	0	NA	0	0	sim4	rep1	rd1
DIMSUM_tests	0	0.19644931143188984	0	0.708312593330015	0.09523809523809525	NA	0	0	sim4	rep1	rd1
ROSACE_tests	0.1521486643437863	0.08677617388418782	0.296499087439854	0.4645760743321719	0	0.6608727810650888	0.6368055555555555	0.005	sim4	rep1	rd1
SLR_tests	0	0	0	0	1	NA	NA	0.005	sim4	rep1	rd1
ENRICH2_tests	0.16326530612244897	0.07565953210552513	0.49328023892483824	0.26779492284718764	0	0.7513267626990144	0.6833333333333332	0.005	sim4	rep1	rd1
DIMSUM_tests	0.1440185830429733	0.05243072838891654	0.47851335656213706	0.2297992367678779	0.09523809523809525	0.7686567164179104	0.7331081081081081	0.005	sim4	rep1	rd1
ROSACE_tests	0.15845362535258006	0.08047121287539406	0.3215530114484818	0.439522150323544	0	0.6698928447977878	0.6631944444444445	0.01	sim4	rep1	rd1
SLR_tests	0	0	0	0	1	NA	NA	0.01	sim4	rep1	rd1
ENRICH2_tests	0.17239090758254522	0.06653393064542891	0.5171727227476356	0.24390243902439024	0	0.7499999999999999	0.7215277777777778	0.01	sim4	rep1	rd1
DIMSUM_tests	0.14916210386593662	0.04728720756595321	0.49759415961506553	0.2107184337149494	0.09523809523809525	0.7693689071318626	0.7592905405405406	0.01	sim4	rep1	rd1
ROSACE_tests	0.1752115480338477	0.06371329019412643	0.407001825120292	0.35407333665173385	0	0.6990595611285267	0.7333333333333334	0.05	sim4	rep1	rd1
SLR_tests	0	0	0	0	1	NA	NA	0.05	sim4	rep1	rd1
ENRICH2_tests	0.18931475029036005	0.04961008793761407	0.5692716110834578	0.1918035506885681	0	0.7504374453193351	0.7923611111111111	0.05	sim4	rep1	rd1
DIMSUM_tests	0.16144018583042974	0.0350091256014601	0.5422266467562635	0.16608594657375145	0.09523809523809525	0.7705729780712096	0.8217905405405405	0.05	sim4	rep1	rd1
ROSACE_tests	0	0.24888003982080636	0	0.7511199601791936	0	NA	0	0	sim5	rep1	rd1
SLR_tests	0	0	0	0	1	NA	NA	0	sim5	rep1	rd1
ENRICH2_tests	0	0.24888003982080636	0	0.7511199601791936	0	NA	0	0	sim5	rep1	rd1
DIMSUM_tests	0	0.20142691222830592	0	0.6993529118964659	0.09922017587522812	NA	0	0	sim5	rep1	rd1
ROSACE_tests	0.15878546540567445	0.09009457441513193	0.2923510867761739	0.45876887340301975	0	0.6480323648400147	0.638	0.005	sim5	rep1	rd1
SLR_tests	0	0	0	0	1	NA	NA	0.005	sim5	rep1	rd1
ENRICH2_tests	0.1672473867595819	0.08163265306122448	0.4853160776505725	0.2658038825286212	0	0.7437070938215102	0.672	0.005	sim5	rep1	rd1
DIMSUM_tests	0.1483325037332006	0.05309440849510536	0.47220839555334326	0.2271445163431226	0.09922017587522812	0.7609625668449198	0.7364085667215815	0.005	sim5	rep1	rd1
ROSACE_tests	0.16575410652065703	0.08312593330014932	0.32072341131574583	0.4303965488634478	0	0.6592769440654843	0.6659999999999999	0.01	sim5	rep1	rd1
SLR_tests	0	0	0	0	1	NA	NA	0.01	sim5	rep1	rd1
ENRICH2_tests	0.17637298821967812	0.07250705160112826	0.5082130413140866	0.242906918865107	0	0.7423654871546292	0.7086666666666667	0.01	sim5	rep1	rd1
DIMSUM_tests	0.15297826447652232	0.04844864775178364	0.48946407831425254	0.2098888335822134	0.09922017587522812	0.7618801652892562	0.7594728171334432	0.01	sim5	rep1	rd1
ROSACE_tests	0.1831757093081135	0.06570433051269288	0.3998672639787622	0.35125269620043137	0	0.6858281161070006	0.7360000000000001	0.05	sim5	rep1	rd1
SLR_tests	0	0	0	0	1	NA	NA	0.05	sim5	rep1	rd1
ENRICH2_tests	0.19495603119296495	0.05392400862784138	0.5677783308445329	0.1833416293346607	0	0.744398520774418	0.7833333333333333	0.05	sim5	rep1	rd1
DIMSUM_tests	0.16525634644101542	0.03617056578729052	0.5427244068359051	0.1566285050605608	0.09922017587522812	0.7665807358800094	0.8204283360790774	0.05	sim5	rep1	rd1
ROSACE_tests	0	0.27542724406835906	0	0.7245727559316409	0	NA	0	0	sim6	rep1	rd1
SLR_tests	0	0	0	0	1	NA	NA	0	sim6	rep1	rd1
ENRICH2_tests	0	0.27542724406835906	0	0.7245727559316409	0	NA	0	0	sim6	rep1	rd1
DIMSUM_tests	0	0.23145843703334992	0	0.6796084287373486	0.08893313422930148	NA	0	0	sim6	rep1	rd1
ROSACE_tests	0.17156130744980921	0.10386593661854986	0.2692882030861125	0.4552845528455284	0	0.6108392924350772	0.6228915662650603	0.005	sim6	rep1	rd1
SLR_tests	0	0	0	0	1	NA	NA	0.005	sim6	rep1	rd1
ENRICH2_tests	0.19263315082130417	0.08279409324705492	0.47834743653558986	0.2462253193960511	0	0.7129080118694362	0.6993975903614458	0.005	sim6	rep1	rd1
DIMSUM_tests	0.17438194790111167	0.05707648913223826	0.4647419943587191	0.2148664343786295	0.08893313422930148	0.7271547248182763	0.753405017921147	0.005	sim6	rep1	rd1
ROSACE_tests	0.179525468724075	0.09590177534428404	0.29815828770532604	0.4264144682263149	0	0.6241750607849949	0.6518072289156626	0.01	sim6	rep1	rd1
SLR_tests	0	0	0	0	1	NA	NA	0.01	sim6	rep1	rd1
ENRICH2_tests	0.20009955201592833	0.07532769205243073	0.5007466401194625	0.22382611581217857	0	0.7144886363636364	0.7265060240963855	0.01	sim6	rep1	rd1
DIMSUM_tests	0.17836402853824457	0.05309440849510536	0.485813837730214	0.19379459100713456	0.08893313422930148	0.731451411441419	0.7706093189964158	0.01	sim6	rep1	rd1
ROSACE_tests	0.2029201924672308	0.07250705160112826	0.3832752613240418	0.3412974946075991	0	0.653835267478064	0.7367469879518072	0.05	sim6	rep1	rd1
SLR_tests	0	0	0	0	1	NA	NA	0.05	sim6	rep1	rd1
ENRICH2_tests	0.22216691554670648	0.05326032852165256	0.5599800895968143	0.1645926663348266	0	0.7159524819686041	0.8066265060240964	0.05	sim6	rep1	rd1
DIMSUM_tests	0.19296499087439853	0.03849344615895139	0.5390741662518665	0.140534262485482	0.08893313422930148	0.736400725294651	0.8336917562724014	0.05	sim6	rep1	rd1
ROSACE_tests	0	0.2422432387589182	0	0.7577567612410818	0	NA	0	0	sim7	rep1	rd1
SLR_tests	0	0	0	0	1	NA	NA	0	sim7	rep1	rd1
ENRICH2_tests	0	0.2422432387589182	0	0.7577567612410818	0	NA	0	0	sim7	rep1	rd1
DIMSUM_tests	0	0.20109507217521155	0	0.7076489132238262	0.09125601460096232	NA	0	0	sim7	rep1	rd1
ROSACE_tests	0.155964824954372	0.0862784138045462	0.28637796582047453	0.4713787954206073	0	0.6474118529632409	0.6438356164383562	0.005	sim7	rep1	rd1
SLR_tests	0	0	0	0	1	NA	NA	0.005	sim7	rep1	rd1
ENRICH2_tests	0.16326530612244897	0.07897793263646923	0.48913223826115815	0.2686245229799237	0	0.7497456765005087	0.673972602739726	0.005	sim7	rep1	rd1
DIMSUM_tests	0.14501410320225652	0.05608096897295504	0.47353575576572093	0.2341131574581052	0.09125601460096232	0.7655579399141631	0.7211221122112211	0.005	sim7	rep1	rd1
ROSACE_tests	0.16226978596316574	0.07997345279575245	0.3169072507051601	0.4408495105359217	0	0.6613573407202216	0.6698630136986301	0.01	sim7	rep1	rd1
SLR_tests	0	0	0	0	1	NA	NA	0.01	sim7	rep1	rd1
ENRICH2_tests	0.16990210718433715	0.07234113157458105	0.5120292019246723	0.2457275593164095	0	0.7508515815085157	0.7013698630136986	0.01	sim7	rep1	rd1
DIMSUM_tests	0.15015762402521984	0.0509374481499917	0.49328023892483824	0.2143686742989879	0.09125601460096232	0.7666322846828262	0.7466996699669967	0.01	sim7	rep1	rd1
ROSACE_tests	0.18085282893645263	0.06139040982246557	0.4033515845362535	0.3544051767048283	0	0.6904288554387958	0.7465753424657534	0.05	sim7	rep1	rd1
SLR_tests	0	0	0	0	1	NA	NA	0.05	sim7	rep1	rd1
ENRICH2_tests	0.18931475029036005	0.05292848846855815	0.569437531110005	0.1883192301310768	0	0.7504920183686857	0.7815068493150685	0.05	sim7	rep1	rd1
DIMSUM_tests	0.16276754604280735	0.03832752613240418	0.541894806703169	0.16575410652065703	0.09125601460096232	0.7690134212385213	0.8094059405940595	0.05	sim7	rep1	rd1
ROSACE_tests	0	0.2887008461921354	0	0.7112991538078646	0	NA	0	0	sim8	rep1	rd1
SLR_tests	0	0	0	0	1	NA	NA	0	sim8	rep1	rd1
ENRICH2_tests	0	0.2887008461921354	0	0.7112991538078646	0	NA	0	0	sim8	rep1	rd1
DIMSUM_tests	0	0.23643603782976605	0	0.6616890658702506	0.1018748962999834	NA	0	0	sim8	rep1	rd1
ROSACE_tests	0.17803218848515015	0.11066865770698524	0.2699518831923013	0.4413472706155633	0	0.6025925925925926	0.6166666666666667	0.005	sim8	rep1	rd1
SLR_tests	0	0	0	0	1	NA	NA	0.005	sim8	rep1	rd1
ENRICH2_tests	0.19479011116641776	0.0939107350257176	0.45113655218184834	0.2601626016260163	0	0.6984330850244028	0.674712643678161	0.005	sim8	rep1	rd1
DIMSUM_tests	0.17471378795420608	0.06172224987555998	0.4391903102704496	0.2224987555998009	0.1018748962999834	0.7154054054054053	0.7389473684210526	0.005	sim8	rep1	rd1
ROSACE_tests	0.18649410983905756	0.10220673635307782	0.29417620706819314	0.4171229467396715	0	0.6120124266482568	0.6459770114942529	0.01	sim8	rep1	rd1
SLR_tests	0	0	0	0	1	NA	NA	0.01	sim8	rep1	rd1
ENRICH2_tests	0.2037497925999668	0.08495105359216858	0.4698855151816824	0.24141363862618215	0	0.6975369458128079	0.7057471264367816	0.01	sim8	rep1	rd1
DIMSUM_tests	0.18018914883026385	0.05624688899950224	0.45628007300481166	0.20540899286543887	0.1018748962999834	0.7168925964546402	0.7621052631578947	0.01	sim8	rep1	rd1
ROSACE_tests	0.20623859299817487	0.08246225319396051	0.3704994192799071	0.34079973452795753	0	0.6424050632911392	0.7143678160919541	0.05	sim8	rep1	rd1
SLR_tests	0	0	0	0	1	NA	NA	0.05	sim8	rep1	rd1
ENRICH2_tests	0.2229965156794425	0.06570433051269288	0.5294508047121288	0.18184834909573583	0	0.703638368246968	0.7724137931034483	0.05	sim8	rep1	rd1
DIMSUM_tests	0.19279907084785133	0.04363696698191471	0.5067197610751618	0.15496930479508875	0.1018748962999834	0.72438330170778	0.8154385964912281	0.05	sim8	rep1	rd1
ROSACE_tests	0	0.21569603451136551	0	0.7843039654886345	0	NA	0	0	sim9	rep1	rd1
SLR_tests	0	0	0	0	1	NA	NA	0	sim9	rep1	rd1
ENRICH2_tests	0	0.21569603451136551	0	0.7843039654886345	0	NA	0	0	sim9	rep1	rd1
DIMSUM_tests	0	0.1760411481665837	0	0.7300481168076987	0.0939107350257176	NA	0	0	sim9	rep1	rd1
ROSACE_tests	0.1333997013439522	0.0822963331674133	0.2968309274929484	0.4874730379956861	0	0.6899344388738913	0.6184615384615385	0.005	sim9	rep1	rd1
SLR_tests	0	0	0	0	1	NA	NA	0.005	sim9	rep1	rd1
ENRICH2_tests	0.14169570267131243	0.0740003318400531	0.4987555998008959	0.2855483656877385	0	0.7787564766839378	0.6569230769230768	0.005	sim9	rep1	rd1
DIMSUM_tests	0.12659698025551683	0.04944416791106686	0.48299319727891155	0.2470549195287871	0.0939107350257176	0.7923244420250408	0.7191328934967012	0.005	sim9	rep1	rd1
ROSACE_tests	0.13937282229965156	0.07632321221171395	0.3253691720590675	0.45893479342956695	0	0.700107104605498	0.6461538461538462	0.01	sim9	rep1	rd1
SLR_tests	0	0	0	0	1	NA	NA	0.01	sim9	rep1	rd1
ENRICH2_tests	0.15065538410486146	0.06504065040650407	0.5211548033847685	0.26314916210386596	0	0.775747098048901	0.6984615384615384	0.01	sim9	rep1	rd1
DIMSUM_tests	0.1322382611581218	0.04380288700846192	0.5015762402521985	0.22847187655550025	0.0939107350257176	0.7913612565445026	0.7511781338360037	0.01	sim9	rep1	rd1
ROSACE_tests	0.15430562468889994	0.06139040982246557	0.40534262485482	0.3789613406338145	0	0.7242810554402609	0.7153846153846154	0.05	sim9	rep1	rd1
SLR_tests	0	0	0	0	1	NA	NA	0.05	sim9	rep1	rd1
ENRICH2_tests	0.16990210718433715	0.04579392732702837	0.5858636137381782	0.19844035175045627	0	0.7751920965971459	0.7876923076923077	0.05	sim9	rep1	rd1
DIMSUM_tests	0.14352082296333168	0.03252032520325203	0.5569935291189647	0.17305458768873402	0.0939107350257176	0.7951207958313595	0.8152686145146089	0.05	sim9	rep1	rd1
ROSACE_tests	0	0.22896963663514183	0	0.7710303633648581	0	NA	0	0	sim1	rep1	rd3
SLR_tests	0	0.22896963663514183	0	0.7710303633648581	0	NA	0	0	sim1	rep1	rd3
ENRICH2_tests	3.318400530944085e-4	0.22863779658204744	3.318400530944085e-4	0.7706985233117637	0	0.5	0.00144927536231884	0	sim1	rep1	rd3
EDGER_tests	0	0.22896963663514183	0	0.7710303633648581	0	NA	0	0	sim1	rep1	rd3
LIMMA_tests	0	0.22896963663514183	0	0.7710303633648581	0	NA	0	0	sim1	rep1	rd3
ROSACE_tests	0.1840053094408495	0.04496432719429235	0.04778496764559482	0.7232453957192633	0	0.20615604867573373	0.803623188405797	0.005	sim1	rep1	rd3
SLR_tests	0	0.22896963663514183	0	0.7710303633648581	0	NA	0	0.005	sim1	rep1	rd3
ENRICH2_tests	0.10021569603451136	0.1287539406006305	0.06852497096399536	0.7025053924008627	0	0.4060963618485743	0.43768115942028984	0.005	sim1	rep1	rd3
EDGER_tests	0.00215696034511365	0.2268126762900282	0	0.7710303633648581	0	0	0.00942028985507246	0.005	sim1	rep1	rd3
LIMMA_tests	0.03733200597312095	0.1916376306620209	1.6592002654720425e-4	0.770864443338311	0	0.00442477876106194	0.16304347826086957	0.005	sim1	rep1	rd3
ROSACE_tests	0.1904761904761905	0.03849344615895139	0.06570433051269288	0.7053260328521652	0	0.25647668393782386	0.8318840579710145	0.01	sim1	rep1	rd3
SLR_tests	0	0.22896963663514183	0	0.7710303633648581	0	NA	0	0.01	sim1	rep1	rd3
ENRICH2_tests	0.10768209722913556	0.12128753940600633	0.07731873237099718	0.6937116309938609	0	0.41793721973094167	0.4702898550724638	0.01	sim1	rep1	rd3
EDGER_tests	0.00365024058403849	0.22531939605110335	0	0.7710303633648581	0	0	0.01594202898550724	0.01	sim1	rep1	rd3
LIMMA_tests	0.04795088767214203	0.18101874896299985	8.296001327360213e-4	0.7702007632321222	0	0.01700680272108843	0.20942028985507247	0.01	sim1	rep1	rd3
ROSACE_tests	0.2025883524141364	0.02638128422100547	0.1327360212377634	0.6382943421270948	0	0.39584364176150416	0.8847826086956522	0.05	sim1	rep1	rd3
SLR_tests	0	0.22896963663514183	0	0.7710303633648581	0	NA	0	0.05	sim1	rep1	rd3
ENRICH2_tests	0.12659698025551683	0.10237265637962502	0.11614401858304298	0.6548863447818152	0	0.4784688995215311	0.5528985507246377	0.05	sim1	rep1	rd3
EDGER_tests	0.01742160278745644	0.21154803384768545	4.977600796416127e-4	0.7705326032852166	0	0.02777777777777778	0.07608695652173912	0.05	sim1	rep1	rd3
LIMMA_tests	0.07930977268956363	0.14965986394557823	0.00647088103534096	0.7645594823295172	0	0.07543520309477757	0.3463768115942029	0.05	sim1	rep1	rd3
ROSACE_tests	0	0.2588352414136386	0	0.7411647585863613	0	NA	0	0	sim10	rep1	rd3
SLR_tests	0	0.2588352414136386	0	0.7411647585863613	0	NA	0	0	sim10	rep1	rd3
ENRICH2_tests	6.63680106188817e-4	0.2581715613074498	6.63680106188817e-4	0.7405010784801725	0	0.5	0.00256410256410256	0	sim10	rep1	rd3
EDGER_tests	0	0.2588352414136386	0	0.7411647585863613	0	NA	0	0	sim10	rep1	rd3
LIMMA_tests	0	0.2588352414136386	0	0.7411647585863613	0	NA	0	0	sim10	rep1	rd3
ROSACE_tests	0.20225651236104197	0.05657872905259665	0.05359216857474697	0.6875725900116144	0	0.2094682230869001	0.7814102564102564	0.005	sim10	rep1	rd3
SLR_tests	0	0.2588352414136386	1.6592002654720425e-4	0.7409988385598142	0	1	0	0.005	sim10	rep1	rd3
ENRICH2_tests	0.11116641778662684	0.14766882362701178	0.06537249045959848	0.6757922681267629	0	0.3703007518796993	0.4294871794871795	0.005	sim10	rep1	rd3
EDGER_tests	0.00248880039820806	0.2563464410154306	0	0.7411647585863613	0	0	0.00961538461538461	0.005	sim10	rep1	rd3
LIMMA_tests	0	0.2588352414136386	0	0.7411647585863613	0	NA	0	0.005	sim10	rep1	rd3
ROSACE_tests	0.20872739339638297	0.05010784801725568	0.06885681101708976	0.6723079475692716	0	0.2480573819485953	0.8064102564102564	0.01	sim10	rep1	rd3
SLR_tests	0	0.2588352414136386	3.318400530944085e-4	0.7408329185332669	0	1	0	0.01	sim10	rep1	rd3
ENRICH2_tests	0.11879873900779823	0.1400365024058404	0.0741662518666003	0.6669985067197611	0	0.38435081685296646	0.45897435897435895	0.01	sim10	rep1	rd3
EDGER_tests	0.00447984071677451	0.25435540069686413	0	0.7411647585863613	0	0	0.0173076923076923	0.01	sim10	rep1	rd3
LIMMA_tests	0.01858304297328687	0.24025219844035176	3.318400530944085e-4	0.7408329185332669	0	0.01754385964912281	0.0717948717948718	0.01	sim10	rep1	rd3
ROSACE_tests	0.22465571594491457	0.03417952546872407	0.13505890160942427	0.6061058569769371	0	0.37546125461254615	0.867948717948718	0.05	sim10	rep1	rd3
SLR_tests	0	0.2588352414136386	3.318400530944085e-4	0.7408329185332669	0	1	0	0.05	sim10	rep1	rd3
ENRICH2_tests	0.14103202256512362	0.117803218848515	0.1095072175211548	0.6316575410652066	0	0.43708609271523174	0.5448717948717949	0.05	sim10	rep1	rd3
EDGER_tests	0.01841712294673967	0.24041811846689895	8.296001327360213e-4	0.7403351584536253	0	0.04310344827586208	0.07115384615384615	0.05	sim10	rep1	rd3
LIMMA_tests	0.0663680106188817	0.19246723079475692	0.00315248050439688	0.7380122780819645	0	0.04534606205250596	0.25641025641025644	0.05	sim10	rep1	rd3
ROSACE_tests	0	0.2654720424755268	0	0.7345279575244732	0	NA	0	0	sim2	rep1	rd3
SLR_tests	0	0.2654720424755268	0	0.7345279575244732	0	NA	0	0	sim2	rep1	rd3
ENRICH2_tests	6.63680106188817e-4	0.26480836236933797	9.955201592832257e-4	0.73353243736519	0	0.6	0.0025	0	sim2	rep1	rd3
EDGER_tests	0	0.2654720424755268	0	0.7345279575244732	0	NA	0	0	sim2	rep1	rd3
LIMMA_tests	0	0.2654720424755268	0	0.7345279575244732	0	NA	0	0	sim2	rep1	rd3
ROSACE_tests	0.20590675294508048	0.05956528953044632	0.04961008793761407	0.6849178695868592	0	0.19415584415584416	0.775625	0.005	sim2	rep1	rd3
SLR_tests	0	0.2654720424755268	0	0.7345279575244732	0	NA	0	0.005	sim2	rep1	rd3
ENRICH2_tests	0.11033681765389082	0.15513522482163597	0.06918865107018417	0.6653393064542891	0	0.3853974121996303	0.415625	0.005	sim2	rep1	rd3
EDGER_tests	9.955201592832257e-4	0.2644765223162436	0	0.7345279575244732	0	0	0.00375	0.005	sim2	rep1	rd3
LIMMA_tests	0.02986560477849676	0.23560643769703	0	0.7345279575244732	0	0	0.1125	0.005	sim2	rep1	rd3
ROSACE_tests	0.2145345943255351	0.0509374481499917	0.0660361705657873	0.6684917869586859	0	0.2353636901241869	0.808125	0.01	sim2	rep1	rd3
SLR_tests	0	0.2654720424755268	0	0.7345279575244732	0	NA	0	0.01	sim2	rep1	rd3
ENRICH2_tests	0.11913057906089264	0.14634146341463414	0.07848017255682761	0.6560477849676456	0	0.3971452560873216	0.44875	0.01	sim2	rep1	rd3
EDGER_tests	0.00132736021237763	0.2641446822631492	0	0.7345279575244732	0	0	0.005	0.01	sim2	rep1	rd3
LIMMA_tests	0.04214368674298988	0.22332835573253693	6.63680106188817e-4	0.7338642774182844	0	0.01550387596899225	0.15875	0.01	sim2	rep1	rd3
ROSACE_tests	0.2311265969802555	0.03434544549527128	0.1322382611581218	0.6022896963663514	0	0.36392694063926945	0.870625	0.05	sim2	rep1	rd3
SLR_tests	0	0.2654720424755268	0	0.7345279575244732	0	NA	0	0.05	sim2	rep1	rd3
ENRICH2_tests	0.13920690227310437	0.12626514020242244	0.11299153807864608	0.6215364194458272	0	0.4480263157894737	0.524375	0.05	sim2	rep1	rd3
EDGER_tests	0.01327360212377634	0.25219844035175043	0	0.7345279575244732	0	0	0.05000000000000001	0.05	sim2	rep1	rd3
LIMMA_tests	0.08146673303467729	0.1840053094408495	0.00547536087605774	0.7290525966484155	0	0.06297709923664123	0.306875	0.05	sim2	rep1	rd3
ROSACE_tests	0	0.25551684088269455	0	0.7444831591173054	0	NA	0	0	sim3	rep1	rd3
SLR_tests	0	0.25551684088269455	0	0.7444831591173054	0	NA	0	0	sim3	rep1	rd3
ENRICH2_tests	6.63680106188817e-4	0.2548531607765057	3.318400530944085e-4	0.7441513190642111	0	0.33333333333333337	0.00259740259740259	0	sim3	rep1	rd3
EDGER_tests	0	0.25551684088269455	0	0.7444831591173054	0	NA	0	0	sim3	rep1	rd3
LIMMA_tests	0	0.25551684088269455	0	0.7444831591173054	0	NA	0	0	sim3	rep1	rd3
ROSACE_tests	0.203086112493778	0.05243072838891654	0.04546208727393396	0.6990210718433715	0	0.1829105473965287	0.7948051948051947	0.005	sim3	rep1	rd3
SLR_tests	0	0.25551684088269455	0	0.7444831591173054	0	NA	0	0.005	sim3	rep1	rd3
ENRICH2_tests	0.1091753774680604	0.14634146341463414	0.06387921022067364	0.6806039488966318	0	0.36912751677852346	0.4272727272727273	0.005	sim3	rep1	rd3
EDGER_tests	4.977600796416127e-4	0.2550190808030529	0	0.7444831591173054	0	0	0.00194805194805194	0.005	sim3	rep1	rd3
LIMMA_tests	0.038991206238593	0.21652563464410152	6.63680106188817e-4	0.7438194790111167	0	0.01673640167364017	0.1525974025974026	0.005	sim3	rep1	rd3
ROSACE_tests	0.20939107350257177	0.04612576738012278	0.06022896963663514	0.6842541894806703	0	0.22338461538461535	0.8194805194805195	0.01	sim3	rep1	rd3
SLR_tests	0	0.25551684088269455	0	0.7444831591173054	0	NA	0	0.01	sim3	rep1	rd3
ENRICH2_tests	0.11879873900779823	0.1367181018748963	0.07516177202588352	0.669321387091422	0	0.38751069289991447	0.46493506493506487	0.01	sim3	rep1	rd3
EDGER_tests	9.955201592832257e-4	0.2545213207234113	0	0.7444831591173054	0	0	0.00389610389610389	0.01	sim3	rep1	rd3
LIMMA_tests	0.04878048780487805	0.2067363530778165	0.00165920026547204	0.7428239588518334	0	0.03289473684210527	0.19090909090909092	0.01	sim3	rep1	rd3
ROSACE_tests	0.22349427575908412	0.03202256512361041	0.12726066036170566	0.6172224987555998	0	0.36281929990539263	0.8746753246753246	0.05	sim3	rep1	rd3
SLR_tests	0	0.25551684088269455	0	0.7444831591173054	0	NA	0	0.05	sim3	rep1	rd3
ENRICH2_tests	0.13704994192799072	0.11846689895470384	0.10370001659200266	0.6407831425253028	0	0.430737422467264	0.5363636363636364	0.05	sim3	rep1	rd3
EDGER_tests	0.01327360212377634	0.2422432387589182	1.6592002654720425e-4	0.7443172390907583	0	0.01234567901234567	0.05194805194805195	0.05	sim3	rep1	rd3
LIMMA_tests	0.08860129417620707	0.16691554670648748	0.01061888169902107	0.7338642774182844	0	0.10702341137123746	0.34675324675324676	0.05	sim3	rep1	rd3
ROSACE_tests	0	0.2389248382279741	0	0.7610751617720258	0	NA	0	0	sim4	rep1	rd3
SLR_tests	0	0.2389248382279741	0	0.7610751617720258	0	NA	0	0	sim4	rep1	rd3
ENRICH2_tests	4.977600796416127e-4	0.2384270781483325	6.63680106188817e-4	0.760411481665837	0	0.5714285714285714	0.00208333333333333	0	sim4	rep1	rd3
EDGER_tests	0	0.2389248382279741	0	0.7610751617720258	0	NA	0	0	sim4	rep1	rd3
LIMMA_tests	0	0.2389248382279741	0	0.7610751617720258	0	NA	0	0	sim4	rep1	rd3
ROSACE_tests	0.19279907084785133	0.04612576738012278	0.04828272772523644	0.7127924340467895	0	0.20027529249827944	0.8069444444444445	0.005	sim4	rep1	rd3
SLR_tests	0	0.2389248382279741	0	0.7610751617720258	0	NA	0	0.005	sim4	rep1	rd3
ENRICH2_tests	0.0977268956363033	0.14119794259167082	0.06072672971627675	0.7003484320557491	0	0.3832460732984293	0.40902777777777777	0.005	sim4	rep1	rd3
EDGER_tests	0.00381616061058569	0.2351086776173884	0	0.7610751617720258	0	0	0.01597222222222222	0.005	sim4	rep1	rd3
LIMMA_tests	0.03052928488468558	0.20839555334328855	8.296001327360213e-4	0.7602455616392899	0	0.02645502645502645	0.12777777777777777	0.005	sim4	rep1	rd3
ROSACE_tests	0.1994358719097395	0.03948896631823461	0.06387921022067364	0.6971959515513523	0	0.242596093257719	0.8347222222222221	0.01	sim4	rep1	rd3
SLR_tests	0	0.2389248382279741	0	0.7610751617720258	0	NA	0	0.01	sim4	rep1	rd3
ENRICH2_tests	0.11133233781317405	0.12759250041480005	0.07333665173386428	0.6877385100381616	0	0.39712488769092547	0.46597222222222223	0.01	sim4	rep1	rd3
EDGER_tests	0.0077982412477186	0.2311265969802555	1.6592002654720425e-4	0.7609092417454787	0	0.02083333333333333	0.03263888888888889	0.01	sim4	rep1	rd3
LIMMA_tests	0.04778496764559482	0.1911398705823793	0.00182512029201924	0.7592500414800066	0	0.03678929765886287	0.2	0.01	sim4	rep1	rd3
ROSACE_tests	0.21221171395387425	0.02671312427409988	0.1327360212377634	0.6283391405342624	0	0.3848003848003848	0.8881944444444444	0.05	sim4	rep1	rd3
SLR_tests	0	0.2389248382279741	0	0.7610751617720258	0	NA	0	0.05	sim4	rep1	rd3
ENRICH2_tests	0.13091090094574415	0.10801393728222997	0.11282561805209888	0.648249543719927	0	0.46289993192648055	0.5479166666666666	0.05	sim4	rep1	rd3
EDGER_tests	0.02455616392898622	0.2143686742989879	0.00116144018583042	0.7599137215861954	0	0.04516129032258065	0.10277777777777776	0.05	sim4	rep1	rd3
LIMMA_tests	0.0822963331674133	0.1566285050605608	0.00696864111498257	0.7541065206570433	0	0.07806691449814127	0.34444444444444444	0.05	sim4	rep1	rd3
ROSACE_tests	0	0.24888003982080636	0	0.7511199601791936	0	NA	0	0	sim5	rep1	rd3
SLR_tests	0	0.24888003982080636	0	0.7511199601791936	0	NA	0	0	sim5	rep1	rd3
ENRICH2_tests	6.63680106188817e-4	0.24821635971461756	6.63680106188817e-4	0.7504562800730048	0	0.5	0.00266666666666666	0	sim5	rep1	rd3
EDGER_tests	0	0.24888003982080636	0	0.7511199601791936	0	NA	0	0	sim5	rep1	rd3
LIMMA_tests	0	0.24888003982080636	0	0.7511199601791936	0	NA	0	0	sim5	rep1	rd3
ROSACE_tests	0.1994358719097395	0.04944416791106686	0.05375808860129418	0.6973618715778994	0	0.2123197903014417	0.8013333333333333	0.005	sim5	rep1	rd3
SLR_tests	0	0.24888003982080636	0	0.7511199601791936	0	NA	0	0.005	sim5	rep1	rd3
ENRICH2_tests	0.09556993529118964	0.15331010452961671	0.06620209059233449	0.6849178695868592	0	0.4092307692307692	0.384	0.005	sim5	rep1	rd3
EDGER_tests	9.955201592832257e-4	0.2478845196615231	0	0.7511199601791936	0	0	0.004	0.005	sim5	rep1	rd3
LIMMA_tests	0	0.24888003982080636	0	0.7511199601791936	0	NA	0	0.005	sim5	rep1	rd3
ROSACE_tests	0.20607267297162768	0.0428073668491787	0.07300481168076987	0.6781151484984238	0	0.2615933412604043	0.8280000000000001	0.01	sim5	rep1	rd3
SLR_tests	0	0.24888003982080636	0	0.7511199601791936	0	NA	0	0.01	sim5	rep1	rd3
ENRICH2_tests	0.10403185664509706	0.1448481831757093	0.07615729218516674	0.6749626679940269	0	0.4226519337016574	0.418	0.01	sim5	rep1	rd3
EDGER_tests	0.00232288037166085	0.24655715944914552	0	0.7511199601791936	0	0	0.00933333333333333	0.01	sim5	rep1	rd3
LIMMA_tests	0.01708976273436203	0.2317902770864443	3.318400530944085e-4	0.7507881201260992	0	0.01904761904761905	0.06866666666666667	0.01	sim5	rep1	rd3
ROSACE_tests	0.21768707482993196	0.0311929649908744	0.13721586195453792	0.6139040982246557	0	0.3866292660121553	0.8746666666666667	0.05	sim5	rep1	rd3
SLR_tests	1.6592002654720425e-4	0.24871411979425917	1.6592002654720425e-4	0.7509540401526464	0	0.5	6.666666666666668e-4	0.05	sim5	rep1	rd3
ENRICH2_tests	0.1295835407333665	0.11929649908743983	0.11133233781317405	0.6397876223660196	0	0.4621212121212121	0.5206666666666666	0.05	sim5	rep1	rd3
EDGER_tests	0.01742160278745644	0.23145843703334992	8.296001327360213e-4	0.7502903600464577	0	0.04545454545454546	0.06999999999999999	0.05	sim5	rep1	rd3
LIMMA_tests	0.06752945080471214	0.18135058901609424	0.00464576074332171	0.7464741994358719	0	0.06436781609195401	0.27133333333333337	0.05	sim5	rep1	rd3
ROSACE_tests	0	0.27542724406835906	0	0.7245727559316409	0	NA	0	0	sim6	rep1	rd3
SLR_tests	0	0.27542724406835906	0	0.7245727559316409	0	NA	0	0	sim6	rep1	rd3
ENRICH2_tests	0.00116144018583042	0.27426580388252864	6.63680106188817e-4	0.7239090758254522	0	0.3636363636363637	0.00421686746987951	0	sim6	rep1	rd3
EDGER_tests	0	0.27542724406835906	0	0.7245727559316409	0	NA	0	0	sim6	rep1	rd3
LIMMA_tests	0	0.27542724406835906	0	0.7245727559316409	0	NA	0	0	sim6	rep1	rd3
ROSACE_tests	0.23129251700680273	0.04413472706155633	0.0429732868757259	0.6815994690559151	0	0.15668481548699334	0.8397590361445784	0.005	sim6	rep1	rd3
SLR_tests	0	0.27542724406835906	0	0.7245727559316409	0	NA	0	0.005	sim6	rep1	rd3
ENRICH2_tests	0.12012609922017588	0.15530114484818316	0.06139040982246557	0.6631823461091754	0	0.3382084095063986	0.43614457831325304	0.005	sim6	rep1	rd3
EDGER_tests	0.00547536087605774	0.2699518831923013	0	0.7245727559316409	0	0	0.01987951807228915	0.005	sim6	rep1	rd3
LIMMA_tests	0.04795088767214203	0.22747635639621705	4.977600796416127e-4	0.7240749958519993	0	0.01027397260273972	0.17409638554216866	0.005	sim6	rep1	rd3
ROSACE_tests	0.2379293180686909	0.03749792599966816	0.06039488966318235	0.6641778662684586	0	0.2024471635150167	0.863855421686747	0.01	sim6	rep1	rd3
SLR_tests	0	0.27542724406835906	0	0.7245727559316409	0	NA	0	0.01	sim6	rep1	rd3
ENRICH2_tests	0.13406338145014104	0.141363862618218	0.07333665173386428	0.6512361041977767	0	0.35359999999999997	0.48674698795180726	0.01	sim6	rep1	rd3
EDGER_tests	0.00912560146009623	0.26630164260826283	0	0.7245727559316409	0	0	0.03313253012048193	0.01	sim6	rep1	rd3
LIMMA_tests	0.06321553011448482	0.21221171395387425	8.296001327360213e-4	0.7237431557989049	0	0.01295336787564767	0.2295180722891566	0.01	sim6	rep1	rd3
ROSACE_tests	0.25186660029865604	0.023560643769703	0.1254355400696864	0.5991372158619546	0	0.3324538258575198	0.9144578313253012	0.05	sim6	rep1	rd3
SLR_tests	0	0.27542724406835906	0	0.7245727559316409	0	NA	0	0.05	sim6	rep1	rd3
ENRICH2_tests	0.1524805043968807	0.12294673967147834	0.11100049776007964	0.6135722581715614	0	0.42128463476070527	0.5536144578313253	0.05	sim6	rep1	rd3
EDGER_tests	0.03982080637132901	0.23560643769703	0.00149328023892483	0.7230794756927161	0	0.03614457831325302	0.14457831325301204	0.05	sim6	rep1	rd3
LIMMA_tests	0.10685249709639952	0.1685747469719595	0.00862784138045462	0.7159449145511864	0	0.07471264367816093	0.3879518072289157	0.05	sim6	rep1	rd3
ROSACE_tests	0	0.2422432387589182	0	0.7577567612410818	0	NA	0	0	sim7	rep1	rd3
SLR_tests	0	0.2422432387589182	0	0.7577567612410818	0	NA	0	0	sim7	rep1	rd3
ENRICH2_tests	9.955201592832257e-4	0.24124771859963495	1.6592002654720425e-4	0.7575908412145346	0	0.14285714285714285	0.00410958904109589	0	sim7	rep1	rd3
EDGER_tests	0	0.2422432387589182	0	0.7577567612410818	0	NA	0	0	sim7	rep1	rd3
LIMMA_tests	0	0.2422432387589182	0	0.7577567612410818	0	NA	0	0	sim7	rep1	rd3
ROSACE_tests	0.1919694707151153	0.05027376804380289	0.0469553675128588	0.710801393728223	0	0.19652777777777777	0.7924657534246575	0.005	sim7	rep1	rd3
SLR_tests	0	0.2422432387589182	0	0.7577567612410818	0	NA	0	0.005	sim7	rep1	rd3
ENRICH2_tests	0.09938609590177534	0.14285714285714285	0.06172224987555998	0.6960345113655219	0	0.3831101956745623	0.41027397260273973	0.005	sim7	rep1	rd3
EDGER_tests	0.00862784138045462	0.23361539737846357	4.977600796416127e-4	0.7572590011614402	0	0.05454545454545454	0.03561643835616439	0.005	sim7	rep1	rd3
LIMMA_tests	0.03252032520325203	0.20972291355566616	6.63680106188817e-4	0.7570930811348929	0	0.02	0.13424657534246576	0.005	sim7	rep1	rd3
ROSACE_tests	0.19893811183009788	0.04330512692882031	0.06155632984901278	0.696200431392069	0	0.23630573248407644	0.8212328767123288	0.01	sim7	rep1	rd3
SLR_tests	0	0.2422432387589182	0	0.7577567612410818	0	NA	0	0.01	sim7	rep1	rd3
ENRICH2_tests	0.10768209722913556	0.13456114152978266	0.07167745146839223	0.6860793097726896	0	0.3996299722479186	0.44452054794520546	0.01	sim7	rep1	rd3
EDGER_tests	0.0117803218848515	0.2304629168740667	6.63680106188817e-4	0.7570930811348929	0	0.05333333333333334	0.04863013698630136	0.01	sim7	rep1	rd3
LIMMA_tests	0.04463248714119794	0.19761075161772024	0.00132736021237763	0.7564294010287042	0	0.02888086642599278	0.18424657534246577	0.01	sim7	rep1	rd3
ROSACE_tests	0.2117139538742326	0.03052928488468558	0.133233781317405	0.6245229799236768	0	0.3862433862433863	0.873972602739726	0.05	sim7	rep1	rd3
SLR_tests	0	0.2422432387589182	0	0.7577567612410818	0	NA	0	0.05	sim7	rep1	rd3
ENRICH2_tests	0.12842210054753608	0.11382113821138212	0.10668657706985234	0.6510701841712294	0	0.4537755822159492	0.5301369863013699	0.05	sim7	rep1	rd3
EDGER_tests	0.03467728554836569	0.20756595321055252	0.00232288037166085	0.755433880869421	0	0.06278026905829596	0.14315068493150684	0.05	sim7	rep1	rd3
LIMMA_tests	0.0781483325037332	0.164094906255185	0.00846192135390741	0.7492948398871744	0	0.09770114942528736	0.32260273972602743	0.05	sim7	rep1	rd3
ROSACE_tests	0	0.2887008461921354	0	0.7112991538078646	0	NA	0	0	sim8	rep1	rd3
SLR_tests	0	0.2887008461921354	0	0.7112991538078646	0	NA	0	0	sim8	rep1	rd3
ENRICH2_tests	8.296001327360213e-4	0.28787124605939934	6.63680106188817e-4	0.7106354737016758	0	0.4444444444444444	0.0028735632183908	0	sim8	rep1	rd3
EDGER_tests	0	0.2887008461921354	0	0.7112991538078646	0	NA	0	0	sim8	rep1	rd3
LIMMA_tests	0	0.2887008461921354	0	0.7112991538078646	0	NA	0	0	sim8	rep1	rd3
ROSACE_tests	0.225817156130745	0.06288369006139041	0.04197776671644267	0.669321387091422	0	0.15675340768277574	0.7821839080459769	0.005	sim8	rep1	rd3
SLR_tests	0	0.2887008461921354	0	0.7112991538078646	0	NA	0	0.005	sim8	rep1	rd3
ENRICH2_tests	0.11581217852994856	0.17288866766218683	0.0627177700348432	0.6485813837730214	0	0.3513011152416357	0.4011494252873563	0.005	sim8	rep1	rd3
EDGER_tests	0	0.2887008461921354	0	0.7112991538078646	0	NA	0	0.005	sim8	rep1	rd3
LIMMA_tests	0.02107184337149494	0.26762900282064045	1.6592002654720425e-4	0.7111332337813174	0	0.0078125	0.07298850574712644	0.005	sim8	rep1	rd3
ROSACE_tests	0.23361539737846357	0.05508544881367181	0.05558320889331342	0.6557159449145512	0	0.19219736087205969	0.8091954022988506	0.01	sim8	rep1	rd3
SLR_tests	0	0.2887008461921354	0	0.7112991538078646	0	NA	0	0.01	sim8	rep1	rd3
ENRICH2_tests	0.12609922017587522	0.16260162601626016	0.07117969138875062	0.640119462419114	0	0.36080740117746	0.43678160919540227	0.01	sim8	rep1	rd3
EDGER_tests	0.00199104031856645	0.2867098058735689	0	0.7112991538078646	0	0	0.00689655172413793	0.01	sim8	rep1	rd3
LIMMA_tests	0.03650240584038494	0.25219844035175043	3.318400530944085e-4	0.7109673137547702	0	0.009009009009009	0.1264367816091954	0.01	sim8	rep1	rd3
ROSACE_tests	0.2507051601128256	0.03799568607930977	0.1134892981582877	0.5978098556495769	0	0.31161731207289295	0.8683908045977012	0.05	sim8	rep1	rd3
SLR_tests	0	0.2887008461921354	0	0.7112991538078646	0	NA	0	0.05	sim8	rep1	rd3
ENRICH2_tests	0.1484984237597478	0.1402024224323876	0.10270449643271944	0.6085946573751452	0	0.4088507265521796	0.514367816091954	0.05	sim8	rep1	rd3
EDGER_tests	0.00895968143354902	0.27974116475858635	1.6592002654720425e-4	0.7111332337813174	0	0.01818181818181818	0.03103448275862069	0.05	sim8	rep1	rd3
LIMMA_tests	0.08362369337979095	0.20507715281234443	0.00547536087605774	0.7058237929318069	0	0.06145251396648044	0.28965517241379307	0.05	sim8	rep1	rd3
ROSACE_tests	0	0.21569603451136551	0	0.7843039654886345	0	NA	0	0	sim9	rep1	rd3
SLR_tests	0	0.21569603451136551	0	0.7843039654886345	0	NA	0	0	sim9	rep1	rd3
ENRICH2_tests	4.977600796416127e-4	0.2151982744317239	6.63680106188817e-4	0.7836402853824457	0	0.5714285714285714	0.0023076923076923	0	sim9	rep1	rd3
EDGER_tests	0	0.21569603451136551	0	0.7843039654886345	0	NA	0	0	sim9	rep1	rd3
LIMMA_tests	0	0.21569603451136551	0	0.7843039654886345	0	NA	0	0	sim9	rep1	rd3
ROSACE_tests	0.171395387423262	0.04430064708810354	0.0507715281234445	0.73353243736519	0	0.22852875280059748	0.7946153846153846	0.005	sim9	rep1	rd3
SLR_tests	0	0.21569603451136551	0	0.7843039654886345	0	NA	0	0.005	sim9	rep1	rd3
ENRICH2_tests	0.08926497428239588	0.12643106022896963	0.05989712958354073	0.7244068359050937	0	0.4015572858731924	0.41384615384615386	0.005	sim9	rep1	rd3
EDGER_tests	0.00282064045130247	0.21287539406006303	1.6592002654720425e-4	0.7841380454620873	0	0.05555555555555556	0.01307692307692307	0.005	sim9	rep1	rd3
LIMMA_tests	0	0.21569603451136551	0	0.7843039654886345	0	NA	0	0.005	sim9	rep1	rd3
ROSACE_tests	0.17902770864443338	0.03666832586693214	0.06587025053924009	0.7184337149493943	0	0.268970189701897	0.83	0.01	sim9	rep1	rd3
SLR_tests	0	0.21569603451136551	0	0.7843039654886345	0	NA	0	0.01	sim9	rep1	rd3
ENRICH2_tests	0.09839057574249212	0.1173054587688734	0.06902273104363697	0.7152812344449975	0	0.4122893954410308	0.4561538461538462	0.01	sim9	rep1	rd3
EDGER_tests	0.00564128090260494	0.21005475360876055	3.318400530944085e-4	0.7839721254355401	0	0.05555555555555556	0.02615384615384615	0.01	sim9	rep1	rd3
LIMMA_tests	0	0.21569603451136551	0	0.7843039654886345	0	NA	0	0.01	sim9	rep1	rd3
ROSACE_tests	0.18981251037000169	0.02588352414136386	0.14518002322880372	0.6391239422598307	0	0.433382862803368	0.88	0.05	sim9	rep1	rd3
SLR_tests	0	0.21569603451136551	0	0.7843039654886345	0	NA	0	0.05	sim9	rep1	rd3
ENRICH2_tests	0.11531441845030696	0.10038161606105855	0.10685249709639952	0.6774514683922349	0	0.4809559372666169	0.5346153846153846	0.05	sim9	rep1	rd3
EDGER_tests	0.02024224323875892	0.1954537912726066	6.63680106188817e-4	0.7836402853824457	0	0.03174603174603174	0.09384615384615386	0.05	sim9	rep1	rd3
LIMMA_tests	0.0549195287871246	0.1607765057242409	0.00248880039820806	0.7818151650904264	0	0.04335260115606936	0.25461538461538463	0.05	sim9	rep1	rd3
ROSACE_tests	0	0.22896963663514183	0	0.7710303633648581	0	NA	0	0	sim1	rep3	rd1
SLR_tests	0	0.22896963663514183	0	0.7710303633648581	0	NA	0	0	sim1	rep3	rd1
ENRICH2_tests	0	0.22896963663514183	0	0.7710303633648581	0	NA	0	0	sim1	rep3	rd1
DIMSUM_tests	0	0.22780819644931144	0	0.770864443338311	0.00132736021237763	NA	0	0	sim1	rep3	rd1
EDGER_tests	0	0.22896963663514183	0	0.7710303633648581	0	NA	0	0	sim1	rep3	rd1
LIMMA_tests	0	0.22896963663514183	0	0.7710303633648581	0	NA	0	0	sim1	rep3	rd1
ROSACE_tests	0.1055251368840219	0.12344449975111996	0.0077982412477186	0.7632321221171395	0	0.06881405563689605	0.4608695652173913	0.005	sim1	rep3	rd1
SLR_tests	6.63680106188817e-4	0.22830595652895305	8.296001327360213e-4	0.7702007632321222	0	0.5555555555555556	0.00289855072463768	0.005	sim1	rep3	rd1
ENRICH2_tests	0.0467894474863116	0.18218018914883027	0.05541728886676621	0.715613074498092	0	0.5422077922077922	0.20434782608695656	0.005	sim1	rep3	rd1
DIMSUM_tests	0	0.22780819644931144	0	0.770864443338311	0.00132736021237763	NA	0	0.005	sim1	rep3	rd1
EDGER_tests	0	0.22896963663514183	0	0.7710303633648581	0	NA	0	0.005	sim1	rep3	rd1
LIMMA_tests	0	0.22896963663514183	0	0.7710303633648581	0	NA	0	0.005	sim1	rep3	rd1
ROSACE_tests	0.1211216193794591	0.10784801725568276	0.01393728222996515	0.7570930811348929	0	0.1031941031941032	0.5289855072463768	0.01	sim1	rep3	rd1
SLR_tests	9.955201592832257e-4	0.22797411647585863	0.00165920026547204	0.7693711630993861	0	0.625	0.00434782608695652	0.01	sim1	rep3	rd1
ENRICH2_tests	0.05043968807035009	0.17852994856479176	0.06222000995520159	0.7088103534096566	0	0.5522827687776142	0.22028985507246376	0.01	sim1	rep3	rd1
DIMSUM_tests	0	0.22780819644931144	0	0.770864443338311	0.00132736021237763	NA	0	0.01	sim1	rep3	rd1
EDGER_tests	0	0.22896963663514183	0	0.7710303633648581	0	NA	0	0.01	sim1	rep3	rd1
LIMMA_tests	0	0.22896963663514183	0	0.7710303633648581	0	NA	0	0.01	sim1	rep3	rd1
ROSACE_tests	0.16094242575078813	0.06802721088435375	0.04994192799070848	0.7210884353741497	0	0.23682140047206923	0.7028985507246377	0.05	sim1	rep3	rd1
SLR_tests	0.00680272108843537	0.22216691554670648	0.00680272108843537	0.7642276422764228	0	0.5	0.02971014492753623	0.05	sim1	rep3	rd1
ENRICH2_tests	0.06587025053924009	0.16309938609590177	0.08412145345943256	0.6869089099054256	0	0.5608407079646018	0.2876811594202899	0.05	sim1	rep3	rd1
DIMSUM_tests	0	0.22780819644931144	0	0.770864443338311	0.00132736021237763	NA	0	0.05	sim1	rep3	rd1
EDGER_tests	0	0.22896963663514183	0	0.7710303633648581	0	NA	0	0.05	sim1	rep3	rd1
LIMMA_tests	0	0.22896963663514183	0	0.7710303633648581	0	NA	0	0.05	sim1	rep3	rd1
ROSACE_tests	0	0.2588352414136386	0	0.7411647585863613	0	NA	0	0	sim10	rep3	rd1
SLR_tests	0	0.2588352414136386	0	0.7411647585863613	0	NA	0	0	sim10	rep3	rd1
ENRICH2_tests	0	0.2588352414136386	0	0.7411647585863613	0	NA	0	0	sim10	rep3	rd1
DIMSUM_tests	0	0.257507881201261	0	0.7408329185332669	0.00165920026547204	NA	0	0	sim10	rep3	rd1
EDGER_tests	0	0.2588352414136386	0	0.7411647585863613	0	NA	0	0	sim10	rep3	rd1
LIMMA_tests	0	0.2588352414136386	0	0.7411647585863613	0	NA	0	0	sim10	rep3	rd1
ROSACE_tests	0.10502737680438028	0.15380786460925833	0.01393728222996515	0.7272274763563962	0	0.11715481171548116	0.4057692307692308	0.005	sim10	rep3	rd1
SLR_tests	0	0.2588352414136386	4.977600796416127e-4	0.7406669985067198	0	1	0	0.005	sim10	rep3	rd1
ENRICH2_tests	0.04994192799070848	0.20889331342293016	0.05823792931806869	0.6829268292682927	0	0.5383435582822086	0.19294871794871796	0.005	sim10	rep3	rd1
DIMSUM_tests	0	0.257507881201261	0	0.7408329185332669	0.00165920026547204	NA	0	0.005	sim10	rep3	rd1
EDGER_tests	0	0.2588352414136386	0	0.7411647585863613	0	NA	0	0.005	sim10	rep3	rd1
LIMMA_tests	0	0.2588352414136386	0	0.7411647585863613	0	NA	0	0.005	sim10	rep3	rd1
ROSACE_tests	0.12278081964493116	0.1360544217687075	0.02057408329185332	0.720590675294508	0	0.1435185185185185	0.4743589743589743	0.01	sim10	rep3	rd1
SLR_tests	6.63680106188817e-4	0.2581715613074498	0.00116144018583042	0.7400033184005309	0	0.6363636363636364	0.00256410256410256	0.01	sim10	rep3	rd1
ENRICH2_tests	0.05508544881367181	0.2037497925999668	0.06321553011448482	0.6779492284718766	0	0.5343618513323982	0.21282051282051284	0.01	sim10	rep3	rd1
DIMSUM_tests	0	0.257507881201261	0	0.7408329185332669	0.00165920026547204	NA	0	0.01	sim10	rep3	rd1
EDGER_tests	0	0.2588352414136386	0	0.7411647585863613	0	NA	0	0.01	sim10	rep3	rd1
LIMMA_tests	0	0.2588352414136386	0	0.7411647585863613	0	NA	0	0.01	sim10	rep3	rd1
ROSACE_tests	0.17487970798075328	0.08395553343288535	0.062551850008296	0.6786129085780653	0	0.2634521313766597	0.6756410256410257	0.05	sim10	rep3	rd1
SLR_tests	0.00315248050439688	0.25568276090924175	0.00298656047784967	0.7381781981085117	0	0.4864864864864865	0.01217948717948718	0.05	sim10	rep3	rd1
ENRICH2_tests	0.070681931309109	0.18815331010452965	0.09142193462750954	0.6497428239588519	0	0.563971340839304	0.27307692307692305	0.05	sim10	rep3	rd1
DIMSUM_tests	0	0.257507881201261	0	0.7408329185332669	0.00165920026547204	NA	0	0.05	sim10	rep3	rd1
EDGER_tests	0	0.2588352414136386	0	0.7411647585863613	0	NA	0	0.05	sim10	rep3	rd1
LIMMA_tests	0	0.2588352414136386	0	0.7411647585863613	0	NA	0	0.05	sim10	rep3	rd1
ROSACE_tests	0	0.2654720424755268	0	0.7345279575244732	0	NA	0	0	sim2	rep3	rd1
SLR_tests	0	0.2654720424755268	0	0.7345279575244732	0	NA	0	0	sim2	rep3	rd1
ENRICH2_tests	0	0.2654720424755268	0	0.7345279575244732	0	NA	0	0	sim2	rep3	rd1
DIMSUM_tests	0	0.2643106022896964	0	0.7345279575244732	0.00116144018583042	NA	0	0	sim2	rep3	rd1
EDGER_tests	0	0.2654720424755268	0	0.7345279575244732	0	NA	0	0	sim2	rep3	rd1
LIMMA_tests	0	0.2654720424755268	0	0.7345279575244732	0	NA	0	0	sim2	rep3	rd1
ROSACE_tests	0.11033681765389082	0.15513522482163597	0.01078480172556827	0.7237431557989049	0	0.08904109589041097	0.415625	0.005	sim2	rep3	rd1
SLR_tests	3.318400530944085e-4	0.2651402024224324	0.00116144018583042	0.7333665173386428	0	0.7777777777777778	0.00125	0.005	sim2	rep3	rd1
ENRICH2_tests	0.05408992865438859	0.21138211382113825	0.05707648913223826	0.6774514683922349	0	0.5134328358208955	0.20375	0.005	sim2	rep3	rd1
DIMSUM_tests	0	0.2643106022896964	0	0.7345279575244732	0.00116144018583042	NA	0	0.005	sim2	rep3	rd1
EDGER_tests	0	0.2654720424755268	0	0.7345279575244732	0	NA	0	0.005	sim2	rep3	rd1
LIMMA_tests	0	0.2654720424755268	0	0.7345279575244732	0	NA	0	0.005	sim2	rep3	rd1
ROSACE_tests	0.1322382611581218	0.133233781317405	0.01609424257507881	0.7184337149493943	0	0.10850111856823264	0.498125	0.01	sim2	rep3	rd1
SLR_tests	6.63680106188817e-4	0.26480836236933797	0.00132736021237763	0.7332005973120955	0	0.6666666666666667	0.0025	0.01	sim2	rep3	rd1
ENRICH2_tests	0.05906752945080471	0.2064045130247221	0.06371329019412643	0.6708146673303468	0	0.5189189189189188	0.2225	0.01	sim2	rep3	rd1
DIMSUM_tests	0	0.2643106022896964	0	0.7345279575244732	0.00116144018583042	NA	0	0.01	sim2	rep3	rd1
EDGER_tests	0	0.2654720424755268	0	0.7345279575244732	0	NA	0	0.01	sim2	rep3	rd1
LIMMA_tests	0	0.2654720424755268	0	0.7345279575244732	0	NA	0	0.01	sim2	rep3	rd1
ROSACE_tests	0.1835075493612079	0.0819644931143189	0.05807200929152149	0.6764559482329517	0	0.24038461538461545	0.6912499999999999	0.05	sim2	rep3	rd1
SLR_tests	0.00514352082296333	0.2603285216525635	0.00580720092915214	0.7287207565953211	0	0.5303030303030303	0.019375	0.05	sim2	rep3	rd1
ENRICH2_tests	0.07682097229135557	0.18865107018417124	0.08644433383109341	0.6480836236933798	0	0.5294715447154471	0.289375	0.05	sim2	rep3	rd1
DIMSUM_tests	0	0.2643106022896964	0	0.7345279575244732	0.00116144018583042	NA	0	0.05	sim2	rep3	rd1
EDGER_tests	0	0.2654720424755268	0	0.7345279575244732	0	NA	0	0.05	sim2	rep3	rd1
LIMMA_tests	0	0.2654720424755268	0	0.7345279575244732	0	NA	0	0.05	sim2	rep3	rd1
ROSACE_tests	0	0.25551684088269455	0	0.7444831591173054	0	NA	0	0	sim3	rep3	rd1
SLR_tests	0	0.25551684088269455	0	0.7444831591173054	0	NA	0	0	sim3	rep3	rd1
ENRICH2_tests	0	0.25551684088269455	0	0.7444831591173054	0	NA	0	0	sim3	rep3	rd1
DIMSUM_tests	0	0.25435540069686413	0	0.7444831591173054	0.00116144018583042	NA	0	0	sim3	rep3	rd1
EDGER_tests	0	0.25551684088269455	0	0.7444831591173054	0	NA	0	0	sim3	rep3	rd1
LIMMA_tests	0	0.25551684088269455	0	0.7444831591173054	0	NA	0	0	sim3	rep3	rd1
ROSACE_tests	0.11083457773353245	0.1446822631491621	0.00912560146009623	0.7353575576572092	0	0.0760719225449516	0.43376623376623374	0.005	sim3	rep3	rd1
SLR_tests	3.318400530944085e-4	0.2551850008296001	0	0.7444831591173054	0	0	0.00129870129870129	0.005	sim3	rep3	rd1
ENRICH2_tests	0.05010784801725568	0.20540899286543887	0.05541728886676621	0.6890658702505392	0	0.5251572327044025	0.19610389610389609	0.005	sim3	rep3	rd1
DIMSUM_tests	0	0.25435540069686413	0	0.7444831591173054	0.00116144018583042	NA	0	0.005	sim3	rep3	rd1
EDGER_tests	0	0.25551684088269455	0	0.7444831591173054	0	NA	0	0.005	sim3	rep3	rd1
LIMMA_tests	0	0.25551684088269455	0	0.7444831591173054	0	NA	0	0.005	sim3	rep3	rd1
ROSACE_tests	0.1280902604944417	0.12742658038825286	0.01543056246888999	0.7290525966484155	0	0.10751445086705204	0.5012987012987012	0.01	sim3	rep3	rd1
SLR_tests	8.296001327360213e-4	0.2546872407499585	3.318400530944085e-4	0.7441513190642111	0	0.2857142857142857	0.00324675324675324	0.01	sim3	rep3	rd1
ENRICH2_tests	0.05193296830927493	0.2035838725734196	0.06056080968972955	0.6839223494275759	0	0.5383480825958702	0.20324675324675323	0.01	sim3	rep3	rd1
DIMSUM_tests	0	0.25435540069686413	0	0.7444831591173054	0.00116144018583042	NA	0	0.01	sim3	rep3	rd1
EDGER_tests	0	0.25551684088269455	0	0.7444831591173054	0	NA	0	0.01	sim3	rep3	rd1
LIMMA_tests	0	0.25551684088269455	0	0.7444831591173054	0	NA	0	0.01	sim3	rep3	rd1
ROSACE_tests	0.16990210718433715	0.0856147336983574	0.05392400862784138	0.690559150489464	0	0.2409191994069681	0.6649350649350649	0.05	sim3	rep3	rd1
SLR_tests	0.00447984071677451	0.25103700016592	0.00331840053094408	0.7411647585863613	0	0.425531914893617	0.01753246753246753	0.05	sim3	rep3	rd1
ENRICH2_tests	0.06587025053924009	0.1896465903434545	0.0821304131408661	0.6623527459764393	0	0.554932735426009	0.2577922077922078	0.05	sim3	rep3	rd1
DIMSUM_tests	0	0.25435540069686413	0	0.7444831591173054	0.00116144018583042	NA	0	0.05	sim3	rep3	rd1
EDGER_tests	0	0.25551684088269455	0	0.7444831591173054	0	NA	0	0.05	sim3	rep3	rd1
LIMMA_tests	0	0.25551684088269455	0	0.7444831591173054	0	NA	0	0.05	sim3	rep3	rd1
ROSACE_tests	0	0.2389248382279741	0	0.7610751617720258	0	NA	0	0	sim4	rep3	rd1
SLR_tests	0	0.2389248382279741	0	0.7610751617720258	0	NA	0	0	sim4	rep3	rd1
ENRICH2_tests	0	0.2389248382279741	0	0.7610751617720258	0	NA	0	0	sim4	rep3	rd1
DIMSUM_tests	0	0.23743155798904927	0	0.760411481665837	0.00215696034511365	NA	0	0	sim4	rep3	rd1
EDGER_tests	0	0.2389248382279741	0	0.7610751617720258	0	NA	0	0	sim4	rep3	rd1
LIMMA_tests	0	0.2389248382279741	0	0.7610751617720258	0	NA	0	0	sim4	rep3	rd1
ROSACE_tests	0.11382113821138212	0.125103700016592	0.01012112161937946	0.7509540401526464	0	0.08165997322623829	0.47638888888888886	0.005	sim4	rep3	rd1
SLR_tests	3.318400530944085e-4	0.2385929981748797	3.318400530944085e-4	0.7607433217189314	0	0.5	0.00138888888888888	0.005	sim4	rep3	rd1
ENRICH2_tests	0.05160112825618052	0.1873237099717936	0.06056080968972955	0.7005143520822963	0	0.5399408284023669	0.21597222222222223	0.005	sim4	rep3	rd1
DIMSUM_tests	0	0.23743155798904927	0	0.760411481665837	0.00215696034511365	NA	0	0.005	sim4	rep3	rd1
EDGER_tests	0	0.2389248382279741	0	0.7610751617720258	0	NA	0	0.005	sim4	rep3	rd1
LIMMA_tests	0	0.2389248382279741	0	0.7610751617720258	0	NA	0	0.005	sim4	rep3	rd1
ROSACE_tests	0.13091090094574415	0.10801393728222997	0.01708976273436203	0.7439853990376638	0	0.11547085201793723	0.5479166666666666	0.01	sim4	rep3	rd1
SLR_tests	4.977600796416127e-4	0.2384270781483325	3.318400530944085e-4	0.7607433217189314	0	0.4	0.00208333333333333	0.01	sim4	rep3	rd1
ENRICH2_tests	0.05574912891986063	0.1831757093081135	0.06686577069852331	0.6942093910735025	0	0.5453315290933695	0.23333333333333336	0.01	sim4	rep3	rd1
DIMSUM_tests	0	0.23743155798904927	0	0.760411481665837	0.00215696034511365	NA	0	0.01	sim4	rep3	rd1
EDGER_tests	0	0.2389248382279741	0	0.7610751617720258	0	NA	0	0.01	sim4	rep3	rd1
LIMMA_tests	0	0.2389248382279741	0	0.7610751617720258	0	NA	0	0.01	sim4	rep3	rd1
ROSACE_tests	0.16658370665339306	0.07234113157458105	0.05259664841546375	0.7084785133565621	0	0.23996971990915977	0.6972222222222222	0.05	sim4	rep3	rd1
SLR_tests	0.00514352082296333	0.2337813174050108	0.00547536087605774	0.7555998008959681	0	0.515625	0.02152777777777777	0.05	sim4	rep3	rd1
ENRICH2_tests	0.07101377136220342	0.1679110668657707	0.085780653724904593	0.6752945080471213	0	0.5470899470899471	0.2972222222222223	0.05	sim4	rep3	rd1
DIMSUM_tests	0	0.23743155798904927	0	0.760411481665837	0.00215696034511365	NA	0	0.05	sim4	rep3	rd1
EDGER_tests	0	0.2389248382279741	0	0.7610751617720258	0	NA	0	0.05	sim4	rep3	rd1
LIMMA_tests	0	0.2389248382279741	0	0.7610751617720258	0	NA	0	0.05	sim4	rep3	rd1
ROSACE_tests	0	0.24888003982080636	0	0.7511199601791936	0	NA	0	0	sim5	rep3	rd1
SLR_tests	0	0.24888003982080636	0	0.7511199601791936	0	NA	0	0	sim5	rep3	rd1
ENRICH2_tests	0	0.24888003982080636	0	0.7511199601791936	0	NA	0	0	sim5	rep3	rd1
DIMSUM_tests	0	0.24805043968807036	0	0.7507881201260992	0.00116144018583042	NA	0	0	sim5	rep3	rd1
EDGER_tests	0	0.24888003982080636	0	0.7511199601791936	0	NA	0	0	sim5	rep3	rd1
LIMMA_tests	0	0.24888003982080636	0	0.7511199601791936	0	NA	0	0	sim5	rep3	rd1
ROSACE_tests	0.11448481831757092	0.13439522150323543	0.00895968143354902	0.7421602787456446	0	0.07258064516129031	0.46	0.005	sim5	rep3	rd1
SLR_tests	1.6592002654720425e-4	0.24871411979425917	1.6592002654720425e-4	0.7509540401526464	0	0.5	6.666666666666668e-4	0.005	sim5	rep3	rd1
ENRICH2_tests	0.05126928820308611	0.19761075161772024	0.062551850008296	0.6885681101708976	0	0.5495626822157434	0.206	0.005	sim5	rep3	rd1
DIMSUM_tests	0	0.24805043968807036	0	0.7507881201260992	0.00116144018583042	NA	0	0.005	sim5	rep3	rd1
EDGER_tests	0	0.24888003982080636	0	0.7511199601791936	0	NA	0	0.005	sim5	rep3	rd1
LIMMA_tests	0	0.24888003982080636	0	0.7511199601791936	0	NA	0	0.005	sim5	rep3	rd1
ROSACE_tests	0.13107682097229137	0.117803218848515	0.01360544217687074	0.7375145180023229	0	0.0940366972477064	0.5266666666666667	0.01	sim5	rep3	rd1
SLR_tests	4.977600796416127e-4	0.24838227974116475	3.318400530944085e-4	0.7507881201260992	0	0.4	0.002	0.01	sim5	rep3	rd1
ENRICH2_tests	0.05508544881367181	0.19379459100713456	0.06935457109673138	0.6817653890824622	0	0.5573333333333333	0.22133333333333335	0.01	sim5	rep3	rd1
DIMSUM_tests	0	0.24805043968807036	0	0.7507881201260992	0.00116144018583042	NA	0	0.01	sim5	rep3	rd1
EDGER_tests	0	0.24888003982080636	0	0.7511199601791936	0	NA	0	0.01	sim5	rep3	rd1
LIMMA_tests	0	0.24888003982080636	0	0.7511199601791936	0	NA	0	0.01	sim5	rep3	rd1
ROSACE_tests	0.1757093081134893	0.07317073170731707	0.04878048780487805	0.7023394723743156	0	0.21729490022172948	0.7060000000000001	0.05	sim5	rep3	rd1
SLR_tests	0.00663680106188817	0.2422432387589182	0.00746640119462419	0.7436535589845694	0	0.5294117647058822	0.02666666666666667	0.05	sim5	rep3	rd1
ENRICH2_tests	0.07234113157458105	0.1765389082462253	0.09042641446822632	0.6606935457109673	0	0.5555555555555556	0.2906666666666667	0.05	sim5	rep3	rd1
DIMSUM_tests	0	0.24805043968807036	0	0.7507881201260992	0.00116144018583042	NA	0	0.05	sim5	rep3	rd1
EDGER_tests	0	0.24888003982080636	0	0.7511199601791936	0	NA	0	0.05	sim5	rep3	rd1
LIMMA_tests	0	0.24888003982080636	0	0.7511199601791936	0	NA	0	0.05	sim5	rep3	rd1
ROSACE_tests	0	0.27542724406835906	0	0.7245727559316409	0	NA	0	0	sim6	rep3	rd1
SLR_tests	0	0.27542724406835906	0	0.7245727559316409	0	NA	0	0	sim6	rep3	rd1
ENRICH2_tests	0	0.27542724406835906	0	0.7245727559316409	0	NA	0	0	sim6	rep3	rd1
DIMSUM_tests	0	0.2736021237763398	0	0.7242409158785466	0.00215696034511365	NA	0	0	sim6	rep3	rd1
EDGER_tests	0	0.27542724406835906	0	0.7245727559316409	0	NA	0	0	sim6	rep3	rd1
LIMMA_tests	0	0.27542724406835906	0	0.7245727559316409	0	NA	0	0	sim6	rep3	rd1
ROSACE_tests	0.1173054587688734	0.15812178529948565	0.01095072175211548	0.7136220341795255	0	0.08538163001293661	0.4259036144578313	0.005	sim6	rep3	rd1
SLR_tests	0.00116144018583042	0.27426580388252864	1.6592002654720425e-4	0.7244068359050937	0	0.125	0.00421686746987951	0.005	sim6	rep3	rd1
ENRICH2_tests	0.05691056910569105	0.218516674962668	0.05740832918533267	0.6671644267463083	0	0.502177068214804	0.2066265060240964	0.005	sim6	rep3	rd1
DIMSUM_tests	0	0.2736021237763398	0	0.7242409158785466	0.00215696034511365	NA	0	0.005	sim6	rep3	rd1
EDGER_tests	0	0.27542724406835906	0	0.7245727559316409	0	NA	0	0.005	sim6	rep3	rd1
LIMMA_tests	0	0.27542724406835906	0	0.7245727559316409	0	NA	0	0.005	sim6	rep3	rd1
ROSACE_tests	0.13920690227310437	0.1362203417952547	0.01825120292019247	0.7063215530114485	0	0.11591148577449947	0.505421686746988	0.01	sim6	rep3	rd1
SLR_tests	0.00132736021237763	0.27409988385598144	3.318400530944085e-4	0.7242409158785466	0	0.2	0.00481927710843373	0.01	sim6	rep3	rd1
ENRICH2_tests	0.06139040982246557	0.21403683424589348	0.06288369006139041	0.6616890658702506	0	0.5060080106809078	0.22289156626506024	0.01	sim6	rep3	rd1
DIMSUM_tests	0	0.2736021237763398	0	0.7242409158785466	0.00215696034511365	NA	0	0.01	sim6	rep3	rd1
EDGER_tests	0	0.27542724406835906	0	0.7245727559316409	0	NA	0	0.01	sim6	rep3	rd1
LIMMA_tests	0	0.27542724406835906	0	0.7245727559316409	0	NA	0	0.01	sim6	rep3	rd1
ROSACE_tests	0.1914717106354737	0.08395553343288535	0.05292848846855815	0.6716442674630828	0	0.21656483367277665	0.6951807228915662	0.05	sim6	rep3	rd1
SLR_tests	0.00630496100879376	0.2691222830595653	0.0041480006636801	0.7204247552679608	0	0.3968253968253968	0.02289156626506024	0.05	sim6	rep3	rd1
ENRICH2_tests	0.08113489298158287	0.19429235108677617	0.08378961340633814	0.6407831425253028	0	0.5080482897384306	0.29457831325301204	0.05	sim6	rep3	rd1
DIMSUM_tests	0	0.2736021237763398	0	0.7242409158785466	0.00215696034511365	NA	0	0.05	sim6	rep3	rd1
EDGER_tests	0	0.27542724406835906	0	0.7245727559316409	0	NA	0	0.05	sim6	rep3	rd1
LIMMA_tests	0	0.27542724406835906	0	0.7245727559316409	0	NA	0	0.05	sim6	rep3	rd1
ROSACE_tests	0	0.2422432387589182	0	0.7577567612410818	0	NA	0	0	sim7	rep3	rd1
SLR_tests	0	0.2422432387589182	0	0.7577567612410818	0	NA	0	0	sim7	rep3	rd1
ENRICH2_tests	0	0.2422432387589182	0	0.7577567612410818	0	NA	0	0	sim7	rep3	rd1
DIMSUM_tests	0	0.2410817985730878	0	0.7575908412145346	0.00132736021237763	NA	0	0	sim7	rep3	rd1
EDGER_tests	0	0.2422432387589182	0	0.7577567612410818	0	NA	0	0	sim7	rep3	rd1
LIMMA_tests	0	0.2422432387589182	0	0.7577567612410818	0	NA	0	0	sim7	rep3	rd1
ROSACE_tests	0.11183009789281566	0.13041314086610253	0.01211216193794591	0.7456445993031359	0	0.09772423025435074	0.4616438356164384	0.005	sim7	rep3	rd1
SLR_tests	4.977600796416127e-4	0.2417454786792766	3.318400530944085e-4	0.7574249211879874	0	0.4	0.00205479452054794	0.005	sim7	rep3	rd1
ENRICH2_tests	0.04861456777833084	0.19362867098058736	0.06039488966318235	0.6973618715778994	0	0.5540334855403349	0.2006849315068493	0.005	sim7	rep3	rd1
DIMSUM_tests	0	0.2410817985730878	0	0.7575908412145346	0.00132736021237763	NA	0	0.005	sim7	rep3	rd1
EDGER_tests	0	0.2422432387589182	0	0.7577567612410818	0	NA	0	0.005	sim7	rep3	rd1
LIMMA_tests	0	0.2422432387589182	0	0.7577567612410818	0	NA	0	0.005	sim7	rep3	rd1
ROSACE_tests	0.12775842044134728	0.11448481831757092	0.01841712294673967	0.7393396382943421	0	0.12599318955732122	0.5273972602739726	0.01	sim7	rep3	rd1
SLR_tests	0.00116144018583042	0.2410817985730878	0.00116144018583042	0.7565953210552514	0	0.5	0.0047945205479452	0.01	sim7	rep3	rd1
ENRICH2_tests	0.05342624854819976	0.18881699021071843	0.06454289032686245	0.6932138709142194	0	0.5471167369901546	0.22054794520547943	0.01	sim7	rep3	rd1
DIMSUM_tests	0	0.2410817985730878	0	0.7575908412145346	0.00132736021237763	NA	0	0.01	sim7	rep3	rd1
EDGER_tests	0	0.2422432387589182	0	0.7577567612410818	0	NA	0	0.01	sim7	rep3	rd1
LIMMA_tests	0	0.2422432387589182	0	0.7577567612410818	0	NA	0	0.01	sim7	rep3	rd1
ROSACE_tests	0.17471378795420608	0.06752945080471214	0.0589016094242575	0.6988551518168243	0	0.25213068181818177	0.7212328767123287	0.05	sim7	rep3	rd1
SLR_tests	0.00547536087605774	0.23676787788286047	0.00663680106188817	0.7511199601791936	0	0.547945205479452	0.02260273972602739	0.05	sim7	rep3	rd1
ENRICH2_tests	0.06952049112327859	0.17272274763563963	0.08777169404347104	0.6699850671976108	0	0.5580168776371307	0.286986301369863	0.05	sim7	rep3	rd1
DIMSUM_tests	1.6592002654720425e-4	0.24091587854654056	0	0.7575908412145346	0.00132736021237763	0	6.882312456985548e-4	0.05	sim7	rep3	rd1
EDGER_tests	0	0.2422432387589182	0	0.7577567612410818	0	NA	0	0.05	sim7	rep3	rd1
LIMMA_tests	0	0.2422432387589182	0	0.7577567612410818	0	NA	0	0.05	sim7	rep3	rd1
ROSACE_tests	0	0.2887008461921354	0	0.7112991538078646	0	NA	0	0	sim8	rep3	rd1
SLR_tests	0	0.2887008461921354	0	0.7112991538078646	0	NA	0	0	sim8	rep3	rd1
ENRICH2_tests	0	0.2887008461921354	0	0.7112991538078646	0	NA	0	0	sim8	rep3	rd1
DIMSUM_tests	0	0.28770532603285215	0	0.7109673137547702	0.00132736021237763	NA	0	0	sim8	rep3	rd1
EDGER_tests	0	0.2887008461921354	0	0.7112991538078646	0	NA	0	0	sim8	rep3	rd1
LIMMA_tests	0	0.2887008461921354	0	0.7112991538078646	0	NA	0	0	sim8	rep3	rd1
ROSACE_tests	0.1327360212377634	0.155964824954372	0.00696864111498257	0.704330512692882	0	0.0498812351543943	0.4597701149425287	0.005	sim8	rep3	rd1
SLR_tests	0.00149328023892483	0.28720756595321056	0.00149328023892483	0.7098058735689398	0	0.5	0.00517241379310344	0.005	sim8	rep3	rd1
ENRICH2_tests	0.0627177700348432	0.22598307615729216	0.05541728886676621	0.6558818649410983	0	0.46910112359550565	0.21724137931034485	0.005	sim8	rep3	rd1
DIMSUM_tests	0	0.28770532603285215	0	0.7109673137547702	0.00132736021237763	NA	0	0.005	sim8	rep3	rd1
EDGER_tests	0	0.2887008461921354	0	0.7112991538078646	0	NA	0	0.005	sim8	rep3	rd1
LIMMA_tests	0	0.2887008461921354	0	0.7112991538078646	0	NA	0	0.005	sim8	rep3	rd1
ROSACE_tests	0.15496930479508875	0.13373154139704663	0.01244400199104031	0.6988551518168243	0	0.07433102081268583	0.5367816091954023	0.01	sim8	rep3	rd1
SLR_tests	0.00199104031856645	0.2867098058735689	0.00232288037166085	0.7089762734362037	0	0.5384615384615385	0.00689655172413793	0.01	sim8	rep3	rd1
ENRICH2_tests	0.06786129085780654	0.2208395553343289	0.06570433051269288	0.6455948232951717	0	0.49192546583850927	0.2350574712643678	0.01	sim8	rep3	rd1
DIMSUM_tests	0	0.28770532603285215	0	0.7109673137547702	0.00132736021237763	NA	0	0.01	sim8	rep3	rd1
EDGER_tests	0	0.2887008461921354	0	0.7112991538078646	0	NA	0	0.01	sim8	rep3	rd1
LIMMA_tests	0	0.2887008461921354	0	0.7112991538078646	0	NA	0	0.01	sim8	rep3	rd1
ROSACE_tests	0.20623859299817487	0.08246225319396051	0.04828272772523644	0.6630164260826281	0	0.1897001303780965	0.7143678160919541	0.05	sim8	rep3	rd1
SLR_tests	0.01061888169902107	0.27808196449311434	0.00879376140700182	0.7025053924008627	0	0.45299145299145294	0.03678160919540229	0.05	sim8	rep3	rd1
ENRICH2_tests	0.09042641446822632	0.19827443172390907	0.08909905425584869	0.6222000995520159	0	0.4963031423290204	0.31321839080459773	0.05	sim8	rep3	rd1
DIMSUM_tests	0	0.28770532603285215	0	0.7109673137547702	0.00132736021237763	NA	0	0.05	sim8	rep3	rd1
EDGER_tests	0	0.2887008461921354	0	0.7112991538078646	0	NA	0	0.05	sim8	rep3	rd1
LIMMA_tests	0	0.2887008461921354	0	0.7112991538078646	0	NA	0	0.05	sim8	rep3	rd1
ROSACE_tests	0	0.21569603451136551	0	0.7843039654886345	0	NA	0	0	sim9	rep3	rd1
SLR_tests	0	0.21569603451136551	0	0.7843039654886345	0	NA	0	0	sim9	rep3	rd1
ENRICH2_tests	0	0.21569603451136551	0	0.7843039654886345	0	NA	0	0	sim9	rep3	rd1
DIMSUM_tests	0	0.21403683424589348	0	0.7843039654886345	0.00165920026547204	NA	0	0	sim9	rep3	rd1
EDGER_tests	0	0.21569603451136551	0	0.7843039654886345	0	NA	0	0	sim9	rep3	rd1
LIMMA_tests	0	0.21569603451136551	0	0.7843039654886345	0	NA	0	0	sim9	rep3	rd1
ROSACE_tests	0.08727393396382943	0.12842210054753608	0.01144848183175709	0.7728554836568774	0	0.11596638655462188	0.4046153846153846	0.005	sim9	rep3	rd1
SLR_tests	6.63680106188817e-4	0.2150323544051767	4.977600796416127e-4	0.7838062054089928	0	0.42857142857142855	0.00307692307692307	0.005	sim9	rep3	rd1
ENRICH2_tests	0.04247552679608429	0.17322050771528125	0.06653393064542891	0.7177700348432056	0	0.6103500761035008	0.19692307692307692	0.005	sim9	rep3	rd1
DIMSUM_tests	0	0.21403683424589348	0	0.7843039654886345	0.00165920026547204	NA	0	0.005	sim9	rep3	rd1
EDGER_tests	0	0.21569603451136551	0	0.7843039654886345	0	NA	0	0.005	sim9	rep3	rd1
LIMMA_tests	0	0.21569603451136551	0	0.7843039654886345	0	NA	0	0.005	sim9	rep3	rd1
ROSACE_tests	0.10287041645926664	0.11282561805209888	0.02123776339804214	0.7630662020905923	0	0.1711229946524064	0.47692307692307695	0.01	sim9	rep3	rd1
SLR_tests	0.00116144018583042	0.2145345943255351	0.00132736021237763	0.7829766052762569	0	0.5333333333333333	0.00538461538461538	0.01	sim9	rep3	rd1
ENRICH2_tests	0.04629168740666999	0.16940434710469554	0.07300481168076987	0.7112991538078646	0	0.611961057023644	0.2146153846153846	0.01	sim9	rep3	rd1
DIMSUM_tests	0	0.21403683424589348	0	0.7843039654886345	0.00165920026547204	NA	0	0.01	sim9	rep3	rd1
EDGER_tests	0	0.21569603451136551	0	0.7843039654886345	0	NA	0	0.01	sim9	rep3	rd1
LIMMA_tests	0	0.21569603451136551	0	0.7843039654886345	0	NA	0	0.01	sim9	rep3	rd1
ROSACE_tests	0.14584370333499252	0.06985233117637299	0.06288369006139041	0.7214202754272441	0	0.30127186009538953	0.6761538461538461	0.05	sim9	rep3	rd1
SLR_tests	0.00663680106188817	0.20905923344947736	0.00564128090260494	0.7786626845860295	0	0.4594594594594595	0.03076923076923077	0.05	sim9	rep3	rd1
ENRICH2_tests	0.05840384934461589	0.15729218516674962	0.09822465571594492	0.6860793097726896	0	0.6271186440677966	0.27076923076923076	0.05	sim9	rep3	rd1
DIMSUM_tests	0	0.21403683424589348	0	0.7843039654886345	0.00165920026547204	NA	0	0.05	sim9	rep3	rd1
EDGER_tests	0	0.21569603451136551	0	0.7843039654886345	0	NA	0	0.05	sim9	rep3	rd1
LIMMA_tests	0	0.21569603451136551	0	0.7843039654886345	0	NA	0	0.05	sim9	rep3	rd1
ROSACE_tests	0	0.22896963663514183	0	0.7710303633648581	0	NA	0	0	sim1	rep3	rd3
SLR_tests	0	0.22896963663514183	0	0.7710303633648581	0	NA	0	0	sim1	rep3	rd3
ENRICH2_tests	1.6592002654720425e-4	0.22880371660859464	1.6592002654720425e-4	0.770864443338311	0	0.5	7.246376811594203e-4	0	sim1	rep3	rd3
EDGER_tests	0	0.22896963663514183	0	0.7710303633648581	0	NA	0	0	sim1	rep3	rd3
LIMMA_tests	0	0.22896963663514183	0	0.7710303633648581	0	NA	0	0	sim1	rep3	rd3
ROSACE_tests	0.22332835573253693	0.00564128090260494	0.00945744151319064	0.7615729218516675	0	0.04062722736992159	0.9753623188405798	0.005	sim1	rep3	rd3
SLR_tests	0.0159283225485316	0.21304131408661023	0	0.7710303633648581	0	0	0.06956521739130435	0.005	sim1	rep3	rd3
ENRICH2_tests	0.0703500912560146	0.15861954537912726	0.03185664509706321	0.7391737182677949	0	0.3116883116883117	0.3072463768115942	0.005	sim1	rep3	rd3
EDGER_tests	0.0039820806371329	0.22498755599800896	0	0.7710303633648581	0	0	0.01739130434782608	0.005	sim1	rep3	rd3
LIMMA_tests	0.08528289364526298	0.14368674298987888	1.6592002654720425e-4	0.770864443338311	0	0.00194174757281553	0.372463768115942	0.005	sim1	rep3	rd3
ROSACE_tests	0.22382611581217857	0.00514352082296333	0.01609424257507881	0.7549361207897793	0	0.06708160442600276	0.977536231884058	0.01	sim1	rep3	rd3
SLR_tests	0.03832752613240418	0.1906421105027377	3.318400530944085e-4	0.7706985233117637	0	0.00858369098712446	0.16739130434782606	0.01	sim1	rep3	rd3
ENRICH2_tests	0.07682097229135557	0.1521486643437863	0.03832752613240418	0.732702837232454	0	0.33285302593659943	0.3355072463768116	0.01	sim1	rep3	rd3
EDGER_tests	0.01758752281400365	0.21138211382113825	0	0.7710303633648581	0	0	0.07681159420289856	0.01	sim1	rep3	rd3
LIMMA_tests	0.1017089762734362	0.12726066036170566	1.6592002654720425e-4	0.770864443338311	0	0.001628664495114	0.4442028985507246	0.01	sim1	rep3	rd3
ROSACE_tests	0.226646756263481	0.00232288037166085	0.05774016923842708	0.713290194126431	0	0.20303383897316216	0.989855072463768	0.05	sim1	rep3	rd3
SLR_tests	0.09490625518500084	0.13406338145014104	0.00282064045130247	0.7682097229135557	0	0.02886247877758913	0.4144927536231884	0.05	sim1	rep3	rd3
ENRICH2_tests	0.101543056246889	0.12742658038825286	0.06537249045959848	0.7056578729052597	0	0.39165009940357853	0.4434782608695652	0.05	sim1	rep3	rd3
EDGER_tests	0.06504065040650407	0.1639289862286378	0	0.7710303633648581	0	0	0.28405797101449276	0.05	sim1	rep3	rd3
LIMMA_tests	0.1481665837066534	0.08080305292848847	0.00116144018583042	0.7698689231790277	0	0.00777777777777777	0.6471014492753623	0.05	sim1	rep3	rd3
ROSACE_tests	0	0.2588352414136386	0	0.7411647585863613	0	NA	0	0	sim10	rep3	rd3
SLR_tests	0	0.2588352414136386	0	0.7411647585863613	0	NA	0	0	sim10	rep3	rd3
ENRICH2_tests	3.318400530944085e-4	0.2585034013605442	3.318400530944085e-4	0.7408329185332669	0	0.5	0.00128205128205128	0	sim10	rep3	rd3
EDGER_tests	0	0.2588352414136386	0	0.7411647585863613	0	NA	0	0	sim10	rep3	rd3
LIMMA_tests	0	0.2588352414136386	0	0.7411647585863613	0	NA	0	0	sim10	rep3	rd3
ROSACE_tests	0.2536917205906753	0.00514352082296333	0.01078480172556827	0.730379956860793	0	0.04077791718946047	0.9801282051282052	0.005	sim10	rep3	rd3
SLR_tests	0.02140368342458935	0.23743155798904927	0	0.7411647585863613	0	0	0.0826923076923077	0.005	sim10	rep3	rd3
ENRICH2_tests	0.08362369337979095	0.1752115480338477	0.02704496432719429	0.714119794259167	0	0.2443778110944528	0.32307692307692304	0.005	sim10	rep3	rd3
EDGER_tests	0.00348432055749128	0.25535092085614736	0	0.7411647585863613	0	0	0.01346153846153845	0.005	sim10	rep3	rd3
LIMMA_tests	0.101543056246889	0.15729218516674962	0	0.7411647585863613	0	0	0.3923076923076923	0.005	sim10	rep3	rd3
ROSACE_tests	0.25535092085614736	0.00348432055749128	0.01742160278745644	0.7237431557989049	0	0.06386861313868612	0.9865384615384616	0.01	sim10	rep3	rd3
SLR_tests	0.04562800730048116	0.21320723411315745	0	0.7411647585863613	0	0	0.17628205128205127	0.01	sim10	rep3	rd3
ENRICH2_tests	0.09324705491952878	0.16558818649410983	0.03318400530944085	0.7079807532769206	0	0.26246719160104987	0.36025641025641025	0.01	sim10	rep3	rd3
EDGER_tests	0.02074000331840053	0.23809523809523808	0	0.7411647585863613	0	0	0.08012820512820513	0.01	sim10	rep3	rd3
LIMMA_tests	0.12012609922017588	0.13870914219346275	1.6592002654720425e-4	0.7409988385598142	0	0.00137931034482758	0.4641025641025641	0.01	sim10	rep3	rd3
ROSACE_tests	0.25701012112161936	0.00182512029201924	0.05724240915878546	0.6839223494275759	0	0.18215417106652587	0.992948717948718	0.05	sim10	rep3	rd3
SLR_tests	0.11979425916708146	0.13904098224655717	0.00232288037166085	0.7388418782147005	0	0.01902173913043478	0.4628205128205128	0.05	sim10	rep3	rd3
ENRICH2_tests	0.12311265969802555	0.13572258171561308	0.05608096897295504	0.6850837896134063	0	0.31296296296296294	0.47564102564102567	0.05	sim10	rep3	rd3
EDGER_tests	0.0859465737514518	0.17288866766218683	1.6592002654720425e-4	0.7409988385598142	0	0.00192678227360308	0.3320512820512821	0.05	sim10	rep3	rd3
LIMMA_tests	0.178695868591339	0.08013937282229965	0.00165920026547204	0.7395055583208894	0	0.00919963201471941	0.6903846153846155	0.05	sim10	rep3	rd3
ROSACE_tests	0	0.2654720424755268	0	0.7345279575244732	0	NA	0	0	sim2	rep3	rd3
SLR_tests	0	0.2654720424755268	0	0.7345279575244732	0	NA	0	0	sim2	rep3	rd3
ENRICH2_tests	4.977600796416127e-4	0.26497428239588516	1.6592002654720425e-4	0.734362037497926	0	0.25	0.001875	0	sim2	rep3	rd3
EDGER_tests	0	0.2654720424755268	0	0.7345279575244732	0	NA	0	0	sim2	rep3	rd3
LIMMA_tests	0	0.2654720424755268	0	0.7345279575244732	0	NA	0	0	sim2	rep3	rd3
ROSACE_tests	0.25999668159946904	0.00547536087605774	0.00829600132736021	0.726231956197113	0	0.03092145949288807	0.979375	0.005	sim2	rep3	rd3
SLR_tests	0.02090592334494773	0.24456611913057907	3.318400530944085e-4	0.7341961174713788	0	0.015625	0.07875	0.005	sim2	rep3	rd3
ENRICH2_tests	0.08760577401692385	0.17786626845860296	0.03285216525634644	0.7016757922681267	0	0.2727272727272727	0.33	0.005	sim2	rep3	rd3
EDGER_tests	0.00564128090260494	0.25983076157292184	0	0.7345279575244732	0	0	0.02124999999999999	0.005	sim2	rep3	rd3
LIMMA_tests	0.10436369669819148	0.16110834577733532	0	0.7345279575244732	0	0	0.393125	0.005	sim2	rep3	rd3
ROSACE_tests	0.2618218018914883	0.00365024058403849	0.01393728222996515	0.720590675294508	0	0.05054151624548737	0.98625	0.01	sim2	rep3	rd3
SLR_tests	0.04496432719429235	0.22050771528123445	0.00116144018583042	0.7333665173386428	0	0.02517985611510791	0.169375	0.01	sim2	rep3	rd3
ENRICH2_tests	0.09606769537083126	0.16940434710469554	0.03882528621204579	0.6957026713124274	0	0.2878228782287823	0.361875	0.01	sim2	rep3	rd3
EDGER_tests	0.02074000331840053	0.24473203915712627	0	0.7345279575244732	0	0	0.078125	0.01	sim2	rep3	rd3
LIMMA_tests	0.12327857972457276	0.14219346275095404	1.6592002654720425e-4	0.734362037497926	0	0.00134408602150537	0.464375	0.01	sim2	rep3	rd3
ROSACE_tests	0.2641446822631492	0.00132736021237763	0.05160112825618052	0.6829268292682927	0	0.16342616920651604	0.995	0.05	sim2	rep3	rd3
SLR_tests	0.12294673967147834	0.14252530280404846	0.00514352082296333	0.7293844367015099	0	0.04015544041450777	0.4631249999999999	0.05	sim2	rep3	rd3
ENRICH2_tests	0.12626514020242244	0.13920690227310437	0.06188816990210719	0.672639787622366	0	0.3289241622574956	0.475625	0.05	sim2	rep3	rd3
EDGER_tests	0.07864609258337481	0.186825949892152	0	0.7345279575244732	0	0	0.29624999999999996	0.05	sim2	rep3	rd3
LIMMA_tests	0.18018914883026385	0.08528289364526298	0.00248880039820806	0.7320391571262651	0	0.01362397820163487	0.67875	0.05	sim2	rep3	rd3
ROSACE_tests	0	0.25551684088269455	0	0.7444831591173054	0	NA	0	0	sim3	rep3	rd3
SLR_tests	0	0.25551684088269455	0	0.7444831591173054	0	NA	0	0	sim3	rep3	rd3
ENRICH2_tests	4.977600796416127e-4	0.2550190808030529	1.6592002654720425e-4	0.7443172390907583	0	0.25	0.00194805194805194	0	sim3	rep3	rd3
EDGER_tests	0	0.25551684088269455	0	0.7444831591173054	0	NA	0	0	sim3	rep3	rd3
LIMMA_tests	0	0.25551684088269455	0	0.7444831591173054	0	NA	0	0	sim3	rep3	rd3
ROSACE_tests	0.24871411979425917	0.00680272108843537	0.01260992201758752	0.731873237099718	0	0.04825396825396825	0.9733766233766232	0.005	sim3	rep3	rd3
SLR_tests	0.01708976273436203	0.2384270781483325	0	0.7444831591173054	0	0	0.06688311688311688	0.005	sim3	rep3	rd3
ENRICH2_tests	0.07748465239754439	0.17803218848515015	0.03052928488468558	0.7139538742326199	0	0.282642089093702	0.30324675324675326	0.005	sim3	rep3	rd3
EDGER_tests	0.00713456114152978	0.24838227974116475	0	0.7444831591173054	0	0	0.02792207792207792	0.005	sim3	rep3	rd3
LIMMA_tests	0.10087937614070018	0.15463746474199436	0	0.7444831591173054	0	0	0.3948051948051948	0.005	sim3	rep3	rd3
ROSACE_tests	0.2498755599800896	0.00564128090260494	0.01941264310602289	0.7250705160112826	0	0.07208872458410351	0.977922077922078	0.01	sim3	rep3	rd3
SLR_tests	0.03451136552181848	0.22100547536087609	1.6592002654720425e-4	0.7443172390907583	0	0.00478468899521531	0.13506493506493508	0.01	sim3	rep3	rd3
ENRICH2_tests	0.08528289364526298	0.17023394723743157	0.03583872573419611	0.7086444333831093	0	0.2958904109589041	0.33376623376623377	0.01	sim3	rep3	rd3
EDGER_tests	0.01460096233615397	0.24091587854654056	0	0.7444831591173054	0	0	0.05714285714285714	0.01	sim3	rep3	rd3
LIMMA_tests	0.12244897959183672	0.13306786129085782	0	0.7444831591173054	0	0	0.4792207792207792	0.01	sim3	rep3	rd3
ROSACE_tests	0.25286212045793927	0.00265472042475526	0.06172224987555998	0.6827609092417455	0	0.19620253164556964	0.9896103896103896	0.05	sim3	rep3	rd3
SLR_tests	0.11249377799900448	0.14302306288369007	0.00215696034511365	0.7423261987721919	0	0.01881331403762663	0.44025974025974024	0.05	sim3	rep3	rd3
ENRICH2_tests	0.11979425916708146	0.13572258171561308	0.05906752945080471	0.6854156296665007	0	0.3302411873840445	0.4688311688311688	0.05	sim3	rep3	rd3
EDGER_tests	0.0741662518666003	0.18135058901609424	0	0.7444831591173054	0	0	0.2902597402597402	0.05	sim3	rep3	rd3
LIMMA_tests	0.17222498755599802	0.08329185332669653	0.00165920026547204	0.7428239588518334	0	0.00954198473282442	0.6740259740259741	0.05	sim3	rep3	rd3
ROSACE_tests	0	0.2389248382279741	0	0.7610751617720258	0	NA	0	0	sim4	rep3	rd3
SLR_tests	0	0.2389248382279741	0	0.7610751617720258	0	NA	0	0	sim4	rep3	rd3
ENRICH2_tests	1.6592002654720425e-4	0.23875891820142692	0	0.7610751617720258	0	0	6.944444444444445e-4	0	sim4	rep3	rd3
EDGER_tests	0	0.2389248382279741	0	0.7610751617720258	0	NA	0	0	sim4	rep3	rd3
LIMMA_tests	0	0.2389248382279741	0	0.7610751617720258	0	NA	0	0	sim4	rep3	rd3
ROSACE_tests	0.23344947735191637	0.00547536087605774	0.0117803218848515	0.7492948398871744	0	0.04803788903924221	0.9770833333333332	0.005	sim4	rep3	rd3
SLR_tests	0.00862784138045462	0.2302969968475195	0	0.7610751617720258	0	0	0.03611111111111111	0.005	sim4	rep3	rd3
ENRICH2_tests	0.07151153144184504	0.1674133067861291	0.03334992533598805	0.7277252364360378	0	0.3180379746835443	0.2993055555555556	0.005	sim4	rep3	rd3
EDGER_tests	0.00282064045130247	0.23610419777667163	0	0.7610751617720258	0	0	0.01180555555555555	0.005	sim4	rep3	rd3
LIMMA_tests	0.094242575078812	0.1446822631491621	0	0.7610751617720258	0	0	0.3944444444444444	0.005	sim4	rep3	rd3
ROSACE_tests	0.23527459764393563	0.00365024058403849	0.01941264310602289	0.741662518666003	0	0.0762214983713355	0.9847222222222224	0.01	sim4	rep3	rd3
SLR_tests	0.03003152480504397	0.20889331342293016	1.6592002654720425e-4	0.7609092417454787	0	0.00549450549450549	0.12569444444444444	0.01	sim4	rep3	rd3
ENRICH2_tests	0.07997345279575245	0.15895138543222168	0.03882528621204579	0.7222498755599801	0	0.3268156424581005	0.33472222222222225	0.01	sim4	rep3	rd3
EDGER_tests	0.01742160278745644	0.22150323544051767	0	0.7610751617720258	0	0	0.07291666666666666	0.01	sim4	rep3	rd3
LIMMA_tests	0.11149825783972124	0.12742658038825286	1.6592002654720425e-4	0.7609092417454787	0	0.00148588410104011	0.4666666666666667	0.01	sim4	rep3	rd3
ROSACE_tests	0.23726563796250208	0.00165920026547204	0.0589016094242575	0.7021735523477683	0	0.19887955182072828	0.9930555555555556	0.05	sim4	rep3	rd3
SLR_tests	0.10220673635307782	0.1367181018748963	0.00331840053094408	0.7577567612410818	0	0.03144654088050314	0.4277777777777778	0.05	sim4	rep3	rd3
ENRICH2_tests	0.1095072175211548	0.1294176207068193	0.06139040982246557	0.6996847519495603	0	0.3592233009708738	0.45833333333333337	0.05	sim4	rep3	rd3
EDGER_tests	0.07051601128256181	0.16840882694541232	0	0.7610751617720258	0	0	0.2951388888888889	0.05	sim4	rep3	rd3
LIMMA_tests	0.15828770532603284	0.08063713290194126	0.00182512029201924	0.7592500414800066	0	0.01139896373056994	0.6625	0.05	sim4	rep3	rd3
ROSACE_tests	0	0.24888003982080636	0	0.7511199601791936	0	NA	0	0	sim5	rep3	rd3
SLR_tests	0	0.24888003982080636	0	0.7511199601791936	0	NA	0	0	sim5	rep3	rd3
ENRICH2_tests	1.6592002654720425e-4	0.24871411979425917	1.6592002654720425e-4	0.7509540401526464	0	0.5	6.666666666666668e-4	0	sim5	rep3	rd3
EDGER_tests	0	0.24888003982080636	0	0.7511199601791936	0	NA	0	0	sim5	rep3	rd3
LIMMA_tests	0	0.24888003982080636	0	0.7511199601791936	0	NA	0	0	sim5	rep3	rd3
ROSACE_tests	0.24274099883855985	0.00613904098224655	0.01310768209722913	0.7380122780819645	0	0.05123216601815823	0.9753333333333334	0.005	sim5	rep3	rd3
SLR_tests	0.01144848183175709	0.23743155798904927	1.6592002654720425e-4	0.7509540401526464	0	0.01428571428571428	0.046	0.005	sim5	rep3	rd3
ENRICH2_tests	0.0743321718931475	0.17454786792765886	0.0313588850174216	0.719761075161772	0	0.2967032967032967	0.2986666666666667	0.005	sim5	rep3	rd3
EDGER_tests	0.00232288037166085	0.24655715944914552	0	0.7511199601791936	0	0	0.00933333333333333	0.005	sim5	rep3	rd3
LIMMA_tests	0.08345777335324374	0.16542226646756264	0	0.7511199601791936	0	0	0.33533333333333337	0.005	sim5	rep3	rd3
ROSACE_tests	0.24406835905093743	0.00481168076986892	0.02140368342458935	0.7297162767546043	0	0.080625	0.9806666666666668	0.01	sim5	rep3	rd3
SLR_tests	0.0315248050439688	0.21735523477683755	4.977600796416127e-4	0.750622200099552	0	0.0155440414507772	0.12666666666666665	0.01	sim5	rep3	rd3
ENRICH2_tests	0.08544881367181019	0.1634312261489962	0.03832752613240418	0.7127924340467895	0	0.3096514745308311	0.3433333333333333	0.01	sim5	rep3	rd3
EDGER_tests	0.00680272108843537	0.242077318732371	0	0.7511199601791936	0	0	0.02733333333333333	0.01	sim5	rep3	rd3
LIMMA_tests	0.10336817653890824	0.14551186328189814	0	0.7511199601791936	0	0	0.4153333333333334	0.01	sim5	rep3	rd3
ROSACE_tests	0.2463912394225983	0.00248880039820806	0.06404513024722083	0.6870748299319728	0	0.2063067878140032	0.99	0.05	sim5	rep3	rd3
SLR_tests	0.1018748962999834	0.14700514352082297	0.00315248050439688	0.7479674796747967	0	0.03001579778830963	0.4093333333333333	0.05	sim5	rep3	rd3
ENRICH2_tests	0.11299153807864608	0.13588850174216027	0.05989712958354073	0.6912228305956529	0	0.3464491362763915	0.454	0.05	sim5	rep3	rd3
EDGER_tests	0.07084785133565621	0.17803218848515015	1.6592002654720425e-4	0.7509540401526464	0	0.00233644859813084	0.2846666666666667	0.05	sim5	rep3	rd3
LIMMA_tests	0.15729218516674962	0.09158785465405676	0.00265472042475526	0.7484652397544383	0	0.01659751037344398	0.632	0.05	sim5	rep3	rd3
ROSACE_tests	0	0.27542724406835906	0	0.7245727559316409	0	NA	0	0	sim6	rep3	rd3
SLR_tests	0	0.27542724406835906	0	0.7245727559316409	0	NA	0	0	sim6	rep3	rd3
ENRICH2_tests	1.6592002654720425e-4	0.27526132404181186	0	0.7245727559316409	0	0	6.024096385542169e-4	0	sim6	rep3	rd3
EDGER_tests	0	0.27542724406835906	0	0.7245727559316409	0	NA	0	0	sim6	rep3	rd3
LIMMA_tests	0	0.27542724406835906	0	0.7245727559316409	0	NA	0	0	sim6	rep3	rd3
ROSACE_tests	0.26879044300647087	0.00663680106188817	0.01095072175211548	0.7136220341795255	0	0.03914590747330961	0.9759036144578312	0.005	sim6	rep3	rd3
SLR_tests	0.0159283225485316	0.25949892151982745	0	0.7245727559316409	0	0	0.05783132530120481	0.005	sim6	rep3	rd3
ENRICH2_tests	0.09092417454786791	0.18450306952049111	0.03036336485813837	0.6942093910735025	0	0.25034199726402184	0.3301204819277108	0.005	sim6	rep3	rd3
EDGER_tests	0.00431392069022731	0.27111332337813177	0	0.7245727559316409	0	0	0.01566265060240964	0.005	sim6	rep3	rd3
LIMMA_tests	0.10320225651236103	0.17222498755599802	0	0.7245727559316409	0	0	0.3746987951807229	0.005	sim6	rep3	rd3
ROSACE_tests	0.27011780321884854	0.00530944084951053	0.01841712294673967	0.7061556329849012	0	0.06382978723404253	0.9807228915662652	0.01	sim6	rep3	rd3
SLR_tests	0.03782976605276256	0.23759747801559647	1.6592002654720425e-4	0.7244068359050937	0	0.00436681222707423	0.13734939759036144	0.01	sim6	rep3	rd3
ENRICH2_tests	0.09971793595486976	0.1757093081134893	0.03451136552181848	0.6900613904098225	0	0.25710754017305315	0.3620481927710843	0.01	sim6	rep3	rd3
EDGER_tests	0.01775344284055085	0.2576738012278082	0	0.7245727559316409	0	0	0.06445783132530121	0.01	sim6	rep3	rd3
LIMMA_tests	0.12294673967147834	0.1524805043968807	1.6592002654720425e-4	0.7244068359050937	0	0.0013477088948787	0.44638554216867465	0.01	sim6	rep3	rd3
ROSACE_tests	0.27293844367015097	0.00248880039820806	0.0545876887340302	0.6699850671976108	0	0.16666666666666669	0.9909638554216866	0.05	sim6	rep3	rd3
SLR_tests	0.12742658038825286	0.1480006636801062	0.00331840053094408	0.7212543554006968	0	0.02538071065989847	0.4626506024096385	0.05	sim6	rep3	rd3
ENRICH2_tests	0.1280902604944417	0.14733698357391736	0.05558320889331342	0.6689895470383276	0	0.30261969286359536	0.46506024096385534	0.05	sim6	rep3	rd3
EDGER_tests	0.08644433383109341	0.18898291023726563	1.6592002654720425e-4	0.7244068359050937	0	0.00191570881226053	0.31385542168674696	0.05	sim6	rep3	rd3
LIMMA_tests	0.18616226978596315	0.08926497428239588	0.00182512029201924	0.7227476356396217	0	0.00970873786407766	0.6759036144578313	0.05	sim6	rep3	rd3
ROSACE_tests	0	0.2422432387589182	0	0.7577567612410818	0	NA	0	0	sim7	rep3	rd3
SLR_tests	0	0.2422432387589182	0	0.7577567612410818	0	NA	0	0	sim7	rep3	rd3
ENRICH2_tests	6.63680106188817e-4	0.2415795586527294	3.318400530944085e-4	0.7574249211879874	0	0.33333333333333337	0.00273972602739726	0	sim7	rep3	rd3
EDGER_tests	0	0.2422432387589182	0	0.7577567612410818	0	NA	0	0	sim7	rep3	rd3
LIMMA_tests	0	0.2422432387589182	0	0.7577567612410818	0	NA	0	0	sim7	rep3	rd3
ROSACE_tests	0.2377633980421437	0.00447984071677451	0.01343952215032354	0.7443172390907583	0	0.05350066050198149	0.9815068493150684	0.005	sim7	rep3	rd3
SLR_tests	0.01891488302638128	0.22332835573253693	0	0.7577567612410818	0	0	0.07808219178082192	0.005	sim7	rep3	rd3
ENRICH2_tests	0.08030529284884685	0.16193794591007135	0.03683424589347934	0.7209225153476024	0	0.31444759206798867	0.33150684931506846	0.005	sim7	rep3	rd3
EDGER_tests	0.00182512029201924	0.24041811846689895	0	0.7577567612410818	0	0	0.00753424657534246	0.005	sim7	rep3	rd3
LIMMA_tests	0.08528289364526298	0.15696034511365525	0	0.7577567612410818	0	0	0.35205479452054794	0.005	sim7	rep3	rd3
ROSACE_tests	0.23875891820142692	0.00348432055749128	0.01908080305292849	0.7386759581881533	0	0.074002574002574	0.9856164383561644	0.01	sim7	rep3	rd3
SLR_tests	0.03318400530944085	0.20905923344947736	3.318400530944085e-4	0.7574249211879874	0	0.0099009900990099	0.136986301369863	0.01	sim7	rep3	rd3
ENRICH2_tests	0.08727393396382943	0.15496930479508875	0.04164592666334826	0.7161108345777335	0	0.323037323037323	0.3602739726027397	0.01	sim7	rep3	rd3
EDGER_tests	0.0155964824954372	0.226646756263481	0	0.7577567612410818	0	0	0.06438356164383563	0.01	sim7	rep3	rd3
LIMMA_tests	0.10668657706985234	0.13555666168906588	3.318400530944085e-4	0.7574249211879874	0	0.00310077519379844	0.44041095890410953	0.01	sim7	rep3	rd3
ROSACE_tests	0.2410817985730878	0.00116144018583042	0.0585697693711631	0.6991869918699187	0	0.1954595791805094	0.9952054794520548	0.05	sim7	rep3	rd3
SLR_tests	0.10469553675128589	0.13754770200763233	0.00265472042475526	0.7551020408163265	0	0.02472952086553323	0.4321917808219178	0.05	sim7	rep3	rd3
ENRICH2_tests	0.11863281898125104	0.12361041977766717	0.06354737016757922	0.6942093910735025	0	0.3488160291438979	0.4897260273972603	0.05	sim7	rep3	rd3
EDGER_tests	0.06968641114982578	0.1725568276090924	0	0.7577567612410818	0	0	0.28767123287671237	0.05	sim7	rep3	rd3
LIMMA_tests	0.16309938609590177	0.07914385266301642	9.955201592832257e-4	0.7567612410817985	0	0.00606673407482305	0.6732876712328768	0.05	sim7	rep3	rd3
ROSACE_tests	0	0.2887008461921354	0	0.7112991538078646	0	NA	0	0	sim8	rep3	rd3
SLR_tests	0	0.2887008461921354	0	0.7112991538078646	0	NA	0	0	sim8	rep3	rd3
ENRICH2_tests	1.6592002654720425e-4	0.2885349261655882	3.318400530944085e-4	0.7109673137547702	0	0.6666666666666667	5.747126436781609e-4	0	sim8	rep3	rd3
EDGER_tests	0	0.2887008461921354	0	0.7112991538078646	0	NA	0	0	sim8	rep3	rd3
LIMMA_tests	0	0.2887008461921354	0	0.7112991538078646	0	NA	0	0	sim8	rep3	rd3
ROSACE_tests	0.28222996515679444	0.00647088103534096	0.01443504230960677	0.6968641114982579	0	0.04865771812080536	0.9775862068965516	0.005	sim8	rep3	rd3
SLR_tests	0.02057408329185332	0.2681267629002821	1.6592002654720425e-4	0.7111332337813174	0	0.008	0.07126436781609194	0.005	sim8	rep3	rd3
ENRICH2_tests	0.0939107350257176	0.19479011116641776	0.03202256512361041	0.6792765886842542	0	0.25428194993412384	0.3252873563218391	0.005	sim8	rep3	rd3
EDGER_tests	0.00481168076986892	0.28388916542226644	0	0.7112991538078646	0	0	0.01666666666666667	0.005	sim8	rep3	rd3
LIMMA_tests	0.10038161606105855	0.1883192301310768	0	0.7112991538078646	0	0	0.34770114942528735	0.005	sim8	rep3	rd3
ROSACE_tests	0.28305956528953047	0.00564128090260494	0.02206736353077816	0.6892317902770865	0	0.07232191408374115	0.9804597701149425	0.01	sim8	rep3	rd3
SLR_tests	0.04927824788451966	0.23942259830761572	1.6592002654720425e-4	0.7111332337813174	0	0.00335570469798657	0.1706896551724138	0.01	sim8	rep3	rd3
ENRICH2_tests	0.10220673635307782	0.18649410983905756	0.03700016592002655	0.674298987887838	0	0.265792610250298	0.35402298850574715	0.01	sim8	rep3	rd3
EDGER_tests	0.01642608262817322	0.2722747635639622	0	0.7112991538078646	0	0	0.05689655172413792	0.01	sim8	rep3	rd3
LIMMA_tests	0.12161937945910072	0.16708146673303467	0	0.7112991538078646	0	0	0.421264367816092	0.01	sim8	rep3	rd3
ROSACE_tests	0.28604612576738014	0.00265472042475526	0.06222000995520159	0.649079143852663	0	0.1786565030967127	0.9908045977011494	0.05	sim8	rep3	rd3
SLR_tests	0.1294176207068193	0.1592832254853161	0.00282064045130247	0.7084785133565621	0	0.02132998745294855	0.4482758620689655	0.05	sim8	rep3	rd3
ENRICH2_tests	0.13074498091919695	0.15795586527293845	0.0589016094242575	0.6523975443836071	0	0.310586176727909	0.4528735632183908	0.05	sim8	rep3	rd3
EDGER_tests	0.08843537414965986	0.20026547204247552	1.6592002654720425e-4	0.7111332337813174	0	0.00187265917602996	0.3063218390804598	0.05	sim8	rep3	rd3
LIMMA_tests	0.1913057906089265	0.09739505558320888	0.00232288037166085	0.7089762734362037	0	0.01199657240788346	0.6626436781609196	0.05	sim8	rep3	rd3
ROSACE_tests	0	0.21569603451136551	0	0.7843039654886345	0	NA	0	0	sim9	rep3	rd3
SLR_tests	0	0.21569603451136551	0	0.7843039654886345	0	NA	0	0	sim9	rep3	rd3
ENRICH2_tests	3.318400530944085e-4	0.21536419445827112	3.318400530944085e-4	0.7839721254355401	0	0.5	0.00153846153846153	0	sim9	rep3	rd3
EDGER_tests	0	0.21569603451136551	0	0.7843039654886345	0	NA	0	0	sim9	rep3	rd3
LIMMA_tests	0	0.21569603451136551	0	0.7843039654886345	0	NA	0	0	sim9	rep3	rd3
ROSACE_tests	0.210386593661855	0.00530944084951053	0.01294176207068193	0.7713622034179526	0	0.05794947994056463	0.9753846153846154	0.005	sim9	rep3	rd3
SLR_tests	0.01028704164592666	0.20540899286543887	0	0.7843039654886345	0	0	0.04769230769230769	0.005	sim9	rep3	rd3
ENRICH2_tests	0.06520657043305127	0.15048946407831426	0.02953376472540235	0.7547702007632321	0	0.3117338003502627	0.3023076923076923	0.005	sim9	rep3	rd3
EDGER_tests	0.00348432055749128	0.21221171395387425	0	0.7843039654886345	0	0	0.01615384615384615	0.005	sim9	rep3	rd3
LIMMA_tests	0.07781649245063879	0.13787954206072672	0	0.7843039654886345	0	0	0.3607692307692308	0.005	sim9	rep3	rd3
ROSACE_tests	0.2117139538742326	0.0039820806371329	0.01825120292019247	0.766052762568442	0	0.07936507936507937	0.9815384615384616	0.01	sim9	rep3	rd3
SLR_tests	0.02007632321221171	0.1956197112991538	0	0.7843039654886345	0	0	0.09307692307692308	0.01	sim9	rep3	rd3
ENRICH2_tests	0.07300481168076987	0.14269122283059563	0.0353409656545545	0.74896299983408	0	0.3261868300153139	0.3384615384615385	0.01	sim9	rep3	rd3
EDGER_tests	0.01244400199104031	0.2032520325203252	0	0.7843039654886345	0	0	0.05769230769230769	0.01	sim9	rep3	rd3
LIMMA_tests	0.09208561473369836	0.12361041977766717	0	0.7843039654886345	0	0	0.4269230769230769	0.01	sim9	rep3	rd3
ROSACE_tests	0.2138709142193463	0.00182512029201924	0.06122448979591836	0.7230794756927161	0	0.2225572979493365	0.9915384615384616	0.05	sim9	rep3	rd3
SLR_tests	0.08262817322050771	0.13306786129085782	9.955201592832257e-4	0.7833084453293513	0	0.0119047619047619	0.38307692307692304	0.05	sim9	rep3	rd3
ENRICH2_tests	0.09888833582213372	0.11680769868923178	0.0587356893977103	0.7255682760909242	0	0.3726315789473684	0.4584615384615385	0.05	sim9	rep3	rd3
EDGER_tests	0.05923344947735191	0.1564625850340136	0	0.7843039654886345	0	0	0.2746153846153846	0.05	sim9	rep3	rd3
LIMMA_tests	0.13704994192799072	0.07864609258337481	0.00182512029201924	0.7824788451966153	0	0.01314217443249701	0.6353846153846154	0.05	sim9	rep3	rd3
