rep1.c_0	rep1.c_1	rep2.c_0	rep2.c_1	rep3.c_0	rep3.c_1	rep4.c_0	rep4.c_1	rep5.c_0	rep5.c_1
29	92	91	134	130	119	22	25	106	251
110	330	90	177	59	43	71	131	98	72
32	33	148	85	156	68	33	5	54	97
34	31	82	68	90	163	42	33	84	174
79	54	52	62	28	155	47	183	99	64
53	266	171	21	67	44	183	26	120	67
189	43	149	112	174	19	140	198	18	88
35	116	45	31	122	247	42	217	264	57
280	141	39	40	31	284	129	78	88	105
41	0	117	9	155	0	84	0	135	0
65	33	84	150	36	77	31	61	63	135
196	0	41	22	30	15	60	0	23	0
47	85	83	85	71	176	63	40	44	112
84	128	250	113	63	132	69	120	119	144
111	40	69	101	202	90	262	101	139	48
167	172	26	115	57	129	36	39	64	84
185	99	50	13	115	40	39	17	112	124
50	0	65	0	173	7	66	13	47	0
105	47	114	203	43	6	110	69	235	57
316	57	22	42	58	27	129	144	73	61
8	74	11	104	173	69	125	36	45	157
29	100	22	61	149	88	127	60	105	181
234	118	128	12	123	181	79	210	64	89
171	80	142	63	134	139	183	70	15	80
26	269	68	93	83	152	104	37	32	30
63	30	84	192	26	56	260	79	186	107
139	115	24	241	76	136	134	26	124	68
126	102	7	39	39	38	51	77	116	29
121	50	139	155	159	100	110	96	236	115
326	85	64	107	193	52	76	418	62	41
182	77	122	89	24	74	275	22	124	64
75	64	237	93	20	178	114	135	26	53
89	0	103	36	113	0	168	0	56	0
296	134	111	139	128	74	109	87	48	87
41	67	126	164	199	144	145	126	123	63
74	246	83	122	68	168	349	450	34	77
202	194	69	75	110	92	81	175	28	225
199	202	28	113	11	109	174	66	115	119
296	103	121	192	45	130	66	199	184	100
49	46	33	40	13	127	85	49	95	108
162	148	96	90	85	218	4	121	74	77
87	89	179	307	74	127	132	203	68	330
43	99	105	146	140	63	30	35	33	127
38	62	82	48	165	114	130	175	66	40
122	157	52	18	149	36	35	148	99	153
29	163	25	40	68	117	21	81	119	159
120	139	99	108	65	70	115	14	80	69
169	27	91	25	125	84	140	285	177	126
42	222	171	77	34	148	400	94	40	181
81	123	46	33	118	132	54	102	229	261
64	61	117	49	140	187	166	110	98	37
68	14	63	107	105	138	111	125	260	14
36	174	113	187	109	212	237	260	46	50
91	22	33	148	129	65	77	139	62	104
120	32	109	74	118	74	286	30	197	154
42	168	33	186	6	105	87	99	95	67
180	56	39	23	25	87	156	59	137	50
94	72	158	176	35	26	27	134	54	96
76	50	58	203	69	57	129	79	140	52
76	79	104	50	86	118	149	126	88	75
55	107	68	261	163	238	133	118	120	96
92	138	120	134	248	192	224	134	237	139
189	159	204	70	35	149	173	222	147	82
40	39	101	64	128	24	57	85	143	45
80	54	155	27	10	124	104	110	72	116
18	115	149	33	29	123	45	110	23	156
63	25	46	55	258	47	115	96	199	78
52	41	86	128	193	75	101	107	93	102
66	37	69	120	109	135	46	45	24	42
15	30	57	49	119	13	155	88	99	252
65	44	253	29	110	28	238	100	131	219
218	90	182	107	61	138	195	40	27	133
134	208	97	84	84	187	55	177	75	112
147	99	30	28	192	177	97	300	52	85
307	0	18	0	200	0	26	0	99	0
72	0	99	0	154	0	206	0	121	0
145	63	218	150	72	63	8	81	156	17
35	154	57	53	237	43	100	55	104	213
191	101	55	60	25	118	84	334	124	38
128	69	63	43	272	89	70	89	122	79
71	0	27	0	196	0	92	0	63	0
65	20	42	0	66	18	43	0	173	0
166	26	71	71	5	17	45	16	95	118
105	38	220	150	356	122	286	89	219	89
209	198	71	43	37	74	106	85	30	94
23	116	56	18	89	145	127	64	86	8
75	80	43	36	112	48	158	130	153	97
45	98	124	89	81	56	115	144	216	61
45	65	165	104	32	109	423	32	74	90
28	0	31	0	132	0	46	0	52	0
86	71	21	28	50	105	17	116	20	76
47	18	148	125	161	49	81	80	162	132
114	42	96	63	49	458	22	74	130	68
119	42	95	104	109	83	45	39	60	108
147	71	100	334	45	29	94	16	77	218
75	177	75	243	150	34	58	89	90	27
30	43	202	72	52	175	189	34	42	143
156	158	263	49	84	68	127	109	33	40
105	127	367	70	103	56	200	135	131	91
59	71	91	87	255	150	88	84	118	67
157	251	49	120	15	34	141	209	114	63
185	45	335	115	289	96	78	148	29	67
136	86	34	183	153	76	37	89	113	141
32	0	109	0	182	0	18	0	41	0
55	92	117	122	156	190	70	395	74	147
73	65	106	151	97	70	68	23	76	33
23	351	104	101	61	54	49	108	30	92
56	82	176	78	99	105	56	38	117	50
33	48	105	124	95	123	89	62	84	150
124	24	71	4	58	225	122	110	37	20
156	50	81	63	112	103	34	144	72	97
141	107	107	131	20	68	147	81	53	74
118	54	19	136	117	245	54	143	45	192
81	82	88	236	140	41	43	103	137	33
68	123	197	25	34	112	149	99	19	94
46	72	76	109	130	228	34	143	68	131
153	159	156	42	38	47	45	190	260	92
37	143	99	59	245	177	131	71	95	90
155	29	92	74	319	98	62	164	181	155
44	39	38	8	84	98	24	200	185	7
62	187	111	31	68	60	187	55	12	113
158	153	159	123	110	294	34	39	157	41
88	7	67	119	10	150	92	27	89	49
31	282	109	63	66	59	84	97	46	162
110	68	50	55	111	215	61	192	78	27
36	84	208	185	50	46	71	179	90	53
181	151	104	142	108	100	313	122	395	78
106	13	71	20	187	74	91	16	45	119
44	31	40	111	91	215	12	138	73	54
21	68	99	9	76	63	114	193	82	36
113	57	148	117	67	23	22	75	80	93
100	94	260	112	165	1	56	99	52	187
239	67	97	36	15	101	58	79	54	243
32	113	57	348	34	268	207	55	65	48
335	274	176	218	81	94	111	61	27	112
207	28	132	53	90	206	69	123	7	87
40	138	74	49	128	198	151	66	211	102
174	17	59	154	39	66	130	76	27	31
43	239	112	16	63	144	105	229	195	32
76	77	28	43	139	44	245	165	154	8
28	169	149	212	34	189	143	195	64	71
21	142	37	266	25	59	36	58	111	58
183	170	166	45	51	151	47	94	53	77
76	173	77	52	152	96	209	52	200	93
56	0	85	0	66	0	90	0	85	0
138	87	45	198	107	82	100	110	161	229
44	96	153	119	247	181	43	95	134	89
74	37	63	134	207	180	38	86	115	19
123	77	38	38	51	142	123	71	37	76
13	11	104	209	52	296	65	66	277	121
77	86	97	85	232	142	58	40	171	65
10	123	104	128	58	66	163	100	91	32
111	113	40	19	44	126	123	70	67	80
30	86	104	42	128	149	69	52	171	41
89	69	149	98	30	163	44	57	105	67
86	48	63	33	37	65	238	130	386	121
222	84	22	39	99	190	14	32	42	17
83	141	62	56	58	63	68	79	222	196
42	72	56	18	156	174	70	22	175	19
34	100	72	130	49	168	64	33	209	134
91	127	39	170	115	47	82	95	133	104
187	151	59	73	22	110	53	101	163	76
100	150	183	78	115	35	270	255	171	95
45	114	28	68	215	128	71	50	50	61
171	51	104	154	75	14	46	75	72	63
86	0	35	1	132	52	23	11	124	190
33	94	136	105	41	34	147	31	89	51
157	45	186	86	12	37	158	184	63	58
54	44	59	112	16	53	207	86	198	44
25	22	34	123	142	48	6	153	104	123
83	151	120	64	130	65	117	77	99	166
62	40	119	59	181	147	75	85	69	105
23	54	37	58	85	213	73	76	122	149
311	34	118	37	120	45	88	147	41	72
72	233	82	31	67	169	68	77	110	66
89	24	220	72	47	65	70	53	52	123
29	40	83	103	114	168	104	121	40	238
42	55	145	50	110	277	95	119	28	86
75	97	40	17	25	22	276	129	191	113
54	3	23	0	92	56	131	68	80	167
54	66	106	142	111	43	79	102	27	91
151	101	205	141	121	61	55	173	165	128
136	14	95	229	92	49	0	148	35	173
87	62	55	177	55	232	100	60	120	15
103	0	38	2	260	1	112	0	109	0
73	81	126	90	78	53	102	129	59	153
59	167	45	45	83	226	67	17	100	90
53	97	55	14	103	66	54	36	100	163
265	175	35	63	202	81	38	155	37	89
138	77	48	134	111	136	196	304	103	68
78	76	90	204	137	201	109	149	79	62
74	133	109	93	59	120	63	173	261	80
33	62	165	136	70	36	119	199	97	51
155	231	85	73	13	71	171	107	57	136
108	43	464	84	172	96	73	105	223	48
184	40	109	105	13	47	31	62	31	95
209	47	84	36	22	123	78	36	138	65
81	32	108	230	204	127	78	116	219	19
68	141	224	196	108	122	146	80	65	205
72	71	73	190	64	143	33	63	273	30
95	38	226	149	68	144	51	73	51	60
46	39	33	28	58	124	17	17	73	162
39	182	137	197	31	150	48	105	64	105
149	108	112	69	208	157	35	55	57	86
206	59	85	157	40	51	19	157	140	88
26	94	129	153	169	115	190	16	56	54
52	16	68	80	92	210	91	21	14	35
53	92	78	41	129	64	181	134	249	119
79	204	134	24	33	81	47	108	131	71
185	55	71	1	83	56	134	50	60	76
50	39	128	146	94	29	102	90	22	191
32	72	94	35	16	22	27	58	22	26
102	46	59	120	44	232	216	485	181	47
35	204	85	72	142	19	110	82	137	6
141	54	95	83	44	113	106	21	174	37
52	125	37	14	41	26	32	41	124	36
26	70	191	152	97	151	134	105	102	398
36	62	69	111	210	4	25	48	44	67
54	160	57	110	83	57	67	114	138	106
10	203	193	53	168	60	54	58	148	50
176	65	22	123	115	52	158	99	65	7
21	148	110	106	77	75	79	31	56	158
67	48	72	119	80	54	19	63	172	112
274	197	169	101	122	146	52	73	128	75
42	90	122	143	154	157	79	80	71	28
334	19	102	15	109	87	56	67	223	42
108	52	135	3	57	169	60	192	86	24
63	125	90	107	89	34	222	145	71	92
121	26	148	217	87	200	164	115	41	210
62	78	59	89	5	198	31	259	143	118
110	60	181	102	141	287	221	19	78	73
73	0	141	0	27	0	233	0	157	0
132	261	198	170	169	100	28	111	40	148
45	204	184	38	115	149	51	50	60	34
11	0	37	0	27	0	274	0	39	0
10	32	43	115	119	214	150	150	165	51
86	153	177	126	20	205	64	40	135	351
87	32	258	141	44	111	105	68	279	64
117	138	47	48	72	53	64	16	7	36
107	53	210	276	42	120	229	232	120	119
32	103	129	53	9	128	36	120	141	59
67	135	57	67	58	105	82	150	117	68
76	81	89	92	40	22	42	346	189	213
25	19	120	264	14	46	189	113	140	173
52	24	145	311	29	235	272	77	127	48
70	44	26	146	132	101	271	171	83	21
19	53	219	109	84	10	163	153	149	83
24	73	157	22	202	125	8	24	63	46
29	38	145	131	170	58	107	234	20	182
62	73	107	246	112	112	26	12	75	25
113	0	84	0	78	0	88	0	14	0
68	98	160	284	89	54	199	103	94	131
168	56	94	192	122	118	58	81	126	49
52	186	102	92	31	127	250	254	59	113
63	162	26	76	23	136	25	122	49	44
108	329	154	63	141	60	81	30	81	35
60	44	99	136	12	191	100	17	10	207
37	76	45	91	67	62	100	236	207	134
23	109	97	145	64	120	63	78	100	51
55	69	36	80	22	99	37	38	66	20
94	189	156	23	116	170	115	119	80	83
90	57	87	72	125	330	10	99	34	21
44	32	54	25	33	61	225	106	84	138
101	12	48	22	3	28	30	20	191	54
187	133	120	53	12	55	107	284	82	119
91	121	171	116	38	170	190	81	143	28
62	37	171	102	113	205	237	89	118	97
79	146	174	129	184	53	73	90	89	95
161	107	31	116	81	116	4	61	101	59
19	46	117	47	168	120	155	121	93	149
32	67	29	59	146	273	134	146	63	58
245	61	147	171	29	116	138	12	49	126
249	141	48	113	211	214	83	158	113	81
113	69	73	37	100	107	29	151	71	40
185	132	171	102	325	112	59	128	36	79
82	185	48	58	179	155	36	11	63	185
13	41	36	57	85	149	151	118	90	155
191	170	304	157	109	164	112	79	38	67
113	32	87	84	91	35	75	33	68	60
16	76	155	17	32	16	22	18	60	97
11	138	150	34	89	81	93	99	142	15
70	154	69	90	32	51	135	160	183	53
50	59	20	22	68	19	17	84	62	181
37	103	30	141	9	17	44	107	47	126
180	153	108	102	228	121	38	166	79	148
130	107	26	285	37	93	23	13	142	149
245	86	88	38	92	229	93	140	282	101
22	193	76	176	52	84	135	177	19	38
28	56	68	57	66	12	6	119	109	114
144	100	68	155	52	45	127	122	117	284
480	48	157	74	100	125	30	55	136	226
153	82	31	76	89	228	95	14	61	74
68	66	122	107	103	158	167	57	214	90
113	113	169	25	4	57	142	139	98	33
28	93	161	97	206	97	178	137	157	99
163	49	29	155	151	266	44	75	129	44
23	44	57	23	245	152	332	77	36	79
234	152	94	104	148	57	82	125	100	174
45	90	153	11	117	109	127	66	45	137
41	111	52	53	86	46	156	123	113	211
24	166	165	402	201	40	39	172	62	17
14	145	56	20	15	16	106	78	52	59
50	68	62	208	93	96	107	164	74	47
38	144	221	128	238	62	151	104	186	106
36	42	70	78	146	50	190	111	47	106
23	116	194	91	136	79	157	25	195	140
12	28	78	155	92	113	37	94	40	59
17	60	85	171	93	80	145	89	70	66
350	285	38	58	72	6	86	99	34	60
107	156	60	91	88	122	14	75	101	97
97	22	61	93	105	8	6	24	162	103
84	21	96	106	8	76	84	250	90	142
213	94	179	147	10	34	48	39	34	148
73	26	156	50	18	29	144	141	94	95
59	88	151	158	96	31	19	68	93	62
4	126	66	76	127	28	62	98	151	20
66	34	167	92	137	52	98	80	208	64
39	0	3	8	59	0	27	0	91	2
22	31	78	33	15	148	124	44	95	47
47	73	34	289	161	19	31	4	134	78
80	57	152	236	51	89	107	142	90	28
149	94	72	42	160	27	56	115	100	58
68	333	42	26	49	74	50	55	69	178
106	51	128	235	275	166	96	81	64	53
48	62	255	149	85	57	82	68	83	37
120	170	404	14	101	31	43	42	163	139
9	90	28	31	80	42	116	46	63	156
49	244	21	39	95	118	152	93	19	30
92	27	76	91	50	185	21	130	10	180
116	32	65	116	3	133	80	29	216	47
99	46	55	199	132	235	45	12	116	56
24	50	12	51	30	204	11	93	131	82
57	31	158	92	119	27	98	119	56	78
157	190	64	83	68	167	184	39	10	206
88	45	28	42	120	74	126	86	120	50
188	106	34	86	38	59	87	19	69	36
108	2	228	0	31	0	48	0	147	0
167	169	47	147	83	81	197	230	50	64
59	124	163	87	145	149	40	34	16	193
103	53	61	115	51	167	75	95	6	135
86	164	149	126	54	57	212	120	86	127
14	76	165	151	34	28	80	33	153	58
74	13	139	69	155	141	170	124	98	50
152	181	94	67	30	74	67	59	158	128
171	89	103	54	139	122	113	23	48	248
54	95	62	156	33	63	90	36	63	194
162	76	18	42	60	133	42	101	87	132
25	364	10	160	4	174	110	103	42	60
93	22	42	87	35	61	132	171	52	76
61	133	111	140	66	106	96	148	118	115
84	121	34	28	116	47	53	83	156	149
171	29	164	85	47	82	200	67	117	18
6	48	40	167	96	103	35	81	133	132
40	101	158	206	194	190	119	51	13	60
28	21	138	193	91	67	59	124	197	249
188	68	66	221	33	40	140	250	135	104
38	253	102	43	221	222	126	47	93	237
52	49	33	79	74	77	30	52	22	128
12	77	177	57	67	128	86	118	18	132
118	17	147	45	77	91	61	124	66	29
69	32	320	190	105	82	4	393	27	115
99	35	73	54	122	39	120	37	64	124
121	32	73	229	98	33	126	94	11	319
30	63	83	171	112	16	13	62	26	74
80	119	43	78	15	120	40	61	74	7
77	141	248	202	83	125	113	108	57	126
43	35	118	138	230	50	75	77	26	48
158	152	52	37	168	75	86	266	63	10
85	43	104	143	74	114	155	51	233	325
46	41	117	178	42	41	51	81	32	66
68	225	83	79	107	117	215	194	74	94
112	196	27	91	71	81	140	114	170	170
61	110	74	71	252	176	211	35	34	130
243	129	74	110	162	69	83	67	15	101
85	0	41	0	69	0	80	0	155	0
238	23	90	34	130	44	52	130	109	57
21	100	137	192	196	135	25	68	116	62
33	56	59	161	100	35	150	141	81	208
78	166	35	138	189	135	75	130	74	55
133	24	86	277	63	124	168	80	68	125
208	69	226	354	80	206	185	140	153	67
193	198	111	65	83	17	119	167	105	88
100	86	93	39	67	173	157	228	19	184
242	151	218	163	136	153	112	147	157	133
108	72	30	43	75	47	74	29	247	222
52	288	53	112	119	39	95	50	27	4
68	76	45	206	96	84	91	70	13	108
94	198	159	106	67	180	35	5	22	220
22	73	59	86	50	52	103	23	129	141
205	148	92	67	122	164	120	34	97	272
96	100	60	61	43	53	29	77	116	36
159	43	94	96	81	133	71	78	42	87
161	18	194	44	121	57	121	73	16	55
52	103	92	36	263	186	117	61	16	63
55	126	67	75	103	178	35	16	267	244
43	27	101	27	32	177	262	80	124	55
172	61	92	193	105	229	17	97	51	116
127	101	157	91	35	208	47	143	44	138
33	106	40	138	140	81	73	55	81	60
280	245	12	69	26	136	31	78	112	252
99	286	193	228	114	73	36	52	46	48
60	168	282	14	142	148	139	123	121	91
10	201	97	257	174	48	104	81	80	73
60	225	91	50	77	214	107	135	70	56
20	125	45	69	200	202	171	146	102	165
88	29	123	69	204	152	30	22	198	98
70	68	69	143	23	302	124	131	93	52
86	58	114	123	125	161	39	44	42	79
88	13	106	91	99	52	15	52	84	35
61	48	85	168	1	32	36	41	174	73
171	185	57	100	92	232	33	29	257	45
202	510	55	76	141	96	67	164	67	230
81	42	43	90	233	55	59	16	64	151
41	138	106	225	33	92	232	28	23	21
78	31	111	179	92	46	87	31	148	47
14	29	102	93	63	40	58	26	115	131
66	77	10	43	140	70	69	69	110	200
52	109	111	36	58	164	101	51	72	108
85	56	103	76	40	109	108	77	68	221
12	122	58	218	89	114	131	113	34	69
322	118	29	39	43	115	22	120	60	13
164	213	97	48	105	84	9	36	48	62
135	40	146	57	88	94	10	64	33	168
95	145	57	39	116	28	22	15	174	140
44	116	37	22	16	200	40	33	77	118
142	187	11	41	24	210	126	162	19	94
189	69	123	103	24	97	110	93	37	99
48	38	31	82	45	23	101	227	184	20
25	8	49	21	59	145	152	195	130	43
120	109	52	185	338	51	37	120	29	82
79	28	36	223	120	120	129	131	55	29
117	143	95	87	95	46	46	56	139	248
280	56	109	66	58	46	31	104	59	116
88	103	103	149	171	307	55	127	65	215
64	6	170	133	117	95	76	144	169	104
97	134	26	27	90	60	13	27	87	225
89	169	123	98	209	92	54	124	68	142
146	199	172	85	39	97	27	161	121	94
83	166	129	89	257	62	49	137	122	177
94	96	31	39	41	22	53	105	23	125
55	232	297	87	131	126	209	45	101	147
76	18	52	22	86	159	174	32	210	119
126	81	190	40	42	151	14	34	226	49
119	13	127	192	61	89	118	143	84	36
89	131	38	96	144	101	82	55	56	116
8	134	100	109	110	39	96	67	64	483
55	173	81	197	185	41	60	59	112	67
40	70	103	212	23	120	51	164	123	69
53	187	88	231	87	23	163	183	102	59
74	186	72	184	105	259	183	67	133	133
156	108	33	44	148	137	228	81	228	160
147	96	63	81	39	51	89	47	294	221
77	162	92	57	115	222	77	64	60	39
101	30	33	112	115	69	141	17	158	54
175	100	99	124	115	348	102	74	134	58
118	93	71	153	62	22	110	151	172	74
159	61	46	107	180	6	163	120	70	34
68	279	41	148	65	125	168	118	37	160
101	121	173	56	147	76	31	127	114	47
86	343	65	270	160	27	92	17	137	59
139	150	218	146	36	12	79	24	126	179
110	4	33	56	27	112	22	103	191	33
124	84	181	138	167	76	109	147	103	107
12	68	57	130	146	89	76	89	107	228
86	81	75	21	26	188	76	33	53	44
135	70	14	23	67	28	87	32	120	137
172	158	64	12	106	84	51	156	41	278
31	65	261	45	80	158	133	142	15	53
9	79	71	80	156	59	93	92	132	167
96	86	37	230	93	154	153	123	73	115
93	220	132	92	26	62	93	354	34	21
74	181	151	21	102	12	243	62	214	83
19	43	61	19	77	186	27	39	107	102
145	124	41	330	51	44	51	61	126	53
27	17	108	80	24	66	96	135	127	84
294	64	41	223	204	30	58	135	104	58
219	155	155	28	182	122	133	38	89	159
104	18	160	135	336	45	94	119	24	193
160	44	75	97	66	64	173	62	166	131
240	169	29	20	107	100	126	42	121	123
31	201	50	98	143	96	85	142	153	101
63	73	61	195	91	224	38	23	88	33
23	71	40	43	29	59	66	109	108	163
216	90	121	57	105	169	85	64	40	40
186	67	79	189	83	40	289	60	71	114
128	63	52	122	22	144	208	92	82	58
130	502	13	178	115	121	224	66	72	57
62	98	88	216	156	22	67	63	108	53
280	221	132	63	125	77	73	93	35	30
87	197	48	5	139	153	99	149	69	231
13	69	135	163	172	19	36	43	121	161
28	37	129	85	181	91	255	54	33	167
73	202	18	39	27	254	226	64	7	304
239	52	70	66	20	118	116	179	108	181
112	103	29	82	46	255	124	90	92	15
131	5	154	96	95	56	88	319	18	19
210	56	176	92	142	381	67	35	73	56
121	220	21	79	62	75	95	104	84	83
201	75	34	54	93	19	21	29	102	183
114	128	203	64	37	88	31	160	101	280
17	174	98	61	56	101	43	137	14	71
89	38	162	130	56	100	87	75	62	62
83	135	127	180	113	66	59	161	28	89
67	240	164	8	104	121	148	135	123	144
104	67	41	199	74	119	4	53	63	104
35	90	17	144	20	26	28	67	233	73
95	189	108	215	65	191	222	68	15	82
105	89	60	192	31	174	28	64	22	116
110	116	153	4	63	57	79	32	37	153
93	164	152	224	236	84	42	64	30	82
144	20	61	74	93	50	34	277	111	249
118	76	119	297	126	18	0	51	27	93
123	12	104	1	49	4	74	20	143	4
358	234	66	56	40	74	181	254	38	92
90	51	76	129	93	274	166	51	5	30
84	125	109	44	58	135	77	113	25	111
115	55	54	108	171	25	66	112	292	393
149	161	119	197	67	99	77	80	127	40
83	124	306	88	160	164	116	60	67	59
90	68	143	283	10	44	141	65	83	36
240	67	81	23	58	56	89	116	46	99
129	47	52	69	225	74	66	144	65	127
72	155	53	89	123	100	51	171	319	33
42	242	85	16	10	51	65	66	58	96
46	21	19	190	154	233	89	105	93	55
80	52	52	147	53	79	111	69	187	118
168	8	33	90	67	0	135	0	17	0
63	0	114	0	142	0	107	0	121	0
77	110	88	101	150	114	135	102	85	68
75	91	8	81	31	218	107	59	121	70
240	0	107	0	91	18	400	0	198	5
186	130	41	99	152	72	163	24	13	61
137	78	73	114	39	55	170	53	78	152
140	101	209	202	109	28	194	130	92	37
140	294	90	104	13	47	82	202	156	133
174	43	248	105	147	131	68	175	210	53
52	99	84	86	114	117	79	105	208	189
46	81	89	106	163	44	358	25	55	119
49	45	50	232	128	74	34	77	132	88
42	68	142	71	99	55	60	58	41	11
129	20	30	199	133	70	125	108	100	117
241	63	79	37	178	27	214	85	40	55
36	18	55	154	27	135	56	18	55	70
61	87	66	164	90	112	52	30	92	1
254	61	37	191	185	9	92	72	144	109
21	167	60	397	116	158	71	46	98	189
22	89	57	85	31	105	53	149	179	36
115	82	122	76	91	116	28	11	237	202
322	143	50	30	94	142	186	199	38	46
159	149	71	100	69	41	56	112	97	111
63	111	51	172	106	56	108	51	69	55
28	116	82	189	44	273	109	122	186	43
144	82	205	102	52	156	235	53	151	69
46	72	21	18	144	118	22	92	85	68
186	124	177	142	41	87	228	85	79	99
262	57	57	49	52	76	59	125	203	27
96	54	161	124	121	108	224	55	37	82
137	66	100	177	63	55	19	95	31	65
72	69	93	202	40	63	14	130	100	55
37	41	59	55	71	29	44	259	158	115
142	37	186	117	174	59	75	96	81	90
137	119	103	35	177	74	79	59	69	205
77	71	81	196	26	109	91	83	113	164
107	65	15	158	125	42	18	116	157	143
222	131	86	105	90	43	124	25	86	41
39	116	77	72	89	223	165	59	62	84
90	58	95	140	182	49	32	56	115	65
96	62	154	95	204	24	131	26	58	119
181	207	34	81	54	146	134	62	127	153
62	39	39	106	198	38	28	59	55	128
58	127	121	115	205	112	67	71	64	64
15	52	151	136	167	46	370	81	49	19
119	119	43	72	85	44	91	80	225	31
67	91	56	65	54	167	162	223	63	43
74	174	228	167	181	29	88	329	95	107
183	103	227	51	96	78	65	64	115	38
73	35	63	34	196	113	25	77	9	68
15	5	47	107	56	42	21	99	23	37
120	56	51	170	82	169	37	255	54	124
12	103	126	139	158	32	45	10	26	79
149	21	135	70	31	17	110	70	258	40
36	166	90	63	105	88	63	103	64	110
123	0	192	0	219	2	57	14	11	0
51	41	163	116	176	179	131	108	68	87
54	36	134	68	108	39	25	41	124	40
68	4	40	155	145	140	177	89	106	190
44	12	143	74	29	83	143	168	27	93
11	101	47	75	106	118	209	179	114	80
224	121	10	59	17	116	57	318	162	65
168	109	44	40	12	71	107	269	140	60
186	39	128	132	31	130	112	161	75	58
9	40	31	51	189	140	119	105	121	29
213	149	76	142	63	90	163	24	137	55
9	60	36	98	107	41	16	110	51	48
88	455	93	129	65	150	26	110	83	79
27	129	142	104	49	157	19	196	118	321
42	6	138	63	123	40	60	142	103	42
42	1	113	257	73	45	46	68	69	37
199	29	93	87	21	82	57	130	31	67
145	88	108	108	53	60	150	71	95	107
70	59	109	132	222	282	157	119	111	60
98	140	61	119	175	33	61	56	232	12
123	43	21	96	4	136	35	20	57	30
49	120	207	34	141	229	158	100	49	95
18	188	151	204	68	112	121	56	52	13
80	129	196	58	57	36	12	204	80	47
48	157	69	101	96	149	16	83	33	40
144	66	204	75	157	218	17	24	106	246
20	134	252	87	73	156	139	58	115	36
102	233	102	217	27	33	97	85	115	89
235	75	29	47	130	102	52	182	270	135
130	62	88	47	88	105	152	106	7	51
36	70	97	46	102	198	12	68	94	26
97	128	157	92	179	27	185	164	22	57
91	147	94	53	63	161	335	80	36	37
181	100	72	60	183	71	67	90	30	282
43	60	60	20	36	27	33	50	164	72
173	280	249	39	136	120	84	82	44	118
87	67	154	165	102	130	62	84	28	66
109	20	62	103	64	99	73	47	54	61
36	38	176	57	151	56	73	64	32	34
41	23	74	62	86	111	9	201	50	18
191	72	159	41	108	143	51	146	46	60
63	112	111	102	65	34	42	67	98	45
71	57	303	193	91	89	48	185	18	197
72	23	125	70	104	170	52	73	61	79
54	0	159	0	125	0	56	0	21	0
75	45	40	147	83	44	133	218	46	156
72	19	49	216	79	100	318	128	54	210
100	190	43	149	74	66	177	60	98	111
45	135	77	88	12	175	74	320	75	112
71	93	121	83	217	61	191	180	61	54
18	93	165	113	83	78	134	83	332	64
31	129	34	81	160	41	59	58	98	124
19	91	19	85	165	102	5	41	67	109
198	115	32	72	196	10	96	56	89	75
75	30	10	92	40	80	89	21	34	51
58	33	108	105	38	90	39	41	56	107
109	170	119	212	113	338	32	28	58	3
67	113	51	14	55	11	52	50	112	52
98	95	24	115	241	101	263	191	162	53
180	42	71	56	131	58	38	57	6	60
89	24	126	302	49	215	88	286	164	162
103	36	43	174	40	61	137	79	35	59
154	28	161	192	213	67	162	71	431	104
47	87	84	86	113	93	21	46	77	174
179	37	49	210	333	33	89	31	4	30
155	34	226	33	85	28	46	158	35	77
34	104	156	76	164	126	28	81	105	24
55	140	26	45	194	38	198	96	15	180
53	50	206	84	148	36	55	234	84	64
47	217	122	65	20	113	125	121	42	50
104	59	112	208	16	43	171	40	154	244
8	186	73	236	37	59	62	239	47	132
100	116	47	207	40	167	51	88	49	162
261	259	69	40	61	116	192	365	50	59
19	18	81	49	128	109	43	19	226	55
138	102	121	54	204	84	52	22	139	107
82	282	37	20	17	284	29	51	67	65
66	0	108	1	16	1	205	0	327	0
86	85	52	64	142	27	117	123	48	180
104	67	178	87	74	51	19	60	47	42
19	47	57	195	119	104	169	104	64	49
136	169	96	44	70	314	228	167	91	46
86	211	67	15	180	110	35	92	97	163
47	72	28	75	66	141	61	182	169	65
122	84	78	130	49	82	64	33	98	76
37	181	182	162	42	78	26	92	112	84
16	69	120	61	246	49	113	187	86	31
5	8	329	28	36	17	60	199	108	115
164	98	95	175	14	57	209	149	105	105
64	76	111	81	27	188	184	108	162	240
87	231	4	187	18	186	80	35	152	157
202	291	207	124	20	24	170	61	44	245
45	101	114	7	117	66	93	139	86	66
106	105	125	141	7	236	148	100	70	165
269	52	223	35	88	51	188	112	334	48
255	104	55	37	29	179	207	129	63	125
80	31	144	36	144	111	95	12	64	136
70	188	35	132	220	125	102	81	170	17
98	243	29	123	122	114	69	35	54	150
23	99	22	45	26	92	135	163	117	64
58	55	126	233	73	55	125	26	142	56
58	50	151	27	223	176	306	225	181	67
72	187	110	195	141	82	31	108	21	65
116	16	33	81	76	74	7	62	26	183
26	159	48	131	32	69	58	129	113	80
41	36	136	124	170	73	209	182	20	82
145	89	120	173	130	134	51	17	67	27
32	37	130	235	87	62	113	21	19	75
49	158	51	171	66	83	59	36	48	146
111	49	122	165	91	91	110	62	213	45
163	180	63	158	108	65	86	86	116	21
120	51	69	63	152	110	115	121	60	114
45	263	190	181	48	45	91	72	108	295
34	107	28	74	16	154	184	59	108	134
260	55	45	14	72	214	43	168	77	34
161	33	75	27	98	160	78	294	31	137
160	45	215	27	94	140	226	24	64	16
21	6	72	0	49	0	70	0	19	0
103	119	88	64	227	378	185	140	47	69
90	72	50	131	47	64	106	157	18	4
155	322	78	57	187	95	48	138	173	54
141	78	74	330	80	50	102	60	213	157
128	55	110	128	39	9	32	236	85	127
77	192	46	9	81	75	195	42	197	66
58	106	87	46	154	64	128	150	30	65
127	110	93	62	115	47	167	106	165	32
72	205	120	110	122	102	39	27	102	211
93	85	48	113	55	133	204	139	251	35
209	143	92	37	74	79	200	32	98	91
71	130	83	126	55	200	115	87	159	230
95	80	214	145	92	167	61	61	44	164
108	70	68	3	90	59	64	104	51	24
214	45	85	77	155	158	25	69	198	38
41	42	59	91	65	51	76	58	139	48
175	0	66	0	163	0	105	0	87	0
133	18	31	276	13	123	29	70	31	88
46	38	50	150	127	61	51	160	120	38
31	54	180	183	42	88	153	144	294	45
195	80	59	266	86	79	118	114	40	132
117	211	125	73	105	199	33	34	209	224
75	104	300	62	210	101	33	93	393	84
29	181	121	103	102	66	63	106	15	91
104	39	70	127	171	81	83	113	66	102
94	119	46	190	99	65	96	103	227	195
18	235	392	103	42	195	268	298	105	233
100	27	98	62	117	60	83	116	95	5
64	76	198	92	69	116	71	63	144	163
28	132	54	45	158	23	89	9	67	188
150	242	196	391	44	74	91	157	95	86
154	127	69	107	112	19	48	99	294	36
214	52	157	12	100	250	76	264	72	201
72	238	146	91	121	79	229	17	154	39
38	94	86	189	55	34	37	107	136	120
204	149	327	117	2	55	53	102	50	72
36	40	24	75	25	85	239	117	83	72
102	167	76	142	76	101	83	88	24	114
72	0	19	0	167	6	91	0	52	0
200	89	170	129	143	23	187	22	232	7
73	18	102	31	140	154	11	102	99	48
45	47	48	65	30	144	144	194	144	76
31	108	59	351	47	112	71	293	57	45
5	50	91	63	283	205	14	88	49	215
135	1	65	0	32	0	54	0	171	0
34	117	72	62	47	32	67	238	89	110
57	22	79	168	94	111	125	86	27	16
29	72	21	106	29	46	116	42	98	81
72	127	98	38	185	142	298	75	148	83
194	118	130	131	222	256	9	35	48	29
38	33	29	96	165	43	19	80	85	119
82	63	230	43	80	219	144	314	74	188
100	19	33	50	60	240	29	60	18	31
158	104	56	143	276	197	22	199	63	202
230	25	195	126	132	103	64	165	132	218
103	270	105	155	137	98	13	113	14	4
40	18	165	77	58	72	156	55	270	149
82	31	85	74	203	66	153	393	140	48
44	127	238	75	143	44	157	89	139	91
91	66	78	197	257	117	48	29	115	79
46	200	143	209	112	107	235	110	59	44
73	99	74	256	49	71	44	154	141	90
254	152	43	67	111	23	76	13	65	97
186	143	31	105	74	65	57	259	34	12
100	183	106	133	43	42	68	54	279	81
132	146	28	80	129	64	53	40	90	105
106	157	21	68	44	67	81	250	25	25
27	128	85	110	39	86	46	90	92	143
51	36	60	67	55	20	75	88	117	73
125	242	192	258	152	100	103	398	219	80
121	24	28	109	226	51	157	84	94	167
62	145	154	69	60	11	91	117	87	63
139	7	23	85	43	91	28	39	40	99
170	112	49	156	199	70	95	93	94	153
63	136	25	182	58	89	95	160	143	97
61	75	159	122	106	128	63	18	40	149
28	44	113	58	78	34	18	26	136	135
144	60	35	34	71	199	135	75	112	152
62	125	57	28	88	242	52	23	70	81
295	18	51	156	29	32	130	104	98	67
57	279	111	32	19	80	84	65	137	56
106	74	63	48	64	78	56	66	123	146
97	112	67	78	95	116	38	57	254	80
96	61	168	98	38	95	86	132	80	170
249	81	109	66	4	95	20	115	105	48
161	169	56	18	69	112	108	98	192	225
92	261	124	51	127	35	50	75	240	46
164	218	338	157	301	203	166	243	67	77
24	120	81	201	87	18	72	65	95	105
57	73	63	39	498	179	89	108	83	46
153	221	80	32	227	99	208	28	113	65
71	41	21	189	154	246	46	164	64	131
34	0	57	0	100	0	67	0	55	0
42	39	118	15	180	59	17	126	102	111
67	42	65	301	101	114	256	66	25	74
46	85	44	98	46	81	63	38	205	262
15	53	99	120	172	65	123	52	43	19
91	22	2	27	98	212	93	235	188	120
142	91	19	112	71	67	88	36	5	84
154	40	98	93	108	140	46	70	48	180
130	204	50	51	96	24	27	19	55	45
64	112	93	22	9	137	59	64	97	163
107	122	185	67	51	129	51	302	130	114
61	99	97	58	360	166	42	144	36	37
262	32	103	44	62	213	143	30	22	78
159	116	178	89	54	113	71	173	102	261
219	141	40	54	124	55	113	53	282	263
80	20	34	91	88	198	58	55	76	85
87	344	189	67	84	76	63	35	115	146
174	17	171	61	220	191	152	75	45	50
568	102	142	53	56	33	40	280	176	272
53	136	126	125	368	61	81	36	11	23
38	63	44	190	96	4	123	37	179	95
29	77	10	288	84	92	71	114	151	154
10	77	41	40	46	47	68	156	12	261
130	117	100	77	54	99	99	34	104	96
71	205	58	97	238	33	179	81	58	23
119	70	197	225	232	175	225	196	17	50
177	156	60	39	70	132	131	332	93	82
137	76	78	43	44	54	90	50	253	52
60	134	65	144	50	57	22	103	118	223
131	170	129	227	231	106	183	177	132	32
200	203	42	20	171	70	46	120	71	204
53	29	45	58	82	31	34	132	69	160
47	86	124	124	21	26	64	65	47	113
124	0	43	1	19	0	104	0	216	0
11	58	86	110	27	69	150	54	66	44
129	109	196	76	108	47	61	226	42	227
13	95	106	208	165	192	177	174	178	153
82	21	49	101	5	44	43	57	95	84
62	68	19	168	241	37	106	93	326	92
119	68	50	81	45	139	13	73	39	178
98	0	70	0	98	0	134	0	66	0
37	151	65	60	280	119	70	53	63	69
92	0	146	0	42	0	131	0	141	0
201	76	270	263	61	101	99	93	111	56
195	66	100	77	41	65	39	39	35	74
123	101	47	157	29	28	26	45	59	138
103	82	36	39	97	239	272	51	157	119
27	155	186	27	59	53	64	110	38	127
105	101	29	111	283	56	124	188	142	72
185	267	323	254	171	91	189	240	157	131
129	141	16	93	126	151	190	136	32	45
66	69	164	87	44	44	73	299	227	115
103	126	177	47	92	152	127	115	61	111
149	175	131	315	124	59	108	109	142	197
206	91	191	117	26	48	134	58	52	22
204	89	68	106	102	5	261	222	186	45
94	3	54	69	80	45	136	47	53	286
124	260	102	37	44	113	33	76	21	65
38	214	125	247	50	38	151	115	65	176
26	107	94	26	94	137	64	66	187	180
103	54	117	57	97	124	136	125	125	245
67	20	277	93	219	202	372	26	119	46
23	30	101	121	26	4	150	170	123	43
81	104	76	44	50	24	95	63	66	193
120	103	42	67	118	76	79	30	125	181
90	56	206	114	31	54	151	64	175	377
36	102	104	206	98	90	80	96	63	61
87	0	10	4	94	0	64	1	128	0
308	62	11	84	181	17	19	65	235	160
20	76	204	15	74	43	136	150	116	22
158	68	144	75	84	76	107	34	34	60
59	61	23	141	67	160	79	114	120	77
44	80	73	42	82	66	64	68	199	117
11	91	22	96	103	106	200	145	36	80
86	89	85	17	30	333	142	24	144	151
110	192	159	135	162	211	107	239	89	87
56	53	134	42	116	24	184	48	28	82
31	71	71	44	36	103	13	53	23	33
71	24	282	94	151	22	167	113	54	55
174	27	43	170	91	182	116	272	89	20
374	227	167	61	47	44	96	116	82	153
127	338	128	149	89	68	114	92	38	327
37	93	88	97	72	18	144	86	30	32
44	29	130	53	229	36	200	74	117	54
215	138	48	36	116	101	66	109	59	76
172	53	145	134	117	48	55	50	42	76
183	33	41	314	51	17	98	75	134	49
47	87	113	110	155	138	103	44	141	120
26	20	67	111	86	102	121	190	63	37
101	40	148	261	82	40	327	22	64	18
89	47	221	61	169	77	133	130	90	19
79	78	125	187	52	129	61	52	10	47
254	146	99	164	48	77	262	120	75	18
226	106	44	48	60	92	60	19	83	103
105	85	111	98	32	57	28	44	21	83
109	192	59	109	26	159	168	160	79	47
51	146	91	124	41	56	100	62	31	182
171	27	96	57	24	89	39	27	203	259
13	29	176	51	214	80	37	39	16	73
38	145	133	6	86	82	30	110	163	1
169	114	197	29	202	109	66	174	211	176
107	127	12	42	145	134	20	90	120	48
73	86	56	15	391	45	56	83	36	105
86	1	41	30	50	76	48	114	358	142
65	15	29	114	44	86	193	64	106	80
78	69	70	198	107	156	149	32	118	99
70	94	93	84	109	234	21	112	72	52
124	136	160	52	93	124	99	54	112	19
270	240	232	149	151	137	45	98	122	61
68	94	195	82	39	81	22	66	66	109
37	24	79	129	77	28	98	124	209	77
191	109	127	106	61	26	95	124	23	85
41	19	213	162	131	73	46	195	40	193
420	145	31	54	39	112	184	136	24	113
41	149	97	63	81	17	108	167	23	75
137	209	102	170	82	29	45	39	151	28
141	32	18	16	24	28	104	9	129	103
122	131	84	209	281	42	64	85	24	77
52	85	215	182	54	62	18	61	144	55
87	134	30	22	228	33	151	51	23	92
121	46	89	77	80	114	102	57	71	178
98	16	205	72	78	102	66	57	121	166
333	95	92	26	90	79	93	83	68	28
46	25	110	169	51	40	136	113	167	81
303	88	10	82	108	82	125	49	17	252
14	74	36	219	62	98	55	93	38	23
79	248	186	108	98	500	252	38	76	35
162	158	90	105	175	200	64	49	69	85
22	120	12	179	23	107	39	50	56	304
62	38	67	65	11	77	205	201	120	101
49	164	75	314	13	85	56	173	123	216
95	16	89	35	44	58	60	32	164	226
162	112	149	58	41	53	141	29	25	18
192	22	49	121	193	51	44	40	95	117
122	33	96	371	85	123	48	37	13	15
17	174	35	199	249	141	165	147	92	34
116	118	82	87	36	130	143	181	93	81
53	143	84	21	75	114	79	54	97	55
157	128	55	76	39	87	130	119	222	61
201	123	125	91	186	195	92	230	155	139
12	57	179	86	220	114	162	22	37	220
71	135	9	72	50	48	129	103	170	130
112	71	160	164	139	64	80	94	103	123
66	181	100	190	98	25	106	54	40	100
112	143	148	112	89	133	119	130	206	255
176	20	57	52	22	140	94	85	214	68
87	206	197	47	47	84	70	57	117	84
16	138	104	81	80	37	139	105	180	65
46	72	11	106	99	78	181	205	35	43
142	142	65	217	67	69	173	54	40	109
63	64	115	64	310	22	122	63	121	90
48	213	413	281	81	36	85	233	103	51
226	147	84	74	56	30	238	109	123	56
43	161	49	53	95	20	180	99	153	134
50	71	38	151	81	90	132	71	47	190
44	172	14	65	161	74	39	38	28	133
172	130	128	127	26	131	142	146	36	44
184	153	60	157	90	40	105	42	125	73
18	51	7	108	165	96	31	49	162	86
239	171	177	95	68	108	21	40	118	73
137	57	74	31	112	268	44	94	59	52
27	148	73	49	117	172	126	73	277	62
155	116	40	99	121	41	38	64	59	87
170	34	93	287	137	255	118	46	223	143
68	57	23	8	152	54	42	37	101	176
82	108	96	19	7	28	27	38	61	147
292	99	64	143	22	79	58	125	79	217
34	65	58	19	287	271	102	119	68	40
103	129	328	231	149	36	94	180	179	28
101	187	92	66	21	159	193	117	25	130
13	62	58	106	180	18	50	25	55	158
122	104	57	186	15	59	22	48	73	111
60	83	100	80	111	174	25	65	179	40
135	9	148	104	41	66	108	91	59	129
30	166	241	199	87	55	124	123	121	67
131	74	63	119	46	80	139	30	72	276
155	185	68	38	157	59	46	15	16	50
104	86	73	81	102	6	105	15	39	63
72	66	80	205	63	8	244	117	92	39
130	76	129	166	120	90	59	175	146	138
51	18	68	107	64	23	173	81	296	91
46	0	92	2	116	0	69	0	69	0
14	78	378	40	17	68	45	109	70	35
27	275	64	36	145	76	102	118	46	224
129	140	52	193	259	31	151	38	41	10
64	56	118	65	27	64	172	27	21	58
68	103	244	98	64	27	79	30	95	78
65	84	58	76	198	86	62	10	130	119
116	119	152	68	58	21	46	89	304	133
60	17	82	165	131	92	77	78	62	97
74	218	182	106	138	103	221	100	93	50
42	61	100	46	278	330	99	97	143	86
71	137	16	30	130	104	49	88	99	83
177	94	129	249	24	171	91	216	67	153
35	105	291	87	65	74	60	133	291	153
49	49	66	93	150	112	223	97	123	165
123	18	33	117	42	105	103	129	11	294
132	63	117	160	127	31	182	65	44	96
174	203	30	171	331	75	185	83	152	117
40	74	18	94	110	60	120	100	371	139
28	96	50	21	81	142	63	31	263	168
98	104	72	70	51	121	127	133	239	84
70	73	41	77	30	117	29	97	40	64
169	227	62	75	87	173	42	38	228	96
39	84	129	243	106	47	53	47	119	95
100	148	109	70	207	42	55	65	190	18
9	78	116	116	31	17	41	29	77	78
69	64	87	103	133	53	38	149	98	75
205	287	71	72	48	140	45	116	38	285
57	66	53	30	167	19	204	6	134	128
163	39	124	58	98	143	41	26	257	201
84	128	92	152	91	60	60	109	64	22
41	45	133	91	67	181	61	106	136	242
22	121	106	145	37	135	321	28	72	173
238	48	52	41	55	226	186	150	126	71
103	133	108	41	149	61	122	49	63	24
65	29	96	138	57	135	123	123	139	184
127	32	153	120	143	42	30	24	80	312
13	63	190	86	116	99	232	183	61	65
182	78	294	85	38	51	85	76	50	267
21	159	75	91	206	53	130	162	52	125
44	278	32	103	48	139	113	48	121	177
248	102	142	44	51	93	41	126	379	151
185	126	155	26	55	32	62	65	78	139
91	79	125	135	50	36	70	22	52	55
64	58	112	17	199	71	106	30	8	148
45	74	52	119	92	38	47	125	121	96
53	247	93	18	99	147	65	35	108	25
16	37	171	31	151	63	35	89	18	116
93	60	68	131	143	144	102	37	153	102
14	28	251	126	55	12	183	112	68	118
54	90	146	90	89	81	20	65	62	142
148	261	54	133	39	122	43	126	29	175
91	65	213	85	105	88	95	164	200	18
59	55	11	125	76	92	92	109	24	114
116	240	126	146	61	14	111	97	10	44
114	53	116	76	132	50	232	70	179	87
52	65	286	145	163	168	156	81	23	126
85	219	183	93	67	125	163	39	48	155
81	74	21	57	69	100	142	155	160	78
271	84	58	100	11	61	30	84	131	74
88	80	35	121	72	189	14	156	38	321
57	69	72	22	18	25	50	77	93	23
17	64	168	68	53	49	123	25	41	175
26	119	38	80	0	6	138	64	86	115
94	199	115	73	119	43	42	7	139	32
101	137	93	73	152	89	224	160	26	248
45	97	48	50	80	55	124	48	91	44
84	88	57	36	29	112	197	227	157	129
58	18	37	51	76	180	208	66	227	143
129	182	71	95	19	92	57	36	132	50
104	1	77	0	47	2	307	1	120	0
159	116	57	40	69	142	29	7	150	63
154	23	22	54	116	125	234	85	248	117
220	80	63	58	38	30	96	17	172	239
174	42	68	15	76	35	63	145	177	117
41	84	73	182	96	36	104	20	158	116
169	262	221	171	71	112	32	228	26	140
107	0	28	0	111	0	51	0	214	27
58	78	31	88	40	236	58	34	70	51
70	102	44	40	100	121	162	195	79	67
32	229	37	106	80	96	112	44	44	53
50	116	191	105	14	157	50	72	39	120
50	134	94	89	75	57	38	152	137	24
115	51	124	59	13	38	57	43	45	35
86	217	71	39	56	101	125	135	134	16
214	55	86	141	44	66	19	123	108	143
139	55	221	219	165	91	79	86	79	51
46	65	40	123	13	85	19	61	149	181
207	13	50	50	74	57	74	109	126	157
52	0	248	0	47	0	195	0	98	0
37	18	104	36	56	95	51	292	41	49
17	164	82	34	28	24	62	215	90	96
163	112	100	67	27	65	121	58	8	230
129	130	101	289	216	101	198	77	112	6
90	21	74	226	30	40	21	58	35	75
54	129	30	89	145	157	79	59	163	120
245	122	102	45	27	189	60	112	119	124
111	163	127	38	88	122	34	117	67	39
51	89	24	140	143	201	134	65	266	47
180	45	145	86	42	30	205	71	51	282
70	158	47	60	44	72	34	48	134	98
63	158	17	94	30	98	62	139	38	59
85	83	81	96	35	133	47	168	127	98
35	108	58	32	75	186	58	73	28	45
163	185	20	72	47	128	80	72	62	41
88	199	25	84	50	83	29	78	231	93
246	30	33	0	75	0	7	0	166	0
212	28	34	0	232	0	106	0	61	0
82	139	183	51	75	154	92	129	74	43
22	155	184	52	148	95	41	271	155	81
75	11	40	74	78	103	40	40	27	44
19	136	66	54	111	150	326	266	138	73
60	137	54	64	93	78	172	263	98	54
146	53	29	69	127	129	48	31	29	48
87	90	174	121	167	92	27	121	196	47
111	132	44	42	287	122	117	53	104	124
42	260	113	201	31	21	26	141	125	94
41	14	80	74	90	220	51	109	155	78
25	61	127	191	47	100	144	27	56	167
100	105	35	85	57	124	11	79	31	238
74	21	55	73	40	41	72	40	187	21
22	177	85	113	42	57	93	56	165	152
34	65	104	110	129	97	52	40	115	80
36	130	63	33	123	173	60	160	91	127
71	150	216	44	72	33	104	141	281	78
105	58	133	237	59	153	91	122	103	142
46	75	134	78	52	82	136	60	45	141
114	98	75	102	147	132	236	69	215	90
72	186	54	100	48	14	40	180	215	85
147	71	63	100	62	81	176	108	108	74
126	16	94	168	85	53	129	163	20	120
38	93	34	105	124	143	51	88	67	148
205	321	32	43	157	85	62	11	78	135
116	158	55	66	116	92	286	177	55	59
114	121	47	27	108	109	54	285	11	83
419	139	31	46	77	69	230	101	27	90
93	194	109	83	33	28	215	85	48	56
206	100	67	31	114	225	36	64	140	58
73	48	71	34	85	81	130	259	103	85
249	65	41	151	160	185	29	156	124	53
245	143	131	114	170	124	62	174	76	42
63	253	65	59	105	138	39	152	52	16
90	75	26	106	160	34	91	135	19	5
91	51	143	49	68	19	63	208	55	70
93	98	121	188	81	84	28	74	215	78
163	112	148	123	284	99	113	27	151	113
40	204	229	28	35	61	38	69	68	92
166	44	104	51	92	57	42	52	139	9
46	65	148	89	42	73	75	162	162	359
190	162	82	97	148	138	72	26	189	157
125	60	97	96	85	66	135	93	137	79
161	42	194	116	75	11	82	314	71	194
109	121	21	184	81	195	84	53	32	93
98	40	240	105	17	135	114	137	123	56
20	119	27	74	97	227	55	143	187	63
58	30	94	132	12	171	78	201	185	34
48	21	113	134	152	169	52	42	32	132
135	37	159	124	178	46	46	135	75	98
35	112	38	58	13	16	46	216	256	121
41	28	79	17	116	49	40	69	22	142
67	44	133	158	97	32	230	83	83	30
25	121	91	17	62	32	88	125	24	59
99	85	77	145	52	104	84	198	85	34
161	156	209	37	139	152	63	17	61	51
127	155	58	215	98	162	164	83	137	81
53	93	141	50	75	74	168	90	24	65
145	99	216	77	63	40	161	117	110	113
40	22	29	129	99	145	47	159	150	52
82	146	21	49	61	89	11	17	99	111
93	31	80	54	221	167	34	108	16	47
144	102	29	53	137	22	94	182	107	71
95	259	108	78	62	80	92	112	113	40
98	89	42	157	76	121	38	22	32	173
161	144	9	17	90	143	67	244	97	110
16	126	39	104	81	76	42	42	10	54
88	66	128	86	167	189	214	98	193	92
41	80	32	24	144	135	44	109	46	170
57	8	80	172	66	41	33	99	183	76
26	97	92	72	128	51	52	15	43	139
177	84	105	84	106	84	51	43	79	36
27	107	19	39	114	159	144	53	63	65
2	16	29	33	102	48	132	56	24	57
69	0	76	0	65	0	131	0	41	0
151	173	151	88	52	196	58	186	158	202
70	49	91	205	142	78	119	51	24	54
144	182	19	86	93	93	89	86	225	131
111	124	18	168	209	252	239	112	184	180
310	46	82	64	78	49	65	194	100	90
136	102	360	160	30	162	229	143	90	247
64	170	99	135	62	90	19	191	190	62
57	25	168	110	131	203	201	278	146	117
30	216	207	53	44	99	73	92	35	181
166	108	163	52	116	104	248	142	27	6
209	110	1	143	214	60	128	99	37	57
75	28	107	94	202	130	5	125	109	46
15	42	96	81	61	212	71	120	173	113
178	40	59	99	170	206	64	60	43	33
70	65	64	90	56	37	55	235	111	90
70	78	90	320	199	56	162	112	323	25
53	170	81	159	107	209	80	67	42	219
130	163	208	156	101	55	63	60	84	219
83	56	43	63	33	107	104	101	70	35
125	128	43	10	41	154	109	232	18	149
89	28	45	178	226	49	73	82	113	38
416	88	140	152	39	144	146	144	209	123
121	6	380	136	161	328	123	128	19	16
163	122	88	198	48	66	104	59	135	74
70	132	53	235	167	40	222	110	38	166
41	115	150	175	127	50	15	42	200	100
98	57	46	120	56	130	174	89	77	125
54	48	219	238	22	57	92	90	157	127
33	284	47	51	94	267	98	93	88	38
288	44	93	121	144	84	91	161	31	26
82	122	85	73	30	52	78	48	340	46
119	198	77	132	160	13	6	57	250	155
157	59	43	162	64	58	60	29	39	103
154	43	23	131	198	78	134	76	159	55
70	129	83	62	135	215	115	40	141	107
177	180	72	162	137	164	167	293	52	124
11	60	79	32	139	46	139	31	64	57
309	6	200	132	107	176	186	45	191	112
206	51	62	113	19	87	127	146	148	203
142	58	58	43	26	207	126	208	26	10
48	83	174	49	32	1	172	111	111	72
58	81	91	133	92	69	19	59	58	90
22	243	31	198	20	17	127	38	92	41
185	37	133	80	121	152	172	9	188	159
202	35	169	21	51	31	10	60	197	33
206	26	18	86	110	120	262	194	41	128
100	60	134	103	36	81	16	84	108	204
62	67	40	65	53	15	94	243	57	128
95	109	31	62	54	91	113	95	38	98
50	95	186	71	54	53	130	93	167	103
23	61	43	190	161	102	124	122	151	101
56	0	128	0	115	0	65	0	199	0
53	183	98	95	26	98	144	78	210	47
23	99	61	65	245	30	136	64	87	112
55	35	18	86	39	64	84	131	79	5
90	89	125	16	69	153	51	30	32	54
14	48	257	89	144	99	97	85	48	98
197	0	17	0	105	0	46	0	108	0
85	166	53	18	408	53	110	147	53	60
51	54	39	26	304	322	76	55	102	155
110	27	139	73	86	54	9	81	92	40
113	117	55	125	163	172	49	15	118	39
128	110	65	62	49	75	190	11	42	104
135	62	96	19	181	143	47	90	79	64
254	57	50	50	55	139	84	24	128	49
76	115	124	109	45	109	81	153	68	148
59	51	94	89	22	23	60	110	72	46
44	127	139	133	135	107	87	177	298	219
48	119	152	77	244	43	135	123	57	182
125	105	215	323	16	78	229	25	81	63
225	17	181	45	190	95	164	231	130	94
148	110	167	72	98	68	389	77	22	27
10	16	90	101	304	36	133	133	96	72
52	62	83	70	149	154	62	253	51	66
20	144	46	210	61	157	142	60	10	75
45	15	105	218	66	127	66	63	35	31
154	93	89	90	147	179	43	40	161	105
108	41	119	104	140	43	198	157	161	233
89	38	217	190	97	110	15	32	44	9
29	96	160	62	2	65	109	184	64	40
95	121	95	51	7	51	149	173	5	112
117	27	166	125	35	63	122	216	52	234
119	155	28	141	33	119	38	8	82	89
93	205	58	31	179	95	223	50	60	196
61	210	252	44	251	40	78	112	38	17
61	22	123	149	109	47	26	29	90	109
188	139	126	121	257	55	180	95	30	57
188	74	34	221	152	100	44	51	201	101
53	46	61	26	41	201	150	109	28	118
82	65	24	127	256	98	6	127	14	53
65	77	101	158	122	161	24	24	7	53
96	65	93	95	254	26	65	174	60	90
103	47	47	79	186	188	31	29	36	23
169	81	309	147	75	103	88	142	24	149
42	61	119	70	183	230	22	73	53	123
202	129	14	95	177	163	32	357	56	140
142	64	30	26	54	127	276	80	66	118
18	45	62	195	67	107	7	134	73	69
11	271	88	36	151	156	103	142	149	233
126	128	81	131	20	41	123	98	106	68
65	124	69	45	105	10	75	45	227	152
190	91	218	42	47	56	22	83	26	74
48	47	121	29	164	199	108	138	157	118
241	88	27	133	121	68	181	382	159	71
34	19	77	74	95	99	180	63	103	128
236	56	118	158	85	208	279	4	37	95
47	81	150	18	185	318	61	123	142	84
129	233	34	142	53	48	104	49	81	107
174	112	66	26	167	121	95	12	127	20
87	206	134	151	59	88	38	56	101	294
96	153	41	172	213	61	144	193	3	47
47	73	105	32	70	67	103	255	44	83
84	199	23	84	85	153	78	130	74	100
35	14	273	205	33	58	12	270	152	176
224	103	56	35	173	143	83	17	175	18
70	88	13	35	47	167	51	87	15	76
43	111	78	72	50	29	64	67	371	88
97	45	23	21	371	27	81	68	161	30
137	71	101	185	88	127	69	67	2	33
37	122	37	95	6	125	74	41	38	81
153	147	94	16	10	23	24	121	19	56
78	51	317	40	121	158	77	40	94	120
109	88	52	92	57	56	116	126	114	196
39	103	107	101	94	217	5	153	9	185
402	102	81	81	59	72	116	113	146	57
79	231	34	37	127	95	111	68	236	200
31	240	76	49	65	119	18	108	59	79
34	325	153	149	43	255	67	127	47	137
82	139	155	171	160	135	53	112	118	65
108	235	75	82	96	239	17	296	109	135
93	102	184	14	178	84	104	62	105	69
121	37	199	113	58	174	9	95	62	147
45	12	38	102	73	77	33	46	41	61
44	73	165	27	21	73	186	77	99	193
31	116	49	130	65	113	88	67	56	30
159	93	94	43	20	3	168	105	63	66
119	60	157	1	75	101	93	33	155	67
91	188	47	192	96	153	161	58	193	313
53	179	12	3	50	116	36	82	72	200
63	332	56	130	115	124	29	107	93	213
69	102	226	97	80	143	92	106	23	19
86	107	79	37	199	45	94	54	61	93
130	39	310	30	24	73	73	153	50	17
153	77	8	56	62	138	299	19	121	52
193	99	323	178	204	65	161	255	31	137
15	50	143	11	111	142	352	29	104	182
63	48	16	145	108	327	89	95	36	67
56	144	183	39	214	57	163	135	63	176
126	101	178	83	44	53	95	43	178	52
125	67	36	64	67	170	69	175	160	104
35	113	160	84	29	87	191	76	122	33
151	60	36	39	74	68	113	18	125	64
74	80	61	68	17	41	104	156	217	64
107	165	91	89	152	71	254	237	60	71
15	58	139	132	152	285	68	104	170	65
65	115	83	94	22	156	21	73	89	68
56	91	61	45	314	97	219	124	57	397
101	86	86	53	101	103	18	7	144	130
148	151	41	89	28	73	71	149	23	48
96	24	153	46	132	135	115	32	220	86
111	20	81	100	77	71	133	69	199	176
131	186	192	111	30	143	71	27	87	29
130	255	122	185	122	257	4	167	92	2
63	175	196	52	64	83	117	145	105	190
3	275	83	73	103	126	75	151	93	241
135	415	166	248	73	122	99	53	50	100
172	106	169	172	41	6	138	125	102	236
91	37	188	119	19	110	150	320	65	129
144	147	155	131	34	38	91	120	57	205
85	56	34	78	46	104	108	158	115	125
178	1	82	0	61	0	63	0	88	0
46	112	194	128	312	57	30	258	77	29
138	118	85	165	59	127	9	105	8	42
121	0	77	0	52	0	153	0	162	0
117	47	129	189	67	51	24	17	266	187
40	79	59	179	104	70	40	124	21	95
111	90	82	40	43	228	48	256	51	161
87	196	149	174	59	85	36	92	135	65
42	74	109	3	98	190	88	112	20	46
36	55	60	62	44	47	112	141	49	297
54	105	117	52	240	139	150	18	123	113
86	23	99	103	25	99	118	29	207	126
139	141	22	99	50	120	16	192	72	140
142	155	29	52	118	46	138	277	129	173
38	62	87	180	77	82	199	50	64	49
137	75	163	55	115	45	56	124	61	7
54	97	310	66	42	80	22	46	44	182
195	215	42	34	109	60	296	158	41	31
51	47	171	119	137	94	48	80	188	213
165	56	114	46	16	110	42	105	159	308
33	80	75	182	183	88	94	109	36	153
122	92	81	33	30	165	101	67	91	38
30	29	37	153	161	166	62	98	68	102
112	138	88	38	71	174	121	74	14	138
176	5	119	126	71	49	75	28	89	151
152	171	33	30	158	167	19	113	102	32
216	201	62	92	227	16	358	88	82	42
146	60	41	69	63	76	85	110	151	37
93	150	63	64	31	60	106	64	65	303
43	44	19	19	187	119	93	113	39	66
174	0	66	0	99	0	113	0	296	0
9	146	42	49	67	15	113	302	82	86
163	0	102	16	51	0	38	4	91	0
61	129	179	51	36	130	131	68	33	90
107	37	103	205	82	46	59	314	83	55
95	172	128	89	26	126	51	89	15	93
66	249	120	180	68	160	39	88	183	23
110	46	38	52	175	37	63	77	61	136
48	13	8	140	267	143	1	8	144	32
30	93	148	158	126	105	133	186	19	119
204	85	79	107	89	50	98	82	14	36
99	60	21	67	167	114	145	159	30	41
18	85	118	50	24	182	77	65	209	344
60	165	68	91	52	66	163	81	266	150
102	60	26	45	89	126	14	119	12	16
65	44	62	28	150	85	107	38	95	353
133	303	13	44	57	47	107	58	58	113
86	96	39	83	119	239	79	92	98	48
43	162	226	206	73	18	245	123	130	84
87	142	121	61	212	89	181	73	16	44
28	204	78	31	121	48	134	114	98	144
14	33	119	70	116	140	16	123	155	117
100	81	38	76	108	83	56	111	132	38
103	39	99	49	148	85	91	99	164	37
122	110	142	135	65	34	97	144	300	74
69	18	62	114	90	97	57	70	74	166
109	139	140	25	47	83	26	22	221	126
60	147	110	60	28	96	130	90	33	115
87	0	77	0	14	15	27	0	114	0
18	45	180	162	273	211	105	41	209	210
74	25	168	115	93	80	53	135	205	179
38	168	87	56	81	20	77	117	51	111
63	25	79	87	231	95	180	114	17	42
84	269	169	36	326	49	59	42	85	127
57	607	107	88	42	4	71	150	63	128
189	132	53	176	184	101	365	39	59	110
69	55	63	39	75	25	30	221	255	7
6	141	86	21	34	115	187	106	75	45
22	113	113	95	155	74	133	24	24	41
86	171	10	8	150	123	86	20	17	31
87	45	158	32	144	98	49	73	133	14
45	12	226	150	55	79	125	146	66	118
148	201	83	17	216	87	51	150	56	94
41	17	169	120	46	30	28	194	17	160
41	0	40	0	174	0	68	9	117	0
120	118	130	106	5	81	78	85	38	87
37	109	96	43	102	23	38	58	64	16
146	237	110	53	77	251	224	51	145	62
207	154	42	185	143	84	149	10	58	39
68	190	128	121	72	37	131	108	49	98
123	121	85	174	114	207	49	139	21	81
191	305	174	112	79	91	66	80	204	60
17	12	375	133	101	148	81	123	184	93
217	188	118	113	19	69	54	61	226	57
256	56	99	33	166	77	95	131	37	41
232	63	176	201	95	36	141	71	97	102
169	270	49	144	100	80	69	161	79	106
106	100	63	87	20	23	154	29	47	234
73	76	74	64	79	103	105	222	35	106
205	133	57	157	200	69	184	170	184	158
167	128	224	314	89	130	47	152	63	122
141	70	35	82	185	193	47	81	192	217
117	219	81	66	117	57	152	142	55	62
167	35	8	164	248	140	99	100	85	23
49	14	96	194	100	127	101	89	122	33
13	13	51	80	85	108	32	33	169	67
88	155	99	53	56	128	62	64	124	92
124	70	168	290	176	18	62	144	21	105
30	177	87	176	90	84	179	35	113	9
101	44	201	64	136	51	23	80	122	196
73	92	63	93	57	183	81	67	41	32
80	182	43	52	33	96	80	74	68	195
44	125	30	15	129	149	86	402	112	118
158	187	94	140	122	77	181	101	60	53
6	49	36	4	121	166	70	218	117	73
114	53	64	94	116	179	85	164	97	356
87	72	79	41	88	68	89	116	48	14
128	87	253	235	86	39	12	74	78	165
174	140	77	97	484	13	130	144	134	195
75	81	87	107	52	94	87	73	251	164
178	46	32	62	187	33	142	194	191	29
32	22	190	263	104	113	553	76	142	19
87	270	13	114	30	135	77	196	138	152
59	93	61	156	122	33	120	196	153	86
128	198	58	50	34	2	69	95	42	131
50	17	8	115	95	45	74	24	108	63
26	51	49	168	117	110	180	50	129	51
228	29	31	192	58	193	122	107	151	247
116	118	106	82	141	100	43	102	104	77
90	117	213	61	178	68	115	108	143	64
93	32	150	69	71	175	87	43	130	78
176	40	38	170	120	65	40	162	139	64
70	73	72	96	93	240	180	219	152	138
292	70	26	136	58	55	58	154	125	189
21	135	93	30	96	97	23	95	57	106
32	40	70	143	60	34	42	48	20	226
17	118	70	169	8	98	80	20	82	32
237	93	98	228	27	143	19	65	294	123
11	48	163	66	63	212	136	117	66	58
7	76	66	85	166	165	145	204	52	133
28	34	10	66	99	130	53	141	44	154
107	296	117	51	108	275	47	204	84	120
133	62	149	68	205	27	34	46	274	36
67	104	163	214	78	62	107	195	37	60
21	102	120	33	51	98	75	429	117	15
63	190	158	83	90	48	47	67	54	265
31	137	48	63	76	103	196	74	43	137
16	309	21	53	63	72	46	13	101	113
204	20	47	104	40	30	156	52	13	1
95	9	211	113	163	185	129	42	39	39
55	99	63	99	194	32	114	37	109	110
92	43	27	175	93	177	136	122	44	179
140	32	107	94	222	48	178	57	57	223
37	126	117	35	65	219	48	129	56	188
104	276	171	32	72	206	15	179	42	57
48	56	97	35	117	108	117	56	72	126
111	271	67	99	96	191	134	46	66	44
180	126	83	6	96	57	110	38	46	38
239	30	44	20	175	159	119	61	87	90
108	98	32	48	85	140	87	55	130	82
48	154	130	47	174	188	63	40	308	173
245	114	160	174	309	39	79	115	78	75
17	74	23	33	70	174	85	65	322	257
20	305	201	55	121	114	52	71	86	1
133	219	167	62	74	58	64	267	136	84
193	76	72	65	94	130	50	75	56	201
41	35	98	195	41	21	60	80	84	131
197	48	30	85	160	185	93	33	19	54
108	95	53	26	236	72	70	74	22	57
190	32	71	64	71	106	66	133	110	117
73	90	114	101	188	241	65	51	82	107
69	48	146	103	121	212	152	29	45	351
332	53	148	30	91	26	109	119	77	27
62	107	34	48	82	274	139	94	51	136
137	267	113	55	87	128	96	35	135	65
87	54	113	122	246	2	95	171	59	45
8	94	232	15	59	50	181	39	90	48
14	73	37	57	91	55	83	69	216	55
60	89	138	122	132	118	64	207	46	31
111	126	86	81	85	10	128	80	150	137
70	81	302	114	29	104	100	91	99	96
44	112	27	186	95	125	80	103	91	176
120	141	66	104	71	69	196	277	77	145
51	29	82	253	121	111	141	184	66	32
20	81	111	62	186	260	35	39	21	121
149	70	89	85	68	187	163	186	130	104
160	199	188	172	366	80	107	57	17	111
147	336	18	68	128	77	25	127	143	41
153	25	74	19	99	61	38	30	122	62
70	79	36	41	26	76	63	51	114	98
162	76	134	133	214	82	207	80	41	76
32	45	70	41	146	44	42	72	189	37
36	50	9	76	235	220	128	34	36	110
95	68	22	89	95	94	52	193	101	141
36	48	134	136	123	151	66	148	67	178
86	71	62	67	52	52	13	169	79	92
126	35	32	167	58	132	206	86	16	43
60	100	94	87	50	41	188	47	56	146
82	142	130	44	102	318	151	64	16	85
100	0	140	0	37	0	158	0	21	91
86	119	110	104	13	70	25	49	55	87
201	31	79	149	52	182	21	29	16	28
89	114	256	156	39	42	160	23	13	50
59	16	73	68	49	200	124	98	21	63
122	122	210	77	92	78	79	66	73	165
115	99	93	109	41	133	96	33	22	79
164	65	87	156	218	44	130	120	99	287
97	104	95	104	100	61	215	208	18	82
146	86	183	207	72	223	25	114	121	29
20	27	56	135	104	165	146	99	17	52
265	47	104	111	21	41	58	36	272	79
133	39	121	44	122	116	96	30	18	116
23	185	232	67	54	251	148	63	54	131
111	133	9	63	166	58	96	173	102	147
24	81	131	81	82	137	151	109	124	73
57	28	358	151	92	112	89	82	147	132
78	138	28	95	30	98	42	94	18	155
68	67	19	55	126	55	309	80	49	91
79	66	84	154	30	19	159	70	101	137
61	51	65	137	61	93	135	128	34	117
1	20	149	75	16	93	74	221	40	20
131	103	219	8	109	90	28	60	58	70
165	73	37	121	75	114	190	185	233	63
17	48	22	38	151	159	150	22	131	148
101	68	72	79	146	80	108	66	72	248
107	185	157	321	57	49	30	273	90	75
50	103	94	167	203	10	118	55	110	180
165	109	133	108	16	33	52	94	421	174
97	196	133	226	19	86	78	120	114	138
9	123	77	49	52	56	51	144	107	13
27	179	173	161	102	162	21	25	48	85
57	0	92	0	92	0	195	0	56	0
44	47	59	156	33	61	211	95	105	28
3	40	126	31	34	121	66	96	132	150
62	186	44	50	15	80	97	63	64	84
49	195	33	32	177	167	119	96	32	138
171	62	146	261	133	95	98	76	73	51
78	140	101	91	13	19	237	191	290	110
130	16	38	73	189	84	238	65	296	63
142	31	36	152	194	269	42	31	14	106
18	116	54	187	99	39	27	135	20	22
268	136	98	114	121	74	79	2	172	128
47	96	87	129	158	171	45	23	138	76
17	152	158	153	54	10	88	90	11	112
61	116	18	58	23	84	110	72	127	142
131	124	171	70	163	35	208	235	128	59
187	157	114	127	149	31	121	159	67	309
45	135	85	43	149	35	51	96	30	108
105	201	63	59	20	102	48	46	153	127
19	0	125	0	140	0	84	0	94	0
280	392	162	96	98	189	240	93	113	66
72	70	93	125	174	179	66	186	75	236
22	86	59	174	36	122	150	33	127	31
196	82	121	91	121	73	79	76	91	108
162	5	63	76	132	76	104	89	76	150
65	38	158	113	41	45	102	92	217	185
82	41	30	57	129	65	43	40	108	95
48	105	172	205	155	77	130	165	147	34
31	7	43	103	59	148	111	185	140	120
103	51	245	72	251	225	74	236	141	48
265	11	70	280	77	8	47	68	73	158
71	103	104	67	112	71	16	84	17	29
33	16	213	284	111	101	121	190	57	103
71	110	21	174	96	41	86	188	153	64
36	60	75	65	67	169	10	120	151	121
171	90	205	221	32	106	201	123	182	41
90	528	100	63	245	80	91	30	146	176
79	77	89	154	319	102	190	49	69	80
187	322	179	21	190	83	42	110	169	117
218	24	111	153	14	113	155	315	64	375
92	78	36	63	54	63	78	163	62	55
78	24	63	104	43	43	73	236	78	36
150	109	90	54	84	115	116	55	152	131
87	119	130	56	87	136	63	89	205	41
87	3	54	52	56	310	92	55	15	29
129	113	57	84	4	76	83	43	79	60
30	319	74	16	11	47	67	58	110	90
306	18	120	46	154	136	25	110	197	177
64	79	52	106	84	253	116	23	103	59
203	0	93	0	206	0	239	0	45	0
105	110	92	61	163	159	357	253	97	98
79	177	16	217	39	40	81	81	90	39
119	76	188	7	135	49	30	28	104	15
61	71	31	24	100	85	103	93	89	309
198	237	121	200	205	35	42	21	84	5
8	56	59	199	33	31	69	13	67	92
82	91	54	31	190	86	103	134	115	111
103	142	49	211	89	89	62	29	74	137
64	27	171	40	102	57	58	69	65	143
26	79	135	42	168	80	53	121	202	66
75	143	50	46	18	36	83	30	339	78
56	38	42	167	36	136	91	1	193	103
66	64	47	92	24	259	66	197	335	143
71	62	145	29	243	41	140	18	47	117
256	150	116	54	99	182	109	99	114	49
61	51	37	31	79	87	112	151	128	196
26	78	39	40	133	22	178	105	34	66
15	79	225	97	46	76	39	161	33	171
114	71	222	16	92	179	118	86	71	86
112	165	72	56	56	82	66	55	70	114
70	0	74	0	62	0	91	0	61	0
124	77	117	23	86	51	112	60	136	183
122	154	43	82	20	193	4	85	49	81
131	167	33	8	21	54	220	76	36	244
172	32	145	61	59	26	93	70	39	15
147	56	180	50	100	148	62	150	119	46
30	123	72	50	141	178	44	21	20	140
15	233	136	192	129	57	140	71	290	142
109	112	102	98	80	164	109	76	81	125
107	276	181	46	237	122	119	30	161	96
34	51	123	231	192	83	46	41	38	104
86	118	57	132	233	43	98	162	106	159
36	136	109	293	11	75	114	35	66	174
31	79	15	49	33	63	97	74	243	102
131	161	136	69	83	19	127	53	207	85
134	17	72	117	106	127	125	37	77	75
110	225	238	130	34	33	46	61	158	99
8	153	115	164	6	93	6	119	64	147
69	206	52	20	41	111	63	99	73	27
70	32	148	136	123	154	229	180	104	59
56	125	87	191	47	85	70	145	126	202
124	208	54	27	15	25	90	74	193	63
55	12	340	238	119	114	116	109	52	70
109	169	89	151	93	38	54	170	147	64
48	107	78	49	292	130	157	38	132	101
71	79	23	219	51	134	43	17	79	168
87	76	104	109	123	65	125	23	62	103
110	18	18	216	75	35	79	38	170	112
117	112	62	83	110	27	349	47	23	38
134	89	38	43	144	97	87	62	151	135
193	98	60	322	14	83	37	58	199	82
98	68	155	89	31	35	249	169	21	90
15	147	164	128	145	83	86	96	45	220
70	223	60	54	40	30	27	61	80	133
189	46	87	20	83	188	123	153	113	107
82	42	102	75	85	66	60	156	133	66
160	45	119	22	64	53	43	81	99	41
153	62	245	97	43	45	56	67	108	62
95	38	16	156	102	22	134	64	25	285
70	60	159	170	32	171	167	74	147	35
99	150	81	62	52	234	142	96	94	117
31	60	50	26	281	182	75	104	12	36
49	371	91	119	105	158	14	4	125	170
74	73	91	46	29	73	255	103	40	106
111	136	23	87	337	207	276	104	49	204
68	111	60	38	31	14	17	48	72	83
71	104	153	83	352	127	41	52	10	223
237	91	55	116	96	43	47	52	63	48
183	44	90	135	21	139	148	73	82	65
54	58	5	20	30	43	32	40	163	36
227	57	226	60	106	56	41	110	94	59
76	101	204	162	75	69	123	38	105	99
20	175	224	133	133	94	283	131	146	326
36	75	68	53	14	81	124	109	54	126
97	76	170	37	264	80	39	250	48	31
93	173	72	69	33	19	141	48	9	154
37	77	134	69	96	88	39	140	69	212
100	118	54	16	34	53	40	71	103	50
108	188	103	51	53	75	124	58	46	52
58	54	54	166	40	53	30	56	34	24
190	44	174	80	182	114	36	75	69	52
156	23	112	97	89	230	206	151	98	89
70	33	25	156	71	92	216	126	36	93
68	153	101	104	145	39	177	105	223	144
268	69	49	69	100	118	27	9	298	152
85	95	105	24	78	143	63	47	199	92
64	93	252	42	160	138	34	62	58	160
214	77	57	52	115	83	77	127	143	139
123	56	88	41	328	142	154	50	245	15
20	37	75	35	109	96	199	73	99	155
23	100	45	45	8	313	83	124	110	19
44	111	32	78	12	15	72	322	99	39
79	145	146	202	54	256	224	142	165	280
87	135	64	40	32	66	93	86	111	61
239	65	50	185	133	165	204	39	50	98
32	105	40	81	66	38	43	129	67	143
128	222	86	42	63	64	136	20	142	170
65	21	34	84	99	57	144	221	104	170
181	42	32	142	79	113	117	103	92	245
12	148	106	55	76	74	127	148	13	62
144	66	135	162	121	58	125	121	173	309
112	270	141	46	60	25	175	50	146	48
93	40	150	79	53	84	25	176	187	35
101	51	64	57	65	170	42	155	31	133
119	210	114	85	346	13	37	176	104	47
58	104	61	122	119	61	272	72	79	84
100	76	121	33	143	145	24	57	237	27
125	60	111	172	36	41	27	151	63	172
121	69	204	30	24	343	31	20	33	81
47	20	127	111	130	131	87	67	71	124
166	164	58	60	162	62	122	73	13	180
44	46	17	105	62	89	43	91	132	38
70	28	12	10	47	178	53	118	70	87
113	102	60	98	81	65	135	25	72	77
109	228	12	58	147	72	89	52	100	52
62	79	21	79	58	164	99	72	92	206
57	111	58	68	88	91	180	74	93	69
112	19	74	176	48	141	134	136	122	86
87	132	287	197	47	33	81	72	20	77
95	85	84	187	161	37	107	336	107	60
62	71	1	42	158	80	106	189	86	133
268	210	100	39	81	62	153	214	132	120
83	14	106	144	39	170	152	100	25	130
96	193	39	44	61	182	75	70	20	90
79	168	46	38	110	60	77	86	324	96
79	46	204	55	109	150	79	74	157	221
33	66	18	86	68	45	115	106	105	167
43	91	49	342	26	185	91	19	85	34
70	273	258	75	84	21	55	45	191	104
136	94	30	144	55	107	107	94	30	38
156	50	101	165	258	64	86	110	86	189
83	78	192	245	221	70	332	45	95	89
154	25	50	59	289	238	199	117	53	47
147	76	75	124	40	47	44	164	68	68
45	204	105	60	118	143	38	52	66	26
142	85	87	80	158	105	192	9	154	99
200	31	41	54	33	108	49	53	46	105
91	39	35	66	167	161	105	96	127	145
96	135	88	75	209	233	90	145	130	11
94	175	52	126	104	53	28	11	118	70
15	60	102	1	98	242	124	25	88	299
42	54	96	113	58	146	140	53	168	167
64	123	71	59	22	34	2	144	73	56
46	143	54	123	126	127	96	52	105	86
161	12	151	101	57	56	155	317	133	133
212	107	67	62	16	122	221	137	77	94
93	56	64	49	32	138	50	191	22	373
84	6	48	105	159	104	135	42	73	75
25	35	76	13	77	117	146	333	150	100
115	95	2	88	145	140	35	119	84	27
66	90	32	101	100	61	73	149	32	103
37	37	52	43	81	58	40	14	218	149
130	90	31	289	128	34	36	235	97	173
76	25	73	56	93	36	124	11	235	141
174	70	76	94	63	241	163	132	110	64
91	97	36	73	28	15	87	147	16	143
92	139	18	256	13	173	90	84	336	131
258	38	27	91	86	74	153	21	48	37
34	11	94	15	57	255	18	229	150	113
258	260	68	77	102	45	104	33	113	12
77	49	71	59	44	25	75	47	169	180
147	93	151	111	93	95	65	106	140	78
17	261	46	28	147	66	65	199	124	38
70	264	37	114	40	45	161	70	131	38
125	67	8	59	52	105	75	148	291	75
77	150	44	239	362	99	86	163	49	99
95	70	106	114	10	15	103	49	13	42
175	87	119	62	321	224	70	11	387	53
64	83	165	91	300	216	197	265	149	96
66	77	104	221	46	105	54	178	132	72
87	69	72	104	90	95	108	67	59	42
21	77	116	77	132	63	118	113	169	147
183	127	65	173	57	40	55	98	48	44
177	89	26	174	93	325	111	42	46	22
21	68	73	130	27	175	141	138	67	91
69	53	77	17	92	29	120	27	125	103
275	81	159	161	104	148	5	157	132	131
71	0	45	1	134	2	66	1	90	0
64	29	69	81	214	123	126	41	212	132
149	70	182	251	243	114	117	53	12	49
94	32	135	133	85	78	46	86	40	169
118	199	43	223	139	157	67	250	75	83
89	152	58	113	50	111	22	100	259	21
46	163	96	15	42	36	47	116	57	25
133	0	83	0	44	0	74	0	257	0
169	152	51	86	197	78	231	247	130	174
52	33	62	154	106	79	107	110	57	26
154	61	57	138	24	373	147	71	85	185
89	35	51	48	51	47	38	29	28	41
102	55	66	300	83	54	104	184	40	126
150	77	23	14	26	157	105	21	105	90
53	189	14	115	142	68	87	63	21	76
60	70	147	45	200	33	47	84	240	80
19	147	8	97	37	17	50	136	30	301
23	15	33	43	116	131	97	47	135	102
45	27	142	23	14	77	2	69	96	145
25	57	190	133	232	127	116	42	33	20
91	57	24	58	94	54	76	51	126	74
48	205	102	102	49	42	102	166	182	306
173	83	10	9	69	220	20	30	84	65
19	19	197	158	117	57	96	45	64	73
115	171	3	107	65	158	38	51	67	51
170	74	144	136	9	25	127	72	363	235
111	176	5	42	47	107	78	12	20	109
53	29	19	101	34	87	81	139	206	226
147	130	57	17	112	100	31	45	55	73
34	100	156	492	62	93	85	149	363	85
89	85	34	39	88	3	8	183	60	122
47	38	274	175	35	203	55	188	87	65
24	105	151	41	78	311	11	32	16	64
19	78	182	26	102	245	29	27	142	201
150	138	55	154	79	115	61	163	53	71
115	124	145	134	78	95	118	49	125	40
70	54	84	184	190	99	170	32	265	67
102	96	119	88	77	95	65	96	145	125
161	146	24	142	18	162	60	120	41	35
57	131	73	105	36	104	80	263	43	19
64	89	184	59	54	167	80	110	30	165
79	83	55	216	123	61	95	36	107	48
126	40	126	142	78	89	2	132	81	162
115	52	86	103	7	19	29	46	36	59
135	102	72	68	70	86	127	148	142	90
55	20	21	275	69	168	97	208	44	111
38	133	116	191	46	44	105	84	128	142
94	127	61	72	50	41	241	362	11	44
20	55	90	67	93	16	234	68	65	58
12	59	83	196	71	89	45	57	66	198
74	2	61	180	119	36	103	98	141	192
84	131	92	85	61	111	83	84	30	57
6	64	189	72	80	72	80	145	8	95
85	134	105	81	205	130	51	68	147	81
113	0	172	0	39	0	68	12	133	0
39	58	109	57	36	145	108	37	45	43
20	4	55	59	106	0	254	0	134	7
230	74	35	103	29	77	149	115	76	62
96	125	56	24	112	38	41	21	91	101
117	125	169	189	51	10	52	47	176	239
122	130	55	26	77	71	188	81	128	152
97	102	37	221	27	42	107	94	16	123
212	157	146	71	152	192	14	123	62	251
68	150	36	89	24	26	49	25	126	122
22	10	66	106	156	195	44	94	78	135
34	141	68	80	62	89	45	56	18	131
171	148	281	23	54	91	60	232	106	319
47	270	110	189	25	185	40	136	144	65
74	66	59	60	118	44	16	52	45	76
8	35	167	10	176	191	33	34	162	201
40	128	34	34	175	50	79	48	122	233
59	94	95	114	21	41	101	82	283	32
56	67	198	185	20	39	52	112	95	152
49	50	44	114	166	105	33	210	33	101
177	15	44	137	68	45	60	90	97	30
109	136	73	110	289	392	46	5	51	120
61	150	109	95	125	36	121	136	103	132
176	193	59	88	21	175	123	151	8	103
155	75	115	60	169	112	99	155	89	39
195	120	113	65	103	86	69	103	252	73
154	81	153	220	258	38	65	213	73	31
246	388	100	64	5	149	42	93	167	74
297	238	115	103	162	43	129	46	29	87
41	60	90	20	86	27	42	87	51	151
10	24	144	26	32	184	66	93	5	89
172	101	92	63	164	147	112	39	73	54
160	122	71	58	96	99	65	46	228	54
257	44	73	57	44	170	83	74	41	257
76	115	28	249	24	129	43	43	137	34
100	104	28	64	156	148	102	171	7	146
55	142	33	50	138	29	166	31	81	48
120	25	169	295	45	113	84	68	116	22
25	15	169	94	37	77	27	201	11	21
21	50	65	157	64	176	9	11	50	110
12	41	107	86	88	272	30	217	164	129
77	38	54	60	182	35	51	69	52	4
79	84	230	102	127	120	130	209	95	89
278	143	92	141	82	26	104	124	13	96
58	106	102	51	29	194	66	246	111	137
93	108	109	23	114	262	103	130	213	61
93	159	111	97	115	103	66	121	41	91
196	148	141	29	144	19	17	99	50	75
109	183	37	155	63	46	275	75	37	159
97	104	28	99	114	66	147	158	380	78
180	63	51	36	17	214	54	95	37	80
221	50	96	37	100	37	50	70	84	122
17	359	131	97	202	20	89	191	17	1
62	94	15	50	50	168	24	283	138	14
89	142	119	60	45	68	156	53	162	267
24	113	174	32	37	12	66	172	120	53
46	88	112	143	133	26	87	62	132	103
280	46	98	21	228	145	143	148	85	17
133	40	167	73	83	99	164	16	67	136
233	145	107	248	27	29	94	72	36	32
223	266	61	231	217	43	71	106	40	146
73	42	142	66	40	4	140	56	57	120
39	83	121	75	39	65	291	59	59	118
210	9	94	104	173	2	67	0	76	23
177	20	208	183	372	66	146	13	132	157
96	60	143	174	85	283	208	171	107	183
229	128	151	59	15	77	246	109	5	14
161	175	49	105	97	165	176	112	134	159
101	0	48	0	30	2	355	0	37	0
50	160	19	92	204	126	59	189	86	52
63	106	45	224	113	120	15	39	24	161
73	126	75	254	52	28	210	160	165	102
64	45	100	58	116	73	211	38	24	75
33	31	206	120	56	32	23	29	88	210
215	40	137	196	153	90	195	289	79	72
164	58	69	57	44	127	69	105	151	174
29	92	247	179	111	121	92	131	98	100
194	56	93	188	263	49	97	163	126	94
101	64	140	54	154	70	69	74	30	158
65	113	28	102	61	190	40	13	113	42
105	25	220	76	66	162	40	173	43	27
142	45	70	57	43	67	40	104	107	22
58	39	10	20	43	73	60	17	89	148
131	79	33	58	186	92	161	36	40	21
91	53	18	17	147	197	145	147	46	36
186	133	65	152	60	122	316	252	18	55
86	13	358	39	76	32	134	14	60	114
30	287	200	68	89	72	8	136	142	70
15	65	176	50	16	88	119	59	89	106
50	58	271	121	23	66	50	80	140	61
61	36	42	91	106	96	32	71	69	72
87	100	44	123	31	0	8	90	23	63
95	156	94	76	37	73	139	144	114	47
164	37	6	37	102	91	144	124	49	212
52	158	93	46	69	41	54	104	70	97
58	61	59	35	145	37	50	28	319	199
62	274	84	107	63	173	117	147	87	182
204	200	30	76	90	216	82	31	223	104
124	38	121	158	81	159	172	140	114	171
31	82	23	119	182	82	184	121	115	222
268	104	135	226	117	65	249	58	324	96
55	158	53	46	59	91	128	81	46	34
133	96	79	25	211	42	217	33	75	86
157	109	64	220	185	112	81	191	103	58
47	94	212	130	88	183	158	53	157	74
35	49	111	23	305	77	83	21	148	82
69	50	190	183	203	259	35	41	88	133
29	116	50	61	112	181	25	120	66	51
203	5	41	21	152	159	94	401	67	49
44	223	73	99	81	286	17	184	76	87
231	153	152	155	65	174	96	199	76	106
89	146	67	74	105	135	64	60	122	99
34	77	78	85	47	44	76	107	156	111
29	220	75	102	49	51	271	82	81	61
235	303	54	108	50	50	30	98	166	110
133	368	24	227	75	156	137	27	114	257
121	121	40	91	164	112	40	154	72	261
164	107	211	105	68	117	72	15	159	79
20	120	64	56	78	61	142	182	125	269
45	54	98	209	155	25	46	159	99	53
147	131	115	147	107	110	86	86	99	32
106	164	241	239	115	71	127	81	64	119
9	34	174	29	28	39	30	58	82	75
313	105	84	38	56	43	412	259	143	18
80	61	131	0	72	10	143	0	151	1
217	225	27	143	23	8	235	36	11	73
24	71	141	72	150	144	123	151	156	190
36	295	149	52	25	62	146	67	144	49
133	39	195	95	165	216	302	199	101	40
106	42	147	77	126	43	58	71	148	110
139	230	143	119	46	168	31	14	70	200
258	159	88	49	272	47	93	317	93	44
138	58	254	159	185	193	249	77	162	66
42	79	163	88	133	145	27	65	243	158
22	178	82	149	168	76	173	46	101	62
185	126	64	74	153	426	14	113	203	197
220	78	62	10	101	116	111	28	93	59
200	31	114	88	239	337	59	138	28	62
20	70	17	156	47	158	136	45	62	73
61	190	130	40	137	19	247	199	23	135
123	30	71	41	25	132	73	54	86	92
119	62	78	170	56	210	196	196	17	15
50	218	108	44	62	47	181	114	131	35
94	205	168	316	20	121	108	9	106	234
64	105	140	224	29	106	112	54	99	142
72	115	241	95	114	81	146	96	15	99
134	185	24	61	158	19	122	236	61	152
73	169	175	126	118	72	106	45	45	104
155	36	98	71	125	78	191	97	24	60
98	51	176	105	50	45	144	127	37	131
53	73	8	52	61	138	106	4	134	50
131	309	230	56	13	37	144	208	113	32
156	77	40	43	42	96	62	135	150	45
110	256	24	198	22	37	86	82	60	96
92	169	258	142	62	36	65	312	184	162
51	80	60	100	99	214	213	105	47	69
118	125	98	52	78	51	55	71	60	54
75	82	163	38	33	65	117	178	116	125
57	110	149	43	79	98	104	105	87	197
83	111	99	22	45	138	131	120	48	118
213	26	19	149	145	66	81	125	149	199
83	112	79	140	95	223	118	64	101	107
106	101	64	148	145	41	13	291	47	21
84	77	32	88	62	106	45	117	87	59
51	69	51	133	104	55	89	143	60	340
88	43	5	111	65	158	80	161	132	168
97	12	73	56	120	145	125	118	205	76
118	72	47	126	27	54	217	31	151	68
72	28	143	146	92	243	212	57	85	13
37	26	141	238	90	40	20	138	35	79
139	126	145	146	17	37	32	114	30	4
74	37	112	83	27	38	182	134	28	57
105	44	43	52	120	124	231	37	6	49
21	86	69	62	36	133	131	55	173	190
124	151	71	121	155	174	62	103	109	58
105	154	67	60	55	122	228	197	56	90
294	82	12	27	49	69	231	37	229	131
42	6	50	154	171	90	59	90	148	32
118	151	37	66	38	181	44	199	20	74
183	244	318	81	120	141	81	82	106	194
63	101	203	215	20	46	74	103	107	101
21	58	117	146	102	195	53	6	69	73
30	13	118	156	97	205	83	212	30	126
101	51	28	110	103	53	209	313	44	13
163	100	157	147	115	109	68	48	28	54
75	53	119	25	150	124	56	17	46	57
231	54	96	97	138	44	72	23	54	36
222	44	24	79	126	199	212	64	219	166
98	36	160	96	27	23	74	92	34	302
121	182	27	121	71	31	58	67	51	148
59	64	35	110	79	36	60	281	172	108
13	28	47	133	130	163	125	110	100	41
96	128	174	186	28	93	122	133	124	83
272	109	46	42	245	93	141	110	177	122
58	41	76	288	180	119	69	238	134	127
116	174	53	89	50	98	105	85	63	61
95	140	135	136	211	131	44	232	15	124
19	88	110	60	24	92	45	116	61	225
65	138	267	186	70	70	65	59	213	82
76	14	26	76	237	252	24	40	71	123
40	17	28	10	37	114	298	38	102	121
48	130	231	72	97	64	39	207	286	199
10	68	160	20	82	44	53	8	122	245
109	93	132	104	29	61	37	34	19	93
113	32	60	220	55	76	133	100	59	27
24	119	226	134	73	113	197	121	45	161
223	169	122	158	53	79	27	24	292	44
59	160	121	80	65	80	93	281	98	37
90	35	28	187	40	341	22	93	154	12
111	158	124	37	34	82	378	204	148	136
143	139	150	160	78	26	79	51	38	113
79	71	140	37	78	98	13	138	106	30
116	50	67	176	54	21	78	90	114	56
31	73	49	38	43	192	74	9	33	167
112	52	157	132	225	364	141	114	54	145
93	72	138	198	104	51	33	49	160	257
171	82	65	48	28	264	100	91	170	148
151	59	98	66	61	62	30	77	84	176
121	62	184	142	217	170	48	73	215	25
71	242	114	76	127	267	87	126	102	32
34	32	79	89	47	52	66	78	36	213
61	156	107	247	114	238	44	59	159	89
100	50	96	61	53	44	59	286	113	24
94	9	31	44	162	347	352	320	126	99
13	53	46	172	302	114	61	107	63	58
76	58	147	40	67	50	111	156	90	95
64	59	5	40	4	45	109	116	41	163
67	70	144	110	58	83	278	95	71	167
121	73	73	151	58	79	43	220	84	129
106	87	211	89	89	55	60	138	7	88
63	31	74	118	113	147	184	78	104	71
62	206	67	184	109	90	21	74	142	75
131	43	117	228	196	97	99	183	21	31
30	111	214	157	158	75	36	86	171	57
54	117	146	118	12	52	137	162	137	60
56	85	54	321	54	64	239	157	80	19
45	53	8	83	39	109	141	58	65	84
36	25	8	154	122	117	85	130	60	66
166	141	263	105	49	124	40	49	7	64
143	208	80	24	176	173	2	151	75	160
283	56	64	121	217	60	48	63	85	252
194	162	126	184	76	150	123	201	50	106
33	73	113	61	30	41	102	47	95	162
74	103	59	23	39	77	34	82	6	26
111	55	195	94	27	164	141	72	131	212
54	219	76	76	181	40	59	224	198	105
114	32	110	350	46	66	176	186	67	67
49	43	107	47	286	228	35	112	93	178
87	121	221	141	57	34	114	96	60	82
85	81	36	37	85	157	28	180	220	37
98	70	129	137	106	94	69	111	132	72
101	59	219	213	41	134	61	50	37	79
99	92	45	74	85	222	122	111	74	37
98	47	83	83	75	24	99	339	148	112
272	151	75	30	181	84	88	17	78	475
215	80	218	120	89	112	2	18	40	42
10	49	123	97	66	45	32	21	92	43
250	0	32	0	118	0	111	0	49	0
134	50	59	52	102	93	39	228	65	17
5	47	43	192	11	49	23	263	22	7
128	196	248	145	103	31	84	45	98	23
253	0	150	0	357	0	71	0	60	0
156	36	28	68	130	112	152	40	96	55
118	73	106	196	18	60	49	149	113	93
148	169	18	145	20	128	20	128	36	134
63	100	40	110	236	132	76	24	54	76
204	107	20	126	88	24	102	59	120	21
77	56	46	59	190	32	179	417	110	77
163	124	86	17	310	44	51	52	82	46
95	178	71	74	59	59	75	68	67	35
173	186	220	214	159	187	87	164	121	293
156	75	30	161	69	151	185	90	181	68
75	106	101	35	181	49	248	221	132	85
84	40	107	89	15	146	71	188	30	18
94	27	134	182	43	56	53	29	3	119
111	32	36	54	63	66	70	93	73	31
200	148	40	161	61	72	123	75	76	68
152	211	138	151	157	48	149	133	34	93
39	86	49	49	79	155	75	196	16	108
48	65	26	136	90	45	135	26	94	73
40	173	155	41	291	65	12	115	41	66
30	133	9	167	79	86	56	134	17	75
328	91	113	221	68	23	115	209	97	86
46	106	77	98	81	333	52	29	16	124
51	241	241	200	35	26	118	164	86	123
32	19	15	104	321	83	120	165	36	16
99	317	223	270	30	132	167	137	65	72
173	123	52	11	64	23	110	71	81	169
245	20	75	133	7	69	70	29	32	142
118	43	57	122	83	25	172	132	166	70
104	32	82	171	154	166	163	60	62	172
98	26	82	135	187	97	94	111	3	30
41	22	175	36	163	102	185	133	87	136
74	113	32	37	35	82	213	49	125	43
123	41	206	148	149	192	96	88	52	172
117	88	46	117	54	137	92	108	98	182
6	241	44	88	79	100	180	60	14	104
53	148	73	230	53	73	73	125	215	29
168	68	85	21	28	86	69	62	207	74
26	76	44	158	107	53	63	33	116	73
91	38	63	41	94	19	48	119	211	4
77	48	6	24	161	213	152	22	45	22
77	122	88	219	91	124	55	91	49	23
46	44	41	318	109	77	45	195	16	230
69	114	138	96	96	110	41	75	21	18
53	75	49	47	42	87	78	84	91	107
74	117	34	231	55	47	75	158	293	103
121	69	86	192	86	228	91	22	300	268
42	31	209	196	53	131	21	87	58	51
23	42	19	91	6	50	132	109	65	41
160	61	62	140	3	169	79	149	162	298
85	39	72	53	158	155	107	52	8	23
147	42	19	59	152	75	154	41	145	97
65	57	42	187	72	71	69	62	43	37
88	7	58	0	53	2	137	0	165	0
196	100	228	132	55	40	145	175	80	27
3	145	239	48	25	64	81	41	41	80
61	95	245	90	13	119	132	58	55	138
71	155	41	95	15	100	209	286	57	76
11	35	282	23	113	134	46	81	92	105
93	84	80	55	78	119	116	16	10	135
65	154	57	136	191	85	85	96	113	46
21	60	80	154	159	160	28	22	103	72
86	136	48	64	24	126	4	45	265	98
46	50	25	103	101	275	115	152	19	65
45	27	109	15	46	52	23	21	113	120
76	40	116	58	143	21	39	80	36	26
83	57	97	229	151	110	163	41	99	208
36	75	34	55	84	41	66	116	5	92
156	217	75	148	105	54	63	202	69	102
181	46	144	290	142	54	133	37	106	155
148	50	170	124	49	65	162	116	66	196
48	262	22	128	134	62	124	70	63	67
88	25	20	26	84	98	51	227	141	69
47	228	23	190	149	31	41	10	93	33
69	35	91	119	103	93	176	171	94	39
125	120	114	205	15	111	114	24	60	75
53	44	52	44	84	148	91	77	79	34
279	131	74	69	70	288	14	50	80	84
60	65	56	101	41	31	161	228	203	213
34	69	267	13	140	217	93	55	143	260
42	107	129	135	27	101	15	161	74	68
233	179	243	70	54	76	60	92	8	49
15	6	47	52	33	52	1	11	24	126
104	110	119	112	64	166	18	127	216	99
25	59	38	58	91	95	150	38	26	114
110	176	75	78	155	12	88	127	45	78
92	54	32	209	91	86	189	71	143	88
42	170	171	27	183	337	344	304	124	133
133	133	134	11	115	68	55	45	123	205
169	50	116	38	205	103	130	65	46	78
136	30	75	69	61	32	271	69	6	17
203	91	35	121	147	177	173	169	57	40
84	95	15	200	291	195	39	84	115	172
99	75	27	33	170	153	54	20	59	156
54	5	206	0	135	1	104	0	97	0
37	47	101	65	184	35	105	185	30	42
71	0	153	0	41	0	51	0	67	0
374	45	94	120	71	92	104	170	73	35
70	45	150	89	198	203	107	158	113	71
286	31	67	187	87	50	140	213	70	8
122	22	192	96	66	31	88	137	71	88
111	185	16	132	144	123	44	58	10	81
59	261	112	27	35	245	96	47	64	89
73	88	61	116	9	109	48	144	53	48
43	200	64	124	49	131	94	23	154	186
122	66	141	84	25	117	81	99	268	103
75	58	166	42	39	19	141	34	130	124
136	46	57	53	136	64	47	152	145	69
119	180	178	58	139	64	16	71	80	43
243	335	79	13	53	73	92	79	50	112
61	150	115	75	39	139	102	60	66	81
42	37	78	110	65	73	48	72	65	144
66	105	82	45	95	54	52	42	67	80
150	108	111	116	72	58	33	119	57	29
36	82	100	78	87	88	87	124	207	119
354	57	96	153	102	25	37	120	45	144
8	51	142	276	93	120	5	63	65	46
22	167	42	48	114	140	187	85	162	96
49	78	202	41	104	20	17	95	84	106
87	92	36	102	87	37	255	156	197	34
270	252	67	53	35	164	73	80	8	157
92	80	4	24	142	77	144	86	59	73
82	121	103	83	34	303	44	38	6	94
15	61	72	46	250	110	82	126	85	45
137	117	131	86	110	86	91	75	67	47
117	68	118	55	218	101	94	70	92	13
68	79	152	137	192	87	198	132	140	64
86	34	80	98	107	159	191	103	407	70
41	90	75	33	16	19	199	141	68	274
114	188	21	310	124	156	193	129	108	278
61	0	106	0	98	2	138	0	19	0
19	55	364	92	172	60	68	102	119	107
57	51	96	113	39	62	358	83	64	85
76	24	46	27	342	70	29	42	31	131
94	110	61	74	73	95	45	70	55	22
93	209	204	62	26	13	45	224	147	31
18	115	104	41	42	133	39	78	138	76
100	34	70	97	100	150	70	28	174	76
35	81	169	245	160	133	37	40	172	77
120	138	48	259	25	102	154	99	164	105
138	120	57	121	25	75	154	52	59	186
120	78	45	33	165	252	36	33	13	202
93	43	104	64	3	47	143	202	62	124
58	138	122	41	65	176	58	70	28	10
18	139	54	16	108	203	114	53	15	121
125	47	56	16	87	96	144	83	150	128
8	119	84	229	60	25	54	155	255	127
102	89	226	141	85	21	118	48	153	65
149	160	89	183	75	271	37	64	132	141
143	143	49	152	52	127	160	50	24	116
37	72	97	72	25	68	113	64	47	190
75	122	134	199	207	78	28	73	137	110
46	208	113	102	101	99	44	52	115	85
129	82	176	19	77	414	22	32	93	230
4	50	85	231	82	53	311	90	49	327
145	228	187	207	91	119	140	147	56	34
165	97	31	101	25	84	252	79	171	124
35	186	14	32	152	42	82	32	54	126
41	167	44	131	52	44	129	90	46	103
70	38	11	91	22	104	98	61	132	74
57	60	295	277	144	70	119	93	122	190
120	132	100	104	47	159	27	59	173	359
95	79	143	238	5	112	43	158	264	211
43	54	27	116	69	33	56	197	92	39
207	176	192	67	31	62	82	17	104	192
40	0	53	0	20	0	147	0	172	0
202	23	45	0	155	0	12	20	112	11
38	203	92	111	5	40	17	233	185	88
152	74	83	39	66	62	60	180	34	172
159	9	101	195	155	93	43	84	65	148
133	128	100	102	20	104	75	282	182	153
34	135	89	21	89	111	52	21	9	158
64	68	97	267	220	28	74	249	75	34
179	66	25	222	347	81	219	233	191	71
31	84	61	97	28	102	67	11	279	82
81	175	3	45	25	67	45	137	197	46
53	157	26	76	166	88	121	120	101	57
11	102	152	177	59	53	54	81	146	176
192	56	76	101	167	198	22	141	16	40
119	376	3	282	163	56	199	82	220	151
95	121	99	37	60	147	157	263	123	233
20	121	224	149	78	13	162	105	71	116
50	64	108	149	37	113	221	201	275	68
49	99	98	83	161	140	140	164	135	92
98	20	254	86	44	71	74	92	114	33
73	107	42	29	80	19	112	43	150	13
165	0	236	0	132	0	134	0	145	0
41	200	115	85	127	109	51	12	201	299
68	129	89	116	99	82	141	87	223	67
227	149	25	14	83	76	66	21	253	89
43	70	29	39	128	48	94	33	43	273
48	61	78	41	70	88	85	32	117	22
109	138	39	114	156	106	128	66	9	175
98	167	22	23	14	49	158	200	25	139
154	49	119	258	124	54	117	47	34	27
166	45	150	3	81	117	66	253	139	159
28	89	239	98	85	81	99	115	83	79
118	371	97	151	61	124	56	60	159	254
58	285	114	194	39	82	39	79	124	97
72	40	96	198	36	68	153	18	91	154
71	105	169	58	29	121	111	123	153	167
122	138	105	106	82	168	68	22	76	55
75	7	13	30	111	56	70	37	8	148
50	117	110	286	113	178	83	32	28	42
61	109	25	58	100	137	197	205	53	310
60	81	12	58	81	173	59	115	36	33
139	146	59	220	61	152	107	259	47	111
129	111	204	159	127	47	23	37	103	216
137	82	27	83	135	6	131	34	99	56
147	69	26	67	185	173	234	133	43	50
221	55	41	196	29	74	90	70	138	188
51	62	124	47	27	53	95	46	103	158
330	41	86	17	41	257	112	50	171	137
63	94	165	16	114	82	218	57	67	418
63	92	52	24	51	112	37	88	61	16
100	162	84	239	155	106	20	74	63	88
135	127	120	136	251	94	131	135	127	172
27	38	44	58	111	155	88	99	115	11
136	86	208	124	183	162	63	51	49	134
192	31	356	122	31	156	9	72	87	36
80	104	74	89	185	88	102	33	111	115
61	137	105	90	191	42	114	141	127	99
299	40	104	72	50	223	64	39	142	239
40	23	239	129	85	153	192	67	44	110
43	0	27	0	7	6	44	0	223	0
114	90	204	128	47	117	26	193	57	85
132	113	91	72	189	137	51	27	93	42
163	179	135	133	37	144	101	135	48	182
250	115	136	144	102	158	25	118	22	86
80	176	41	17	140	306	84	88	44	52
269	113	82	154	210	81	105	160	126	112
19	59	71	60	62	94	88	34	63	268
35	164	59	97	91	35	202	18	46	219
114	302	136	142	80	130	151	79	135	65
113	194	105	78	124	109	22	22	243	139
121	90	163	47	136	155	193	152	31	115
39	263	136	157	77	13	55	33	26	49
89	33	22	96	37	76	47	96	100	170
3	48	45	45	54	43	42	139	162	35
53	82	57	79	392	100	99	98	53	30
54	37	52	116	30	32	118	57	81	93
37	41	37	86	76	37	120	156	36	24
170	91	53	56	115	115	30	157	42	204
42	58	143	21	199	68	267	82	131	214
52	86	184	28	136	88	147	41	63	102
182	250	136	167	321	19	81	26	29	51
54	327	117	81	106	70	76	70	46	86
190	69	187	194	102	71	245	199	94	166
70	175	108	19	128	13	60	28	57	189
135	145	31	153	13	161	58	3	55	194
51	75	112	132	356	48	130	84	144	69
47	161	171	9	105	35	103	162	96	47
21	164	98	83	90	21	37	63	53	86
43	61	139	48	68	184	155	40	188	118
64	44	267	118	26	6	130	40	85	190
73	299	107	106	58	30	49	262	87	91
134	37	55	68	104	83	126	62	74	96
100	80	83	64	66	184	102	82	5	210
125	127	317	110	131	110	80	171	108	70
165	27	49	45	20	12	60	147	102	36
71	69	68	50	22	50	72	340	70	57
182	156	132	19	22	70	60	42	12	200
282	131	39	220	74	120	100	88	76	26
203	33	21	125	16	121	53	46	2	134
70	71	14	318	107	79	88	148	135	142
83	83	57	49	66	364	6	74	211	285
292	76	67	18	67	66	131	57	256	34
92	93	116	170	62	73	21	56	29	229
294	34	135	143	95	157	54	75	41	126
94	59	264	55	32	186	146	46	53	72
133	193	83	82	114	60	126	115	24	73
25	40	119	137	99	91	151	10	181	48
56	38	46	103	68	77	100	74	10	44
10	52	15	69	47	130	50	151	120	236
30	53	7	104	282	129	74	269	49	112
120	89	363	60	40	149	186	249	50	72
111	90	146	139	115	386	86	228	97	68
93	43	68	19	94	208	83	181	19	103
96	94	47	39	136	44	129	53	67	109
207	44	85	86	136	214	36	12	47	137
214	134	60	194	79	158	84	81	47	149
131	125	202	154	69	260	81	68	67	45
66	12	159	0	31	0	32	0	142	79
49	54	30	453	164	71	116	129	347	211
183	93	130	103	132	161	85	85	102	51
37	107	137	70	16	96	93	8	134	153
48	203	221	175	38	121	233	118	23	188
59	137	94	41	3	136	124	70	37	67
20	97	148	229	106	97	60	4	118	349
202	87	321	113	85	38	63	20	44	111
129	214	265	91	198	32	295	74	172	68
81	55	170	124	27	205	2	47	164	48
142	98	59	28	71	67	39	96	142	95
60	131	169	262	294	77	104	42	122	43
153	155	57	81	99	104	55	132	77	266
89	50	42	54	98	97	45	40	42	123
57	122	53	51	121	56	101	113	132	106
205	114	164	163	212	60	25	16	166	217
109	77	107	34	40	45	63	171	66	44
130	107	189	192	74	55	141	188	159	51
148	130	100	66	61	66	56	107	41	51
41	161	58	251	47	310	129	119	75	414
153	166	123	103	78	125	97	106	79	89
93	134	74	357	129	53	92	73	233	129
51	143	40	142	35	71	150	65	44	132
9	41	63	185	92	66	121	259	204	149
16	203	24	25	42	32	209	145	88	111
158	130	43	98	155	40	49	93	80	154
96	189	79	94	118	46	119	98	73	157
229	209	162	160	32	121	128	99	63	29
98	290	148	110	246	156	94	38	39	91
45	1	18	0	39	0	294	0	67	0
117	99	94	137	154	5	76	37	17	70
15	0	59	0	116	0	52	0	5	0
94	222	95	71	137	132	142	213	152	43
8	43	145	80	171	146	43	138	132	130
201	90	64	143	101	88	88	6	126	60
49	106	211	104	123	126	8	62	160	73
66	191	63	180	67	55	167	70	22	27
152	126	58	63	81	140	57	61	84	35
184	60	168	84	90	61	188	227	103	106
63	64	38	95	84	40	37	31	14	75
193	100	24	8	10	3	113	39	40	150
172	94	300	153	37	172	86	15	123	39
98	107	172	51	49	79	47	222	125	87
82	9	75	17	74	185	71	68	115	43
76	85	11	102	163	153	146	38	86	62
280	85	118	81	59	108	135	103	34	131
140	102	74	104	62	94	42	140	53	54
26	54	99	224	42	122	93	86	63	88
66	84	246	94	87	133	13	65	120	62
160	49	165	69	21	354	188	67	31	52
31	287	157	59	78	45	30	88	97	254
81	0	28	0	79	0	192	0	133	0
86	92	9	16	41	103	71	112	272	110
216	155	44	110	24	43	19	8	58	99
94	48	135	45	22	53	140	68	135	40
17	44	136	147	25	191	38	205	18	39
80	51	41	81	235	156	82	111	215	177
126	257	265	54	160	190	262	292	191	122
77	80	179	237	152	95	68	268	21	40
90	166	204	217	75	86	76	264	91	205
36	127	182	49	109	174	253	89	148	27
151	58	133	35	46	141	109	169	57	64
46	154	23	170	34	296	80	148	31	179
52	123	51	28	107	41	54	55	72	207
65	9	43	26	130	147	203	78	202	236
205	28	109	126	130	186	88	155	122	47
132	223	224	24	33	135	103	33	123	157
238	83	68	24	152	16	96	117	42	117
75	80	29	168	57	19	244	126	243	34
78	57	91	105	221	359	73	143	155	150
77	76	206	82	49	91	141	123	59	60
155	65	78	82	30	28	35	26	52	93
58	40	137	59	166	43	114	70	58	33
17	62	91	61	67	230	115	30	97	36
196	207	50	12	96	124	72	231	28	97
7	87	156	225	116	71	114	81	157	107
106	151	100	187	97	58	105	76	51	92
58	102	152	49	188	114	122	101	101	170
163	65	36	174	61	46	193	45	86	68
161	167	175	43	165	52	69	90	55	21
125	68	127	108	185	45	191	17	136	211
31	53	99	33	160	92	94	33	86	50
93	42	119	82	106	191	156	123	199	210
53	99	14	48	197	149	79	33	25	45
20	79	210	216	28	119	92	33	107	80
50	77	26	42	174	109	83	104	96	154
194	28	72	12	50	57	103	34	325	42
52	76	66	127	107	120	73	88	198	112
104	20	69	55	127	66	183	122	43	90
71	159	51	73	24	153	10	132	121	120
28	55	198	137	44	84	160	78	45	49
256	83	67	111	286	22	85	101	14	85
171	77	30	103	114	90	159	117	30	138
153	224	38	134	106	84	55	105	174	8
60	98	26	77	37	56	60	113	77	72
161	166	123	52	181	32	177	3	46	53
130	33	175	75	135	183	32	130	113	73
181	70	61	151	55	146	16	133	50	68
84	29	30	106	28	43	61	93	86	12
3	25	22	23	183	17	149	61	107	66
52	49	102	105	37	117	3	53	75	147
147	193	30	101	33	25	33	73	83	107
53	31	28	43	51	151	118	274	55	67
190	51	48	73	31	162	58	130	121	172
4	16	128	257	143	20	110	98	288	190
150	177	50	106	95	141	191	83	137	179
155	192	129	41	150	161	147	102	42	152
86	16	73	161	77	39	73	76	40	101
29	95	51	141	49	128	155	121	194	214
11	46	99	123	197	71	281	37	44	87
31	58	46	145	14	40	24	73	260	96
23	166	154	44	185	72	47	20	136	92
69	96	69	225	169	61	51	14	145	6
14	50	68	121	17	66	107	96	73	106
60	190	59	18	107	92	137	69	116	110
33	11	151	121	91	118	104	61	76	51
91	163	55	61	96	55	78	165	145	35
120	71	122	259	138	46	170	118	18	39
29	58	40	75	80	266	37	88	26	113
47	45	126	111	85	201	314	79	135	146
89	286	182	67	17	77	66	81	42	26
51	65	53	117	121	94	206	74	58	40
16	51	117	72	30	239	27	195	64	122
121	156	74	135	109	88	34	60	307	164
206	150	72	33	21	28	55	43	10	4
173	115	45	39	153	62	160	8	152	81
56	0	129	0	97	0	37	1	210	0
66	303	74	26	134	301	141	275	56	24
105	106	70	72	142	82	111	93	68	37
43	72	310	15	70	73	136	30	87	135
181	154	49	234	164	50	105	39	31	376
98	41	159	68	80	6	18	122	71	55
171	95	10	63	75	122	21	246	13	87
184	56	82	81	145	129	12	84	60	109
123	110	38	151	78	207	46	58	56	120
164	0	134	0	36	0	49	0	188	0
150	172	131	40	45	122	33	120	12	33
10	0	162	0	250	0	113	0	100	2
95	103	3	16	76	22	34	97	73	94
83	58	38	57	66	121	30	16	50	73
45	86	39	21	15	52	121	139	103	246
94	262	15	217	94	107	198	204	72	238
58	74	263	47	157	24	35	100	224	57
108	68	586	175	191	186	77	104	141	46
54	68	35	145	87	23	186	202	96	34
113	163	261	182	23	153	23	59	62	30
48	70	83	53	9	328	113	150	124	91
68	33	70	47	71	126	90	41	153	209
102	12	216	66	46	53	77	98	114	36
63	119	213	54	244	193	156	206	79	37
172	117	29	25	153	200	298	60	72	95
63	118	144	36	197	225	134	99	63	51
95	65	75	65	70	76	36	44	32	129
85	30	45	147	5	60	152	115	57	13
214	119	172	116	17	49	164	229	101	66
21	36	115	167	34	150	74	37	250	63
25	102	55	51	99	96	26	51	154	245
95	164	36	108	224	179	33	27	159	286
143	83	80	13	5	43	165	107	71	93
92	181	54	22	104	32	254	104	12	88
25	48	10	75	91	16	84	241	40	61
44	138	14	35	131	141	128	62	158	19
98	44	30	59	234	129	47	236	85	113
51	178	88	185	42	116	58	216	125	125
128	237	226	29	177	138	59	83	10	52
56	147	254	252	59	58	35	112	26	18
6	34	41	76	112	54	77	375	127	40
139	234	28	44	192	77	83	124	117	83
71	155	35	177	24	32	77	215	174	53
169	86	57	95	179	36	119	163	11	20
171	288	36	160	115	99	207	96	76	124
173	108	222	137	33	35	99	253	63	127
41	82	66	125	19	76	62	69	68	207
296	65	150	90	92	104	99	247	174	170
21	56	127	349	115	83	276	19	90	66
183	262	234	54	56	74	9	32	15	132
127	88	59	123	80	23	321	94	148	232
48	162	124	247	265	66	84	61	12	62
117	363	44	270	96	182	39	46	246	162
171	66	89	59	52	41	17	205	20	39
298	75	24	99	70	67	38	40	68	5
332	59	156	64	122	40	54	193	41	103
130	224	30	55	99	99	53	104	126	72
12	102	185	17	99	148	29	64	244	92
267	105	79	63	65	34	105	86	96	73
86	130	180	165	43	130	85	221	125	94
47	131	94	350	54	81	30	19	16	118
151	188	32	193	92	65	110	17	29	126
103	223	27	81	163	45	112	110	136	213
142	85	134	120	27	138	92	119	153	107
38	44	125	53	104	143	142	241	131	66
58	19	66	61	72	198	50	72	67	63
122	88	71	135	154	110	64	155	55	122
30	48	29	56	107	35	50	85	58	174
308	191	44	117	91	177	137	146	62	290
50	21	123	113	96	22	42	90	52	29
141	163	72	115	79	261	151	49	179	95
144	141	135	113	84	203	12	76	175	122
38	62	126	108	36	26	55	18	31	7
192	85	164	136	158	95	46	112	220	45
48	126	267	119	66	264	25	53	55	169
152	117	259	47	134	51	14	87	183	59
145	79	18	149	81	186	142	75	72	50
143	45	29	241	23	187	140	108	267	11
127	92	69	70	112	30	66	91	69	54
34	103	154	96	65	17	195	168	140	69
142	53	127	103	34	66	115	44	157	165
70	152	71	121	69	45	48	135	10	143
49	90	121	55	131	34	58	71	161	270
51	34	66	47	77	73	122	209	88	17
110	95	150	129	77	111	122	163	60	129
197	136	145	114	16	61	61	156	72	114
101	93	96	100	120	131	20	150	276	290
70	19	33	85	110	126	280	77	16	75
160	41	142	145	96	175	59	148	100	173
69	126	123	164	78	80	25	95	128	64
121	285	112	49	208	27	135	190	10	57
12	0	203	0	93	0	53	0	56	0
63	24	224	90	93	69	99	69	37	51
77	46	245	186	155	94	64	69	47	16
65	129	75	63	47	110	73	65	91	106
31	59	108	64	35	131	81	25	79	119
137	154	134	40	75	24	22	19	122	168
121	125	171	83	113	44	156	169	37	28
160	245	78	220	462	50	113	104	64	83
9	176	29	92	69	104	10	80	166	125
69	78	179	99	109	51	34	170	131	116
215	79	38	145	174	110	274	84	180	73
20	212	55	92	115	133	76	157	57	83
203	158	12	155	125	174	75	101	119	70
126	103	21	51	45	98	127	68	118	29
74	124	20	123	62	41	65	67	86	40
36	37	139	31	56	84	61	110	117	130
43	195	53	24	99	75	57	147	31	25
107	28	158	23	158	123	16	132	61	199
25	96	39	51	49	52	237	72	65	155
97	26	111	31	97	193	87	238	39	98
128	116	70	84	103	29	169	177	54	48
94	74	36	128	104	205	43	21	49	133
34	44	62	71	73	39	14	34	54	51
187	95	48	29	188	106	266	60	264	181
137	328	91	24	64	220	38	124	71	218
120	58	142	0	61	18	212	40	116	137
25	246	127	27	15	36	147	29	105	58
75	98	125	83	114	27	94	106	53	71
61	38	86	137	33	83	51	109	29	86
128	66	89	68	138	210	50	9	111	212
24	132	16	58	108	245	164	102	145	95
138	61	28	45	101	125	59	86	41	159
169	97	180	190	153	62	66	61	89	52
106	26	174	203	116	114	9	131	166	76
46	169	154	113	100	104	175	9	115	126
76	1	62	97	59	66	58	72	62	38
184	92	268	157	50	81	74	30	97	183
35	185	150	261	84	58	184	45	190	69
81	79	49	102	109	224	124	4	40	65
49	205	99	65	129	284	123	101	126	73
30	0	184	0	211	0	41	0	124	0
123	225	54	117	32	19	109	154	67	131
40	172	85	103	171	105	93	62	100	84
133	39	88	45	252	31	34	118	51	41
52	38	37	25	218	100	58	110	74	54
91	3	20	74	168	221	83	152	83	99
19	65	283	67	82	52	63	63	29	144
51	45	126	128	97	51	81	60	150	143
201	181	180	52	122	114	91	40	137	81
25	137	91	52	144	100	127	89	90	33
29	30	69	47	53	91	347	103	178	74
14	146	67	109	282	37	108	103	238	98
140	100	184	66	47	161	53	81	107	115
78	46	26	31	117	128	46	82	29	122
161	17	24	51	36	151	48	177	84	132
16	88	164	34	105	61	117	31	169	35
42	21	52	90	76	204	79	113	18	67
108	270	276	98	38	193	72	64	111	64
35	146	173	84	65	33	65	61	68	122
124	211	160	80	48	148	39	151	140	47
45	36	181	102	186	181	228	295	74	156
24	147	136	51	64	56	40	171	202	53
22	70	50	114	102	65	71	25	205	85
123	69	105	94	194	36	23	67	86	3
130	123	65	73	249	212	63	182	25	276
79	28	61	100	281	255	114	12	8	166
53	40	76	57	85	27	12	29	128	203
55	108	125	161	15	115	260	34	66	37
63	109	143	154	285	127	80	42	39	36
24	80	239	55	15	183	53	58	74	148
98	108	149	115	34	34	362	124	33	91
144	78	31	97	97	115	129	147	181	119
81	0	189	0	39	0	91	11	32	1
53	176	101	40	139	122	127	45	201	30
118	250	146	67	31	28	152	102	137	8
81	74	220	162	92	110	47	125	68	63
248	26	31	105	206	196	182	124	74	273
31	200	50	77	108	115	63	51	35	109
59	77	68	30	54	128	125	296	66	53
75	86	51	46	109	69	283	91	93	62
160	189	35	96	6	108	31	252	134	152
174	106	62	106	154	93	169	70	28	111
168	103	30	44	64	126	60	208	189	41
163	50	24	57	102	102	63	189	30	80
107	126	176	88	386	94	14	46	92	55
88	113	56	47	285	206	74	263	54	56
29	90	39	83	128	165	79	191	114	66
75	418	27	113	52	62	37	130	65	119
86	87	12	75	86	118	59	86	118	34
55	31	114	181	342	196	51	90	206	56
156	155	46	78	117	50	121	67	111	126
39	37	141	110	96	72	123	204	395	174
206	111	205	36	76	5	162	128	9	85
118	111	98	114	159	96	248	31	59	175
93	104	114	195	73	93	62	93	77	52
22	82	83	178	55	5	59	181	89	116
82	30	36	25	85	283	68	141	192	53
164	129	117	110	57	337	85	147	48	35
193	175	31	128	67	75	102	66	116	239
151	68	160	62	155	75	194	160	53	105
35	75	95	33	99	177	99	46	30	59
181	86	32	40	111	163	282	158	202	93
52	58	123	57	37	22	157	207	125	139
36	158	83	113	77	46	57	300	175	85
240	87	96	44	100	82	170	91	165	55
109	0	202	0	42	37	74	0	106	0
70	85	40	57	28	72	80	248	204	112
82	68	367	200	74	49	92	73	170	52
186	102	74	48	91	108	232	112	92	81
62	57	137	14	25	76	48	17	77	82
217	200	24	294	70	38	116	70	174	75
162	195	107	60	153	33	134	40	67	212
57	164	83	165	25	25	129	267	209	54
109	81	207	111	126	117	129	118	137	46
38	39	5	12	79	47	155	10	241	35
94	195	233	31	175	45	85	107	144	80
327	73	51	30	188	81	98	101	83	138
73	44	78	123	61	24	52	137	67	101
58	56	93	80	69	269	12	15	7	196
46	115	130	93	180	109	100	77	102	122
46	68	78	54	285	138	79	70	83	29
45	30	150	78	76	104	81	161	84	57
149	238	104	27	327	53	143	295	93	138
34	46	91	138	170	9	133	134	129	34
156	89	71	89	81	74	100	30	44	135
38	81	152	20	260	22	27	107	143	41
69	86	190	175	19	98	81	111	118	104
173	208	116	162	59	115	7	44	48	35
65	41	211	16	38	26	60	167	57	6
164	90	155	84	35	240	122	141	122	11
109	50	173	91	79	323	41	122	92	91
208	214	213	91	76	191	156	47	177	165
144	118	115	2	136	167	65	110	109	98
71	129	188	84	30	35	318	243	56	14
147	63	110	42	118	61	11	153	104	157
40	119	41	49	33	25	58	140	72	84
51	28	37	37	105	18	60	94	140	194
395	138	182	76	63	43	49	71	67	249
109	57	84	71	66	96	174	32	179	110
67	72	20	61	95	30	140	129	24	239
136	40	162	140	76	117	97	94	33	69
84	137	95	138	83	40	94	101	110	123
155	47	97	276	47	111	76	12	84	35
31	133	369	93	125	60	14	8	250	13
30	92	51	70	54	170	22	31	72	47
16	130	32	200	56	32	148	233	8	43
82	68	31	89	83	81	178	83	99	9
109	85	60	132	79	56	58	96	72	52
48	172	35	50	52	103	131	98	64	204
