test	num_na	corr_pearson	corr_spearman	sim	rep	rd	mode
ENRICH2_effects	0	0.794071612402051	0.6857194857443615	sim1	rep1	rd1	nopos
ROSACE_effects	0	0.7825308762198178	0.6842378014458378	sim1	rep1	rd1	nopos
ROSACENP_effects	0	0.6685553409468867	0.6560559907181236	sim1	rep1	rd1	nopos
SLR_effects	0	0.794071612402051	0.6857194857443615	sim1	rep1	rd1	nopos
DIMSUM_effects	10	0.7927466290685997	0.6858656408015987	sim1	rep1	rd1	nopos
ENRICH2_effects	0	0.785023893237337	0.6814039760978122	sim10	rep1	rd1	nopos
ROSACE_effects	0	0.7737568189775866	0.6800240646283922	sim10	rep1	rd1	nopos
ROSACENP_effects	0	0.6588178624526299	0.6504819680537177	sim10	rep1	rd1	nopos
SLR_effects	0	0.785023893237337	0.6814039760978122	sim10	rep1	rd1	nopos
DIMSUM_effects	11	0.7833015309871393	0.6815583627091341	sim10	rep1	rd1	nopos
ENRICH2_effects	0	0.7801330887491751	0.6569546290819499	sim2	rep1	rd1	nopos
ROSACE_effects	1	0.7568054533728368	0.65413751882169	sim2	rep1	rd1	nopos
ROSACENP_effects	1	0.6737035618460794	0.6374264261419063	sim2	rep1	rd1	nopos
SLR_effects	1	0.7801650211208822	0.6569756317979903	sim2	rep1	rd1	nopos
DIMSUM_effects	5	0.7783238328354847	0.6569952674159665	sim2	rep1	rd1	nopos
ENRICH2_effects	0	0.7851159609856619	0.6758229491273664	sim3	rep1	rd1	nopos
ROSACE_effects	1	0.7723368496325936	0.673883433382036	sim3	rep1	rd1	nopos
ROSACENP_effects	1	0.682558719463686	0.6540172957454096	sim3	rep1	rd1	nopos
SLR_effects	1	0.7851162223328405	0.6758439588282505	sim3	rep1	rd1	nopos
DIMSUM_effects	8	0.7834902808489073	0.675912187502003	sim3	rep1	rd1	nopos
ENRICH2_effects	0	0.7906858757713375	0.6856027966019113	sim4	rep1	rd1	nopos
ROSACE_effects	0	0.780352734958192	0.6844039518004754	sim4	rep1	rd1	nopos
ROSACENP_effects	0	0.6825526343755468	0.6628393190766714	sim4	rep1	rd1	nopos
SLR_effects	0	0.7906858757713375	0.6856027959063071	sim4	rep1	rd1	nopos
DIMSUM_effects	10	0.7896776644703014	0.6857477246002731	sim4	rep1	rd1	nopos
ENRICH2_effects	0	0.7885823771523041	0.6800442286570346	sim5	rep1	rd1	nopos
ROSACE_effects	2	0.7741253803751043	0.6782883957175068	sim5	rep1	rd1	nopos
ROSACENP_effects	2	0.6767770266057205	0.655801414199186	sim5	rep1	rd1	nopos
SLR_effects	2	0.7886130391092065	0.6800865279864496	sim5	rep1	rd1	nopos
DIMSUM_effects	7	0.7862163062241724	0.68013008424149	sim5	rep1	rd1	nopos
ENRICH2_effects	0	0.7896824132821747	0.6758651400268677	sim6	rep1	rd1	nopos
ROSACE_effects	2	0.7755354557735852	0.673887704893082	sim6	rep1	rd1	nopos
ROSACENP_effects	2	0.6599324452969455	0.6459591573761416	sim6	rep1	rd1	nopos
SLR_effects	2	0.7897087756052659	0.6759071806192962	sim6	rep1	rd1	nopos
DIMSUM_effects	5	0.7865722865979838	0.6759098319310941	sim6	rep1	rd1	nopos
ENRICH2_effects	0	0.7896561552191711	0.680364101968792	sim7	rep1	rd1	nopos
ROSACE_effects	0	0.7730273465286631	0.678107649595366	sim7	rep1	rd1	nopos
ROSACENP_effects	0	0.6677648951007986	0.6530779870933505	sim7	rep1	rd1	nopos
SLR_effects	0	0.7896561552191711	0.680364101968792	sim7	rep1	rd1	nopos
DIMSUM_effects	9	0.788147207040049	0.6804970937642495	sim7	rep1	rd1	nopos
ENRICH2_effects	0	0.7841051217000847	0.6629022960128883	sim8	rep1	rd1	nopos
ROSACE_effects	0	0.7641137915061414	0.6606043214922106	sim8	rep1	rd1	nopos
ROSACENP_effects	0	0.6699928197866041	0.6401546446762748	sim8	rep1	rd1	nopos
SLR_effects	0	0.7841051217000847	0.6629022960128883	sim8	rep1	rd1	nopos
DIMSUM_effects	7	0.7822876216050306	0.6629843083151395	sim8	rep1	rd1	nopos
ENRICH2_effects	0	0.7867062055212061	0.6738393436223323	sim9	rep1	rd1	nopos
ROSACE_effects	0	0.7717056001553725	0.6718967582512843	sim9	rep1	rd1	nopos
ROSACENP_effects	0	0.6616461658663156	0.6461183523490595	sim9	rep1	rd1	nopos
SLR_effects	0	0.7867062055212061	0.6738393436223323	sim9	rep1	rd1	nopos
DIMSUM_effects	8	0.7851877333961783	0.6739366411510416	sim9	rep1	rd1	nopos
ENRICH2_effects	0	0.7431270738474458	0.6693772383537077	sim1	rep1	rd3	nopos
ROSACE_effects	0	0.7265121742722571	0.6776174563946169	sim1	rep1	rd3	nopos
ROSACENP_effects	0	0.7454993305924253	0.6782852072043977	sim1	rep1	rd3	nopos
SLR_effects	0	0.6447934996578123	0.6739179777092094	sim1	rep1	rd3	nopos
EDGER_effects	0	0.6918634247546585	0.6737763585811357	sim1	rep1	rd3	nopos
LIMMA_effects	0	0.7151553161049325	0.6716442080873603	sim1	rep1	rd3	nopos
DIMSUM_effects	0	0.46966010564840344	0.47155011768602767	sim1	rep1	rd3	nopos
ENRICH2_effects	0	0.7401247276085856	0.6696229462107449	sim10	rep1	rd3	nopos
ROSACE_effects	0	0.7251116780189178	0.6779683720146786	sim10	rep1	rd3	nopos
ROSACENP_effects	0	0.7463594892427862	0.6786862650095634	sim10	rep1	rd3	nopos
SLR_effects	0	0.6389074341946047	0.6743331421478777	sim10	rep1	rd3	nopos
EDGER_effects	0	0.6875056017558915	0.6742612985553331	sim10	rep1	rd3	nopos
LIMMA_effects	0	0.7122595027336487	0.6718826209187093	sim10	rep1	rd3	nopos
DIMSUM_effects	0	0.4811245411696266	0.48068399379236304	sim10	rep1	rd3	nopos
ENRICH2_effects	0	0.7216305306814758	0.6424483069922502	sim2	rep1	rd3	nopos
ROSACE_effects	0	0.7029184256928294	0.6507156596597763	sim2	rep1	rd3	nopos
ROSACENP_effects	0	0.725370160426905	0.6515603776942278	sim2	rep1	rd3	nopos
SLR_effects	0	0.6170084854935708	0.6469779767308879	sim2	rep1	rd3	nopos
EDGER_effects	0	0.6664601838911363	0.6470900491645076	sim2	rep1	rd3	nopos
LIMMA_effects	0	0.693012006712594	0.6431029022871858	sim2	rep1	rd3	nopos
DIMSUM_effects	0	0.44783139290146134	0.44931250262811334	sim2	rep1	rd3	nopos
ENRICH2_effects	0	0.7281483921615877	0.6587933654366709	sim3	rep1	rd3	nopos
ROSACE_effects	0	0.7178983117540088	0.6698534385997761	sim3	rep1	rd3	nopos
ROSACENP_effects	0	0.7393522451842267	0.6705185302562784	sim3	rep1	rd3	nopos
SLR_effects	0	0.6289991643911677	0.6651142894510019	sim3	rep1	rd3	nopos
EDGER_effects	0	0.6759400448960965	0.6650253954738913	sim3	rep1	rd3	nopos
LIMMA_effects	0	0.7029705133958283	0.6618473000399275	sim3	rep1	rd3	nopos
DIMSUM_effects	0	0.4795222559147742	0.47847540551455714	sim3	rep1	rd3	nopos
ENRICH2_effects	0	0.7436070953183944	0.6698440848114197	sim4	rep1	rd3	nopos
ROSACE_effects	0	0.7274897381070636	0.679489705353237	sim4	rep1	rd3	nopos
ROSACENP_effects	0	0.74664212484559	0.6801214849889371	sim4	rep1	rd3	nopos
SLR_effects	0	0.6447237682947641	0.6750015402608328	sim4	rep1	rd3	nopos
EDGER_effects	0	0.6911185713910136	0.6746107925325379	sim4	rep1	rd3	nopos
LIMMA_effects	0	0.7163573212558282	0.6727686040846261	sim4	rep1	rd3	nopos
DIMSUM_effects	0	0.47538731326408146	0.4762263444664532	sim4	rep1	rd3	nopos
ENRICH2_effects	0	0.7450129007989182	0.667196819722414	sim5	rep1	rd3	nopos
ROSACE_effects	0	0.7230438813811241	0.6749660387324056	sim5	rep1	rd3	nopos
ROSACENP_effects	0	0.7444936360645452	0.6758641969118608	sim5	rep1	rd3	nopos
SLR_effects	0	0.6405116278898683	0.6716366283988113	sim5	rep1	rd3	nopos
EDGER_effects	0	0.6863472524032627	0.6715845959762388	sim5	rep1	rd3	nopos
LIMMA_effects	0	0.7197058905957529	0.6685872059556841	sim5	rep1	rd3	nopos
DIMSUM_effects	0	0.4590943170516414	0.46051182503090726	sim5	rep1	rd3	nopos
ENRICH2_effects	0	0.738660816779697	0.6607548583886935	sim6	rep1	rd3	nopos
ROSACE_effects	0	0.7210251625395663	0.6688305085302199	sim6	rep1	rd3	nopos
ROSACENP_effects	0	0.7397831064075345	0.6694261262936189	sim6	rep1	rd3	nopos
SLR_effects	0	0.6360534922306811	0.6650225076846863	sim6	rep1	rd3	nopos
EDGER_effects	0	0.6854331773566648	0.6651584959914407	sim6	rep1	rd3	nopos
LIMMA_effects	0	0.7120328278067951	0.6623927444209381	sim6	rep1	rd3	nopos
DIMSUM_effects	0	0.47154250125331343	0.4721363424903467	sim6	rep1	rd3	nopos
ENRICH2_effects	0	0.7486629899677654	0.6677336743461799	sim7	rep1	rd3	nopos
ROSACE_effects	0	0.7255094907083613	0.6758432830561933	sim7	rep1	rd3	nopos
ROSACENP_effects	0	0.747472140950425	0.6768154452281646	sim7	rep1	rd3	nopos
SLR_effects	0	0.641117977745555	0.6723493701230023	sim7	rep1	rd3	nopos
EDGER_effects	0	0.6860418430374072	0.6723528994542272	sim7	rep1	rd3	nopos
LIMMA_effects	0	0.7173839528163984	0.6694834518504258	sim7	rep1	rd3	nopos
DIMSUM_effects	0	0.47458429754993625	0.47954052509297745	sim7	rep1	rd3	nopos
ENRICH2_effects	0	0.7351403329823077	0.6499587954008685	sim8	rep1	rd3	nopos
ROSACE_effects	0	0.7130833053592205	0.6569617578465071	sim8	rep1	rd3	nopos
ROSACENP_effects	0	0.7334007400028896	0.6573882912189353	sim8	rep1	rd3	nopos
SLR_effects	0	0.6263355309332848	0.653463836759631	sim8	rep1	rd3	nopos
EDGER_effects	0	0.676618507815563	0.6536189893699879	sim8	rep1	rd3	nopos
LIMMA_effects	0	0.7059709973711666	0.6517001351652522	sim8	rep1	rd3	nopos
DIMSUM_effects	0	0.4622733252371248	0.461586147470197	sim8	rep1	rd3	nopos
ENRICH2_effects	0	0.7377022507722814	0.6581590220359127	sim9	rep1	rd3	nopos
ROSACE_effects	0	0.7124277285807303	0.6662290250633087	sim9	rep1	rd3	nopos
ROSACENP_effects	0	0.7335417491843071	0.6667078477261712	sim9	rep1	rd3	nopos
SLR_effects	0	0.6297499029157466	0.6624374061044896	sim9	rep1	rd3	nopos
EDGER_effects	0	0.676035688977955	0.6623500922904582	sim9	rep1	rd3	nopos
LIMMA_effects	0	0.7104467999061047	0.6597623382209948	sim9	rep1	rd3	nopos
DIMSUM_effects	1	0.4555655938543534	0.452525840115392	sim9	rep1	rd3	nopos
ENRICH2_effects	0	0.9171091176319344	0.6936114251443538	sim1	rep3	rd1	nopos
ROSACE_effects	0	0.9258633721784364	0.6936618678470293	sim1	rep3	rd1	nopos
ROSACENP_effects	0	0.921777832422246	0.6936770387175047	sim1	rep3	rd1	nopos
SLR_effects	0	0.9136096669672842	0.6935922101944679	sim1	rep3	rd1	nopos
EDGER_effects	0	0.91712226223003	0.6936068731540518	sim1	rep3	rd1	nopos
LIMMA_effects	0	0.913571795382235	0.6935908285255301	sim1	rep3	rd1	nopos
DIMSUM_effects	0	0.9123016627374988	0.6935501571262078	sim1	rep3	rd1	nopos
ENRICH2_effects	0	0.9154310687200566	0.6898621981051297	sim10	rep3	rd1	nopos
ROSACE_effects	0	0.9245353526474154	0.6898301825101205	sim10	rep3	rd1	nopos
ROSACENP_effects	0	0.9201000665520428	0.6898893258196582	sim10	rep3	rd1	nopos
SLR_effects	0	0.9120578296509884	0.689843629369382	sim10	rep3	rd1	nopos
EDGER_effects	0	0.915677068814552	0.6898907666598278	sim10	rep3	rd1	nopos
LIMMA_effects	0	0.9119989996323226	0.6898442712865178	sim10	rep3	rd1	nopos
DIMSUM_effects	0	0.911500774149425	0.6898237514131429	sim10	rep3	rd1	nopos
ENRICH2_effects	0	0.91036042072146	0.664162814524448	sim2	rep3	rd1	nopos
ROSACE_effects	0	0.9200018665635458	0.664150378166647	sim2	rep3	rd1	nopos
ROSACENP_effects	0	0.9154474544390768	0.6642282189342029	sim2	rep3	rd1	nopos
SLR_effects	0	0.907238035953892	0.6641475857175534	sim2	rep3	rd1	nopos
EDGER_effects	0	0.9108765713703456	0.6642225544124788	sim2	rep3	rd1	nopos
LIMMA_effects	0	0.9072123293256176	0.6641490932156097	sim2	rep3	rd1	nopos
DIMSUM_effects	0	0.90521126590077	0.6641849988078314	sim2	rep3	rd1	nopos
ENRICH2_effects	0	0.9138331849301936	0.6843831060244215	sim3	rep3	rd1	nopos
ROSACE_effects	0	0.9233599115114662	0.6843732638764317	sim3	rep3	rd1	nopos
ROSACENP_effects	0	0.9183317530166298	0.684465821596892	sim3	rep3	rd1	nopos
SLR_effects	0	0.910486503064672	0.6843731726142415	sim3	rep3	rd1	nopos
EDGER_effects	0	0.913859610842627	0.6843982019793428	sim3	rep3	rd1	nopos
LIMMA_effects	0	0.9104430213974144	0.6843706052276544	sim3	rep3	rd1	nopos
DIMSUM_effects	0	0.910179822493882	0.6843725847281755	sim3	rep3	rd1	nopos
ENRICH2_effects	0	0.9162723828011744	0.6941827639338028	sim4	rep3	rd1	nopos
ROSACE_effects	0	0.9250252386985764	0.6941610236050021	sim4	rep3	rd1	nopos
ROSACENP_effects	0	0.9208544257817632	0.6942305930658726	sim4	rep3	rd1	nopos
SLR_effects	0	0.9127966497984156	0.6941643966112832	sim4	rep3	rd1	nopos
EDGER_effects	0	0.9167687859737044	0.6941959888954891	sim4	rep3	rd1	nopos
LIMMA_effects	0	0.9127719284956928	0.6941623246219899	sim4	rep3	rd1	nopos
DIMSUM_effects	0	0.9130027439576708	0.6941370412916703	sim4	rep3	rd1	nopos
ENRICH2_effects	0	0.9148272620048208	0.6881719934314657	sim5	rep3	rd1	nopos
ROSACE_effects	0	0.92396323871416	0.6881788828145132	sim5	rep3	rd1	nopos
ROSACENP_effects	0	0.919659179375012	0.6882474812808504	sim5	rep3	rd1	nopos
SLR_effects	0	0.9114429839672062	0.6881571318016619	sim5	rep3	rd1	nopos
EDGER_effects	0	0.9152836972725036	0.6881518991147466	sim5	rep3	rd1	nopos
LIMMA_effects	0	0.9114919684391828	0.6881602885188253	sim5	rep3	rd1	nopos
DIMSUM_effects	0	0.9120384311293523	0.6880907552753612	sim5	rep3	rd1	nopos
ENRICH2_effects	0	0.9153621062421669	0.6837880718318508	sim6	rep3	rd1	nopos
ROSACE_effects	0	0.9243457983321663	0.683746887443036	sim6	rep3	rd1	nopos
ROSACENP_effects	0	0.9199190552480312	0.6838092245671916	sim6	rep3	rd1	nopos
SLR_effects	0	0.9118480862836954	0.6837736351823185	sim6	rep3	rd1	nopos
EDGER_effects	0	0.9154813902947008	0.683809215571689	sim6	rep3	rd1	nopos
LIMMA_effects	0	0.9118146067988712	0.6837737563634524	sim6	rep3	rd1	nopos
DIMSUM_effects	0	0.9112035617823786	0.6837720315403968	sim6	rep3	rd1	nopos
ENRICH2_effects	0	0.9149045707921974	0.6877813655334037	sim7	rep3	rd1	nopos
ROSACE_effects	0	0.9234344154163884	0.6877396326017726	sim7	rep3	rd1	nopos
ROSACENP_effects	0	0.919498567913007	0.6878317922335192	sim7	rep3	rd1	nopos
SLR_effects	0	0.91156818189048	0.6877638375390464	sim7	rep3	rd1	nopos
EDGER_effects	0	0.9156551100497894	0.6877919317511979	sim7	rep3	rd1	nopos
LIMMA_effects	0	0.9116505272522888	0.6877687801308238	sim7	rep3	rd1	nopos
DIMSUM_effects	0	0.9119497083146024	0.6877399790416159	sim7	rep3	rd1	nopos
ENRICH2_effects	0	0.9111995438311308	0.670318623380282	sim8	rep3	rd1	nopos
ROSACE_effects	0	0.9208421277403548	0.6703332347125899	sim8	rep3	rd1	nopos
ROSACENP_effects	0	0.915985078906983	0.6703721774421849	sim8	rep3	rd1	nopos
SLR_effects	0	0.9078797001953532	0.6703043932559063	sim8	rep3	rd1	nopos
EDGER_effects	0	0.9120013576391166	0.6703487354017014	sim8	rep3	rd1	nopos
LIMMA_effects	0	0.9079910831441766	0.6703069926745329	sim8	rep3	rd1	nopos
DIMSUM_effects	0	0.9083099561916562	0.6703220183042438	sim8	rep3	rd1	nopos
ENRICH2_effects	0	0.9154024816042968	0.682694068224434	sim9	rep3	rd1	nopos
ROSACE_effects	0	0.9244142467963437	0.6826959801783935	sim9	rep3	rd1	nopos
ROSACENP_effects	0	0.9201737826037268	0.6827492430843243	sim9	rep3	rd1	nopos
SLR_effects	0	0.9126192293476452	0.6826817154122826	sim9	rep3	rd1	nopos
EDGER_effects	0	0.9154985514057354	0.6826998077663411	sim9	rep3	rd1	nopos
LIMMA_effects	0	0.9126249971299892	0.6826825153411247	sim9	rep3	rd1	nopos
DIMSUM_effects	0	0.9124477288427612	0.6826433844218894	sim9	rep3	rd1	nopos
ENRICH2_effects	0	0.8783970664826345	0.691788045191012	sim1	rep3	rd3	nopos
ROSACE_effects	0	0.8802966218530719	0.6927566501312485	sim1	rep3	rd3	nopos
ROSACENP_effects	0	0.8788745648203342	0.6928239796072733	sim1	rep3	rd3	nopos
SLR_effects	0	0.8249050906438876	0.6926254674196256	sim1	rep3	rd3	nopos
EDGER_effects	0	0.8688024617817824	0.6926041855622642	sim1	rep3	rd3	nopos
LIMMA_effects	0	0.8675848483389896	0.6926903721519859	sim1	rep3	rd3	nopos
DIMSUM_effects	0	0.6816102937978668	0.6304008646627508	sim1	rep3	rd3	nopos
ENRICH2_effects	0	0.8758260721557636	0.6884686955212128	sim10	rep3	rd3	nopos
ROSACE_effects	0	0.8777230335246262	0.6892404882281287	sim10	rep3	rd3	nopos
ROSACENP_effects	0	0.8764152992142701	0.6893381163680206	sim10	rep3	rd3	nopos
SLR_effects	0	0.8226335444130729	0.6892522441043984	sim10	rep3	rd3	nopos
EDGER_effects	0	0.8681486063158497	0.6891798685819918	sim10	rep3	rd3	nopos
LIMMA_effects	0	0.8638438265098147	0.6892558832288531	sim10	rep3	rd3	nopos
DIMSUM_effects	0	0.6772118796744624	0.623345328773306	sim10	rep3	rd3	nopos
ENRICH2_effects	0	0.8645836743923149	0.6629049077722932	sim2	rep3	rd3	nopos
ROSACE_effects	0	0.8668840687289496	0.6636767776139465	sim2	rep3	rd3	nopos
ROSACENP_effects	0	0.8648973342222105	0.6637491735123255	sim2	rep3	rd3	nopos
SLR_effects	0	0.809170619674775	0.663658814472401	sim2	rep3	rd3	nopos
EDGER_effects	0	0.8589943858100516	0.6637223555993395	sim2	rep3	rd3	nopos
LIMMA_effects	0	0.8510401554687352	0.663693930600066	sim2	rep3	rd3	nopos
DIMSUM_effects	0	0.6619330939376952	0.6005546736149057	sim2	rep3	rd3	nopos
ENRICH2_effects	0	0.8757298315698083	0.6826652385062002	sim3	rep3	rd3	nopos
ROSACE_effects	0	0.8763148143384291	0.6835422400060747	sim3	rep3	rd3	nopos
ROSACENP_effects	0	0.8751575868094293	0.6836610302781443	sim3	rep3	rd3	nopos
SLR_effects	0	0.8203969025544778	0.6835395238000058	sim3	rep3	rd3	nopos
EDGER_effects	0	0.8645073741467775	0.6834245220994676	sim3	rep3	rd3	nopos
LIMMA_effects	0	0.8674140976265966	0.6835484885887395	sim3	rep3	rd3	nopos
DIMSUM_effects	0	0.6776580045423276	0.6194632353315466	sim3	rep3	rd3	nopos
ENRICH2_effects	0	0.8749005137644168	0.6928026129259576	sim4	rep3	rd3	nopos
ROSACE_effects	0	0.8753668573808576	0.6935560931360629	sim4	rep3	rd3	nopos
ROSACENP_effects	0	0.8745436484901877	0.6936464808096128	sim4	rep3	rd3	nopos
SLR_effects	0	0.8205442834537113	0.6935102091959642	sim4	rep3	rd3	nopos
EDGER_effects	0	0.864809469984434	0.6935889092618045	sim4	rep3	rd3	nopos
LIMMA_effects	0	0.8627138678175842	0.6935446294476533	sim4	rep3	rd3	nopos
DIMSUM_effects	0	0.6779832741916869	0.6245010521648791	sim4	rep3	rd3	nopos
ENRICH2_effects	0	0.8731133001398905	0.6867180160601918	sim5	rep3	rd3	nopos
ROSACE_effects	0	0.8758631710951144	0.6877103680847925	sim5	rep3	rd3	nopos
ROSACENP_effects	0	0.8748650744814446	0.6878055864252655	sim5	rep3	rd3	nopos
SLR_effects	0	0.8212854764068674	0.6877055191729448	sim5	rep3	rd3	nopos
EDGER_effects	0	0.8660517912992096	0.6876200177028475	sim5	rep3	rd3	nopos
LIMMA_effects	0	0.8632136142851483	0.6876562429890077	sim5	rep3	rd3	nopos
DIMSUM_effects	0	0.6755414662082323	0.6200514315412066	sim5	rep3	rd3	nopos
ENRICH2_effects	0	0.8741344086627064	0.6826548517853024	sim6	rep3	rd3	nopos
ROSACE_effects	0	0.8737879672221063	0.6833717038811356	sim6	rep3	rd3	nopos
ROSACENP_effects	0	0.8725304211185049	0.6834262321347258	sim6	rep3	rd3	nopos
SLR_effects	0	0.8178066873839455	0.683291957004532	sim6	rep3	rd3	nopos
EDGER_effects	0	0.8643373422882898	0.6832840010485659	sim6	rep3	rd3	nopos
LIMMA_effects	0	0.8628945773178806	0.6833999935349241	sim6	rep3	rd3	nopos
DIMSUM_effects	0	0.676163575723356	0.620436714109259	sim6	rep3	rd3	nopos
ENRICH2_effects	0	0.8759968296206024	0.6864266341740513	sim7	rep3	rd3	nopos
ROSACE_effects	0	0.8725899179047427	0.6870696398195798	sim7	rep3	rd3	nopos
ROSACENP_effects	0	0.8723116541924977	0.6872060771798456	sim7	rep3	rd3	nopos
SLR_effects	0	0.8191279621339108	0.6870153395990313	sim7	rep3	rd3	nopos
EDGER_effects	0	0.8654070140319476	0.6871845968533469	sim7	rep3	rd3	nopos
LIMMA_effects	0	0.8656629446387579	0.6871084131662499	sim7	rep3	rd3	nopos
DIMSUM_effects	0	0.6723294256600166	0.6183209847682941	sim7	rep3	rd3	nopos
ENRICH2_effects	0	0.8662414239865661	0.6691424731709871	sim8	rep3	rd3	nopos
ROSACE_effects	0	0.8672138090829844	0.6698007961934405	sim8	rep3	rd3	nopos
ROSACENP_effects	0	0.8650305959417268	0.6698755796540958	sim8	rep3	rd3	nopos
SLR_effects	0	0.8087067403011177	0.6698059706063063	sim8	rep3	rd3	nopos
EDGER_effects	0	0.8559501306405365	0.6698119573124732	sim8	rep3	rd3	nopos
LIMMA_effects	0	0.852440120516665	0.6697447677586796	sim8	rep3	rd3	nopos
DIMSUM_effects	0	0.6584506173707776	0.5985219206005563	sim8	rep3	rd3	nopos
ENRICH2_effects	0	0.8710565019141101	0.6812259706474132	sim9	rep3	rd3	nopos
ROSACE_effects	0	0.8714046980896238	0.6819681345457893	sim9	rep3	rd3	nopos
ROSACENP_effects	0	0.8709133495659693	0.6819937796515919	sim9	rep3	rd3	nopos
SLR_effects	0	0.8155839563452234	0.6817480545644716	sim9	rep3	rd3	nopos
EDGER_effects	0	0.8631308408247711	0.6819559757507208	sim9	rep3	rd3	nopos
LIMMA_effects	0	0.8634154953800272	0.6819675094580966	sim9	rep3	rd3	nopos
DIMSUM_effects	0	0.675036251830268	0.6160628789731889	sim9	rep3	rd3	nopos
ENRICH2_effects	0	0.7939099348788892	0.6839528397404026	sim1	rep1	rd1	pos
ROSACE_effects	0	0.8327377065451799	0.6887546383762452	sim1	rep1	rd1	pos
ROSACENP_effects	0	0.6707072890461063	0.6545575123829601	sim1	rep1	rd1	pos
SLR_effects	0	0.7939099348788892	0.6839528397404026	sim1	rep1	rd1	pos
DIMSUM_effects	5	0.7910140789202396	0.6839905721814968	sim1	rep1	rd1	pos
ENRICH2_effects	0	0.7968279418051403	0.7050807195646949	sim10	rep1	rd1	pos
ROSACE_effects	0	0.834425767361797	0.7105739531486184	sim10	rep1	rd1	pos
ROSACENP_effects	0	0.6749716229022293	0.6722937270050823	sim10	rep1	rd1	pos
SLR_effects	0	0.7968279418051403	0.7050807195646949	sim10	rep1	rd1	pos
DIMSUM_effects	19	0.7979032018594039	0.7054188394031042	sim10	rep1	rd1	pos
ENRICH2_effects	0	0.7789574864328203	0.6609369780780043	sim2	rep1	rd1	pos
ROSACE_effects	0	0.8205903694748714	0.6662304592158511	sim2	rep1	rd1	pos
ROSACENP_effects	0	0.6656635296917726	0.6372789082235958	sim2	rep1	rd1	pos
SLR_effects	0	0.7789574864328203	0.6609369780780043	sim2	rep1	rd1	pos
DIMSUM_effects	2	0.7753015444927243	0.6609053382669134	sim2	rep1	rd1	pos
ENRICH2_effects	0	0.7870749565535728	0.675830839455095	sim3	rep1	rd1	pos
ROSACE_effects	1	0.8278232588391387	0.6812907761316825	sim3	rep1	rd1	pos
ROSACENP_effects	1	0.6652934784816169	0.6478472427702615	sim3	rep1	rd1	pos
SLR_effects	1	0.7870936825064977	0.6758518612787453	sim3	rep1	rd1	pos
DIMSUM_effects	5	0.784006511489971	0.675872490821615	sim3	rep1	rd1	pos
ENRICH2_effects	0	0.7831485139378909	0.6685718286249595	sim4	rep1	rd1	pos
ROSACE_effects	2	0.8245956767156404	0.6741161922080497	sim4	rep1	rd1	pos
ROSACENP_effects	2	0.6629418642663001	0.6425071405717357	sim4	rep1	rd1	pos
SLR_effects	2	0.7832038930674919	0.6686157398921053	sim4	rep1	rd1	pos
DIMSUM_effects	9	0.7816560893516549	0.6686860979169998	sim4	rep1	rd1	pos
ENRICH2_effects	0	0.7755375410846791	0.6459306249627533	sim5	rep1	rd1	pos
ROSACE_effects	0	0.8178459261722082	0.6507643758881752	sim5	rep1	rd1	pos
ROSACENP_effects	0	0.6305853994577117	0.6141387100880494	sim5	rep1	rd1	pos
SLR_effects	0	0.7755375410846791	0.6459306249627533	sim5	rep1	rd1	pos
DIMSUM_effects	4	0.7727531419054557	0.645951516285746	sim5	rep1	rd1	pos
ENRICH2_effects	0	0.7859683664947882	0.6566375196539483	sim6	rep1	rd1	pos
ROSACE_effects	0	0.8276609461199766	0.661333539993832	sim6	rep1	rd1	pos
ROSACENP_effects	0	0.6709847014817417	0.63494704638186	sim6	rep1	rd1	pos
SLR_effects	0	0.7859683664947882	0.6566375196539483	sim6	rep1	rd1	pos
DIMSUM_effects	7	0.7843013213606214	0.6567249457981243	sim6	rep1	rd1	pos
ENRICH2_effects	0	0.7902833420134859	0.6893562225355006	sim7	rep1	rd1	pos
ROSACE_effects	0	0.8298252646901899	0.6948431218832349	sim7	rep1	rd1	pos
ROSACENP_effects	0	0.6932905245212408	0.6685090348662976	sim7	rep1	rd1	pos
SLR_effects	0	0.7902833420134859	0.6893562225355006	sim7	rep1	rd1	pos
DIMSUM_effects	9	0.7883777407702885	0.6894841806416118	sim7	rep1	rd1	pos
ENRICH2_effects	0	0.7867370017770032	0.6743083880624604	sim8	rep1	rd1	pos
ROSACE_effects	0	0.8271299082053069	0.6792835013761382	sim8	rep1	rd1	pos
ROSACENP_effects	0	0.6698187651243244	0.6496389094316125	sim8	rep1	rd1	pos
SLR_effects	0	0.7867370017770032	0.6743083880659048	sim8	rep1	rd1	pos
DIMSUM_effects	8	0.7847842271644052	0.6744278071238003	sim8	rep1	rd1	pos
ENRICH2_effects	0	0.7934443774635312	0.6814469279253725	sim9	rep1	rd1	pos
ROSACE_effects	1	0.8341098231125037	0.686048145557922	sim9	rep1	rd1	pos
ROSACENP_effects	1	0.6873516318422049	0.6593600331075339	sim9	rep1	rd1	pos
SLR_effects	1	0.7934678622383153	0.6814686213344673	sim9	rep1	rd1	pos
DIMSUM_effects	5	0.7909127675694796	0.6815000403971804	sim9	rep1	rd1	pos
ENRICH2_effects	0	0.7427235172802799	0.667870137324385	sim1	rep1	rd3	pos
ROSACE_effects	0	0.779894686037292	0.6864375206780261	sim1	rep1	rd3	pos
ROSACENP_effects	0	0.7458744720866279	0.6781601016086786	sim1	rep1	rd3	pos
SLR_effects	0	0.6425817546457002	0.6731019677904049	sim1	rep1	rd3	pos
EDGER_effects	0	0.6892918176351684	0.6728481194929841	sim1	rep1	rd3	pos
LIMMA_effects	0	0.7158109743640159	0.6701521570857553	sim1	rep1	rd3	pos
DIMSUM_effects	0	0.48095284353960766	0.48180521552602673	sim1	rep1	rd3	pos
ENRICH2_effects	0	0.7508276842293534	0.6889246150380167	sim10	rep1	rd3	pos
ROSACE_effects	0	0.7882833193312393	0.7087375041557917	sim10	rep1	rd3	pos
ROSACENP_effects	0	0.7557580605206649	0.6994822427563807	sim10	rep1	rd3	pos
SLR_effects	0	0.653296303668513	0.6943296426491066	sim10	rep1	rd3	pos
EDGER_effects	0	0.69791215957868	0.6940489469687049	sim10	rep1	rd3	pos
LIMMA_effects	0	0.723504936408757	0.6922666506693602	sim10	rep1	rd3	pos
DIMSUM_effects	0	0.4810729781116886	0.4859302393285024	sim10	rep1	rd3	pos
ENRICH2_effects	0	0.7355047285428975	0.647673768981033	sim2	rep1	rd3	pos
ROSACE_effects	0	0.7656786959500121	0.6648881150986453	sim2	rep1	rd3	pos
ROSACENP_effects	0	0.7327386157948217	0.6559655060902795	sim2	rep1	rd3	pos
SLR_effects	0	0.624509368323959	0.6515920436095892	sim2	rep1	rd3	pos
EDGER_effects	0	0.6727477907330484	0.6517369733142412	sim2	rep1	rd3	pos
LIMMA_effects	0	0.7089467812330819	0.6494337526548987	sim2	rep1	rd3	pos
DIMSUM_effects	0	0.4652970198510425	0.46562015789471417	sim2	rep1	rd3	pos
ENRICH2_effects	0	0.7358056275973119	0.6616298774031685	sim3	rep1	rd3	pos
ROSACE_effects	0	0.7672019935279454	0.6795877623484955	sim3	rep1	rd3	pos
ROSACENP_effects	0	0.7344131548242884	0.6707860600285308	sim3	rep1	rd3	pos
SLR_effects	0	0.6304697398296993	0.6662015866835316	sim3	rep1	rd3	pos
EDGER_effects	0	0.6776831085519289	0.666128892052778	sim3	rep1	rd3	pos
LIMMA_effects	0	0.7099587698418774	0.6632812476357873	sim3	rep1	rd3	pos
DIMSUM_effects	0	0.46767666593523366	0.4666086375017509	sim3	rep1	rd3	pos
ENRICH2_effects	0	0.7386260862396206	0.6554937960784455	sim4	rep1	rd3	pos
ROSACE_effects	0	0.768517223378466	0.6721760547574839	sim4	rep1	rd3	pos
ROSACENP_effects	0	0.7358602952654278	0.6639822341865889	sim4	rep1	rd3	pos
SLR_effects	0	0.6311060862128314	0.6594133108079578	sim4	rep1	rd3	pos
EDGER_effects	0	0.67994876592809	0.6593705116972003	sim4	rep1	rd3	pos
LIMMA_effects	0	0.707960701424103	0.6568942418031117	sim4	rep1	rd3	pos
DIMSUM_effects	0	0.4665570064476693	0.467771733436992	sim4	rep1	rd3	pos
ENRICH2_effects	0	0.7186192869373065	0.62979607333732	sim5	rep1	rd3	pos
ROSACE_effects	0	0.7545013039100913	0.6490566436770534	sim5	rep1	rd3	pos
ROSACENP_effects	0	0.719847691807623	0.6394398979967504	sim5	rep1	rd3	pos
SLR_effects	0	0.6086677267176694	0.6355311857982329	sim5	rep1	rd3	pos
EDGER_effects	0	0.6587286029662628	0.6353541872420537	sim5	rep1	rd3	pos
LIMMA_effects	0	0.6879514163893347	0.6319280533850258	sim5	rep1	rd3	pos
DIMSUM_effects	0	0.4484156781396874	0.4467857658823253	sim5	rep1	rd3	pos
ENRICH2_effects	0	0.7332435892382873	0.6410622621125108	sim6	rep1	rd3	pos
ROSACE_effects	0	0.7637431842168608	0.6595378870761248	sim6	rep1	rd3	pos
ROSACENP_effects	0	0.7283314582593324	0.649832157539593	sim6	rep1	rd3	pos
SLR_effects	0	0.6224076803707229	0.6456788597743338	sim6	rep1	rd3	pos
EDGER_effects	0	0.6713460281385257	0.6454049387968627	sim6	rep1	rd3	pos
LIMMA_effects	0	0.7020680748428547	0.6431872582796784	sim6	rep1	rd3	pos
DIMSUM_effects	0	0.4461205494215847	0.4442492222111056	sim6	rep1	rd3	pos
ENRICH2_effects	0	0.7461505443817386	0.6750544950580368	sim7	rep1	rd3	pos
ROSACE_effects	0	0.7822227904683423	0.6936136604174177	sim7	rep1	rd3	pos
ROSACENP_effects	0	0.7476074000713442	0.685112157359797	sim7	rep1	rd3	pos
SLR_effects	0	0.6455568056922151	0.6806487492646076	sim7	rep1	rd3	pos
EDGER_effects	0	0.6938648332454402	0.6801249878980647	sim7	rep1	rd3	pos
LIMMA_effects	0	0.7196607868290519	0.6778265379172257	sim7	rep1	rd3	pos
DIMSUM_effects	0	0.47532003485960606	0.4749790429042691	sim7	rep1	rd3	pos
ENRICH2_effects	0	0.7387807738704585	0.658493800638021	sim8	rep1	rd3	pos
ROSACE_effects	0	0.773644158870469	0.6773442906791454	sim8	rep1	rd3	pos
ROSACENP_effects	0	0.7393036149163116	0.6682840761712422	sim8	rep1	rd3	pos
SLR_effects	0	0.6337029180383106	0.6637109674957589	sim8	rep1	rd3	pos
EDGER_effects	0	0.6840812984688605	0.663792787187461	sim8	rep1	rd3	pos
LIMMA_effects	0	0.7121361451973647	0.6606000439812436	sim8	rep1	rd3	pos
DIMSUM_effects	1	0.4647780354830499	0.4634742811948606	sim8	rep1	rd3	pos
ENRICH2_effects	0	0.739577905016534	0.6659170302863502	sim9	rep1	rd3	pos
ROSACE_effects	0	0.7707041875552871	0.683804168547268	sim9	rep1	rd3	pos
ROSACENP_effects	0	0.7396247478315888	0.6748085268644134	sim9	rep1	rd3	pos
SLR_effects	0	0.6356231936742786	0.6703423990553502	sim9	rep1	rd3	pos
EDGER_effects	0	0.6825684846381967	0.6704946881460013	sim9	rep1	rd3	pos
LIMMA_effects	0	0.7103648855076726	0.6677556469624937	sim9	rep1	rd3	pos
DIMSUM_effects	0	0.4726303216913298	0.4732519508554869	sim9	rep1	rd3	pos
ENRICH2_effects	0	0.9145895932676732	0.6915030691732741	sim1	rep3	rd1	pos
ROSACE_effects	0	0.9510834959880902	0.6915471972125484	sim1	rep3	rd1	pos
ROSACENP_effects	0	0.9193026224311815	0.6915619225398162	sim1	rep3	rd1	pos
SLR_effects	0	0.9109495723987934	0.6914807068554788	sim1	rep3	rd1	pos
EDGER_effects	0	0.9153761453594238	0.6915344373227738	sim1	rep3	rd1	pos
LIMMA_effects	0	0.9109758359433444	0.6914801124289962	sim1	rep3	rd1	pos
DIMSUM_effects	0	0.9120236442529632	0.691491242027339	sim1	rep3	rd1	pos
ENRICH2_effects	0	0.9181559682826116	0.7141548654775446	sim10	rep3	rd1	pos
ROSACE_effects	0	0.9534755868131164	0.7142177801535182	sim10	rep3	rd1	pos
ROSACENP_effects	0	0.922718001794348	0.7142545726153138	sim10	rep3	rd1	pos
SLR_effects	0	0.9146143680299988	0.7141321906765715	sim10	rep3	rd1	pos
EDGER_effects	0	0.9180999960596627	0.7141345135750421	sim10	rep3	rd1	pos
LIMMA_effects	0	0.9146170423664064	0.7141344084658264	sim10	rep3	rd1	pos
DIMSUM_effects	0	0.9141029317529232	0.7140462935561773	sim10	rep3	rd1	pos
ENRICH2_effects	0	0.911681108589624	0.6692296314222363	sim2	rep3	rd1	pos
ROSACE_effects	0	0.9498342448915676	0.669260076613351	sim2	rep3	rd1	pos
ROSACENP_effects	0	0.9164583503888082	0.6692974616781587	sim2	rep3	rd1	pos
SLR_effects	0	0.9084672498211828	0.6692092275382197	sim2	rep3	rd1	pos
EDGER_effects	0	0.912392492814219	0.6692716226214801	sim2	rep3	rd1	pos
LIMMA_effects	0	0.908513587902826	0.6692100066151244	sim2	rep3	rd1	pos
DIMSUM_effects	0	0.9090024770817928	0.6692150017576969	sim2	rep3	rd1	pos
ENRICH2_effects	0	0.914263350386463	0.6841914417624564	sim3	rep3	rd1	pos
ROSACE_effects	0	0.9514307063195692	0.6842088404088372	sim3	rep3	rd1	pos
ROSACENP_effects	0	0.9193339593682416	0.684234636683925	sim3	rep3	rd1	pos
SLR_effects	0	0.9115056951422664	0.6841758441680842	sim3	rep3	rd1	pos
EDGER_effects	0	0.9149511429133332	0.6842191324464877	sim3	rep3	rd1	pos
LIMMA_effects	0	0.9115248175267414	0.6841792295540128	sim3	rep3	rd1	pos
DIMSUM_effects	0	0.9111679158164048	0.6841711782316521	sim3	rep3	rd1	pos
ENRICH2_effects	0	0.9143912894107212	0.6769392940780272	sim4	rep3	rd1	pos
ROSACE_effects	0	0.9516340531518546	0.6769960149767167	sim4	rep3	rd1	pos
ROSACENP_effects	0	0.9191853646641956	0.6769929534036601	sim4	rep3	rd1	pos
SLR_effects	0	0.91146621652822	0.6769227293844259	sim4	rep3	rd1	pos
EDGER_effects	0	0.9149210483021328	0.6769439858444171	sim4	rep3	rd1	pos
LIMMA_effects	0	0.9114933386278804	0.6769225797273658	sim4	rep3	rd1	pos
DIMSUM_effects	0	0.9113515631122816	0.6768750108069154	sim4	rep3	rd1	pos
ENRICH2_effects	0	0.9087661588494674	0.6534912660709307	sim5	rep3	rd1	pos
ROSACE_effects	0	0.94812655791745	0.6535122073053425	sim5	rep3	rd1	pos
ROSACENP_effects	0	0.9137920830749108	0.6535319487715138	sim5	rep3	rd1	pos
SLR_effects	0	0.9057568000250008	0.6534756156269813	sim5	rep3	rd1	pos
EDGER_effects	0	0.9100668508136294	0.6535348647366677	sim5	rep3	rd1	pos
LIMMA_effects	0	0.9057464461097215	0.6534753647979218	sim5	rep3	rd1	pos
DIMSUM_effects	0	0.9062275242485446	0.6535152303609093	sim5	rep3	rd1	pos
ENRICH2_effects	0	0.9108599397245088	0.6641229017178447	sim6	rep3	rd1	pos
ROSACE_effects	0	0.9493507039243364	0.6641144554808742	sim6	rep3	rd1	pos
ROSACENP_effects	0	0.9157724258074252	0.6641573954904676	sim6	rep3	rd1	pos
SLR_effects	0	0.9075219148949456	0.6641113506381324	sim6	rep3	rd1	pos
EDGER_effects	0	0.9118310604365968	0.6641375223220743	sim6	rep3	rd1	pos
LIMMA_effects	0	0.907569361285666	0.6641108047529065	sim6	rep3	rd1	pos
DIMSUM_effects	0	0.9075450951322354	0.6641106926910708	sim6	rep3	rd1	pos
ENRICH2_effects	0	0.9163076645001552	0.6984544457671849	sim7	rep3	rd1	pos
ROSACE_effects	0	0.9525107729147596	0.6985430604892842	sim7	rep3	rd1	pos
ROSACENP_effects	0	0.9209377012389924	0.6985431903723409	sim7	rep3	rd1	pos
SLR_effects	0	0.9127432681591492	0.6984323244079934	sim7	rep3	rd1	pos
EDGER_effects	0	0.9164394221011212	0.6984675428059463	sim7	rep3	rd1	pos
LIMMA_effects	0	0.9127738973482252	0.6984334517151634	sim7	rep3	rd1	pos
DIMSUM_effects	0	0.9118448419389056	0.6983629167854977	sim7	rep3	rd1	pos
ENRICH2_effects	0	0.914543630839378	0.681893865552622	sim8	rep3	rd1	pos
ROSACE_effects	0	0.9520178083616628	0.681907826292417	sim8	rep3	rd1	pos
ROSACENP_effects	0	0.9195548052152048	0.6819419949300897	sim8	rep3	rd1	pos
SLR_effects	0	0.9113623285981493	0.6818764549280598	sim8	rep3	rd1	pos
EDGER_effects	0	0.9154340693196956	0.6819348400281616	sim8	rep3	rd1	pos
LIMMA_effects	0	0.911383366493903	0.6818756198614893	sim8	rep3	rd1	pos
DIMSUM_effects	0	0.9113630472561728	0.6818862390103377	sim8	rep3	rd1	pos
ENRICH2_effects	0	0.9137823499146736	0.6889416919186125	sim9	rep3	rd1	pos
ROSACE_effects	0	0.9509356855068408	0.6890514277362715	sim9	rep3	rd1	pos
ROSACENP_effects	0	0.9181406854113566	0.6889857150078734	sim9	rep3	rd1	pos
SLR_effects	0	0.9101318031467324	0.688925385004373	sim9	rep3	rd1	pos
EDGER_effects	0	0.9143988836686644	0.6889762728277238	sim9	rep3	rd1	pos
LIMMA_effects	0	0.9101214177435648	0.6889281630548122	sim9	rep3	rd1	pos
DIMSUM_effects	0	0.91128834046194	0.6888936277004333	sim9	rep3	rd1	pos
ENRICH2_effects	0	0.8745644593532967	0.6894845269989393	sim1	rep3	rd3	pos
ROSACE_effects	0	0.918607554044216	0.6909055452086259	sim1	rep3	rd3	pos
ROSACENP_effects	0	0.8739064522344757	0.6906479030510839	sim1	rep3	rd3	pos
SLR_effects	0	0.8200259460152464	0.6904549843480096	sim1	rep3	rd3	pos
EDGER_effects	0	0.8627824123086847	0.6903716758147118	sim1	rep3	rd3	pos
LIMMA_effects	0	0.8623826739642435	0.6904271189976715	sim1	rep3	rd3	pos
DIMSUM_effects	0	0.6742184171524064	0.6199238176881128	sim1	rep3	rd3	pos
ENRICH2_effects	0	0.8851066976700331	0.7123830969594224	sim10	rep3	rd3	pos
ROSACE_effects	0	0.9256238568138138	0.713741088403225	sim10	rep3	rd3	pos
ROSACENP_effects	0	0.8836797542616669	0.7133826126250468	sim10	rep3	rd3	pos
SLR_effects	0	0.8337012991008621	0.7131438035655199	sim10	rep3	rd3	pos
EDGER_effects	0	0.87441048769409	0.7132716544129347	sim10	rep3	rd3	pos
LIMMA_effects	0	0.8736098515002716	0.7132588899216589	sim10	rep3	rd3	pos
DIMSUM_effects	0	0.6849438341686785	0.6401504235465822	sim10	rep3	rd3	pos
ENRICH2_effects	0	0.8680090369282544	0.6679412304094459	sim2	rep3	rd3	pos
ROSACE_effects	0	0.9146908741149642	0.6689003666330605	sim2	rep3	rd3	pos
ROSACENP_effects	0	0.8674501501053562	0.6687480692599479	sim2	rep3	rd3	pos
SLR_effects	0	0.8121023529787317	0.6686307134192733	sim2	rep3	rd3	pos
EDGER_effects	0	0.8589412676600995	0.6686419298044751	sim2	rep3	rd3	pos
LIMMA_effects	0	0.8583800814593502	0.6686591050503651	sim2	rep3	rd3	pos
DIMSUM_effects	0	0.6667183235944676	0.6054134267684581	sim2	rep3	rd3	pos
ENRICH2_effects	0	0.872328954902855	0.6825064573817871	sim3	rep3	rd3	pos
ROSACE_effects	0	0.9187792192499384	0.6837453150257542	sim3	rep3	rd3	pos
ROSACENP_effects	0	0.8729202813574536	0.6835185766392133	sim3	rep3	rd3	pos
SLR_effects	0	0.8183064971024544	0.6834080614292137	sim3	rep3	rd3	pos
EDGER_effects	0	0.8643706508486749	0.6833049286266087	sim3	rep3	rd3	pos
LIMMA_effects	0	0.8638562794410294	0.6834144917397666	sim3	rep3	rd3	pos
DIMSUM_effects	0	0.6695808624967794	0.6141756891327907	sim3	rep3	rd3	pos
ENRICH2_effects	0	0.8703658765526565	0.6750724725741014	sim4	rep3	rd3	pos
ROSACE_effects	0	0.9149742723391716	0.6763820350931925	sim4	rep3	rd3	pos
ROSACENP_effects	0	0.8686121660748548	0.6761302832010107	sim4	rep3	rd3	pos
SLR_effects	0	0.8124008305677352	0.6759900642085838	sim4	rep3	rd3	pos
EDGER_effects	0	0.8594955066296848	0.6760174960416409	sim4	rep3	rd3	pos
LIMMA_effects	0	0.8574274406968834	0.6760302473649868	sim4	rep3	rd3	pos
DIMSUM_effects	0	0.6611385018290992	0.602856885637652	sim4	rep3	rd3	pos
ENRICH2_effects	0	0.8611940996063234	0.6518617961657487	sim5	rep3	rd3	pos
ROSACE_effects	0	0.9088321674251034	0.6530162241513947	sim5	rep3	rd3	pos
ROSACENP_effects	0	0.8598357987788041	0.6526627414755952	sim5	rep3	rd3	pos
SLR_effects	0	0.8023296169848382	0.6524841489235729	sim5	rep3	rd3	pos
EDGER_effects	0	0.8539823262992778	0.6525664912401075	sim5	rep3	rd3	pos
LIMMA_effects	0	0.8493557794539214	0.652550761619544	sim5	rep3	rd3	pos
DIMSUM_effects	0	0.6506650755579875	0.5853213561311612	sim5	rep3	rd3	pos
ENRICH2_effects	0	0.867812682253675	0.6626192099111602	sim6	rep3	rd3	pos
ROSACE_effects	0	0.9103399058751472	0.6637502832860331	sim6	rep3	rd3	pos
ROSACENP_effects	0	0.8630894654871608	0.6636521955904001	sim6	rep3	rd3	pos
SLR_effects	0	0.8055514276017628	0.6634741812341286	sim6	rep3	rd3	pos
EDGER_effects	0	0.8575361359255496	0.663558192164807	sim6	rep3	rd3	pos
LIMMA_effects	0	0.8548272297004208	0.6635691646138521	sim6	rep3	rd3	pos
DIMSUM_effects	0	0.6588659231793931	0.5989291680238336	sim6	rep3	rd3	pos
ENRICH2_effects	0	0.8776407219029306	0.6966314590740033	sim7	rep3	rd3	pos
ROSACE_effects	0	0.9202682853023152	0.6979466076505945	sim7	rep3	rd3	pos
ROSACENP_effects	0	0.8766959305536712	0.6977116929536669	sim7	rep3	rd3	pos
SLR_effects	0	0.8228406587436354	0.6976279325112094	sim7	rep3	rd3	pos
EDGER_effects	0	0.8655455861204426	0.6975106030124317	sim7	rep3	rd3	pos
LIMMA_effects	0	0.8679328347417911	0.697610009271296	sim7	rep3	rd3	pos
DIMSUM_effects	0	0.6773113647269985	0.6261346940713683	sim7	rep3	rd3	pos
ENRICH2_effects	0	0.8724507845607385	0.6803192072440475	sim8	rep3	rd3	pos
ROSACE_effects	0	0.916175623452068	0.6814364879399057	sim8	rep3	rd3	pos
ROSACENP_effects	0	0.870816202556097	0.6812167546281598	sim8	rep3	rd3	pos
SLR_effects	0	0.8169537785913475	0.680924963944643	sim8	rep3	rd3	pos
EDGER_effects	0	0.8641378040834514	0.6809846967266351	sim8	rep3	rd3	pos
LIMMA_effects	0	0.8621285784859058	0.6810266022720688	sim8	rep3	rd3	pos
DIMSUM_effects	0	0.6735900327316545	0.6177772157225628	sim8	rep3	rd3	pos
ENRICH2_effects	0	0.87385844332156	0.6875739192649435	sim9	rep3	rd3	pos
ROSACE_effects	0	0.9197673424768784	0.6886005302427602	sim9	rep3	rd3	pos
ROSACENP_effects	0	0.8747042163887517	0.6886072519427746	sim9	rep3	rd3	pos
SLR_effects	0	0.8216201761802296	0.6885357588868689	sim9	rep3	rd3	pos
EDGER_effects	0	0.8652395431848147	0.6884844480947013	sim9	rep3	rd3	pos
LIMMA_effects	0	0.864514078361681	0.6885682030933099	sim9	rep3	rd3	pos
DIMSUM_effects	0	0.6706308948844285	0.6164643060290164	sim9	rep3	rd3	pos
